"","Sens_DR","Spec_DR","Number_recieving_MTC_care","proportion_died_before_discharge","proportion_died_between_discharge_and_1_year","Years_lived","undiscounted_QALYs","discounted_QALYs","undiscounted_Costs","discounted_Costs","proportion_ISS_over_16","proportion_ISS_over_8_under_16"
"sens_100_spec_3",0.997756841633019,0.0242852751306486,0.97768,0.04092,0.0178,32.8133470281077,26.0584709654488,13.7288752873026,61688.3404011853,34889.4525847409,0.08916,0.14768
"sens_95_spec_19",0.964558097801705,0.17834087216196,0.8344,0.04096,0.01792,32.8093798689847,26.0556361178299,13.727130364526,61613.8397057313,34830.412005528,0.08916,0.14768
"sens_90_spec_58",0.938088829071332,0.565148653989724,0.47972,0.04104,0.01808,32.8041843822426,26.0520432106401,13.7249769028816,61462.5873618318,34704.7205855638,0.08916,0.14768
"sens_88_spec_63",0.921938088829071,0.606560976680866,0.44056,0.04104,0.01812,32.8021691736938,26.0505618397893,13.724259286691,61433.1296621527,34685.0650404393,0.08916,0.14768
"sens_75_spec_66",0.83490354419022,0.633173773659479,0.40856,0.04124,0.01824,32.796624254756,26.0466480864051,13.7218936200933,61345.1121103876,34620.9480001575,0.08916,0.14768
"sens_70_spec_70",0.799013010318528,0.674761758376883,0.36748,0.04144,0.01828,32.7943703159181,26.0450718724374,13.720777952282,61299.617102772,34583.3697019147,0.08916,0.14768
"sens_64_spec_76",0.761327949753253,0.7328180580563,0.31124,0.04164,0.01836,32.7888493239945,26.0411093683427,13.7185598531661,61221.4615972067,34530.5721848138,0.08916,0.14768
"sens_57_spec_80",0.708838043965904,0.768257871854552,0.27428,0.04196,0.0184,32.7818438079811,26.0361479620066,13.7158569672707,61122.7436322488,34470.6178106888,0.08916,0.14768
"sens_28_spec_89",0.519964109466128,0.847393614685345,0.18536,0.04224,0.01868,32.7746020158508,26.03110559872,13.712569300883,60970.5108726102,34352.3640549803,0.08916,0.14768
