"","Sens_DR","Spec_DR","Number_recieving_MTC_care","proportion_died_before_discharge","proportion_died_between_discharge_and_1_year","Years_lived","undiscounted_QALYs","discounted_QALYs","undiscounted_Costs","discounted_Costs","proportion_ISS_over_16","proportion_ISS_over_8_under_16"
"sens_100_spec_3",0.997756841633019,0.0242852751306486,0.97768,0.04328,0.0178,32.7825046315704,26.0369904313963,13.7148023817524,61309.9724652248,34648.2807860998,0.08916,0.14768
"sens_95_spec_19",0.964558097801705,0.17834087216196,0.8344,0.0434,0.01792,32.7773711607737,26.0334028165958,13.7124641332624,61217.906030389,34576.0840771586,0.08916,0.14768
"sens_90_spec_58",0.938088829071332,0.565148653989724,0.47972,0.04352,0.01808,32.774012034969,26.0311299713418,13.7108339806852,61082.8297729333,34454.5525664262,0.08916,0.14768
"sens_88_spec_63",0.921938088829071,0.606560976680866,0.44056,0.04364,0.01812,32.7680954533922,26.0268391315287,13.7084136223036,61015.635213516,34414.386353904,0.08916,0.14768
"sens_75_spec_66",0.83490354419022,0.633173773659479,0.40856,0.04392,0.01824,32.7587629915975,26.0201879916013,13.7044794376317,60893.0925194039,34332.8101196579,0.08916,0.14768
"sens_70_spec_70",0.799013010318528,0.674761758376883,0.36748,0.04396,0.01828,32.7573068988804,26.0191216336039,13.7038172528661,60861.013731513,34306.040106433,0.08916,0.14768
"sens_64_spec_76",0.761327949753253,0.7328180580563,0.31124,0.044,0.01836,32.7560408413559,26.0182473668385,13.7032371130802,60824.7616407879,34275.4005898274,0.08916,0.14768
"sens_57_spec_80",0.708838043965904,0.768257871854552,0.27428,0.04428,0.0184,32.7500544611268,26.0140347405139,13.7006948094893,60738.3154087207,34218.0534502547,0.08916,0.14768
"sens_28_spec_89",0.519964109466128,0.847393614685345,0.18536,0.045,0.01864,32.7372881815658,26.0051417175266,13.6946767100468,60520.7307286691,34053.3157474106,0.08916,0.14768
