"","Sens_DR","Spec_DR","Number_recieving_MTC_care","proportion_died_before_discharge","proportion_died_between_discharge_and_1_year","Years_lived","undiscounted_QALYs","discounted_QALYs","undiscounted_Costs","discounted_Costs","proportion_ISS_over_16","proportion_ISS_over_8_under_16"
"sens_100_spec_3",0.998332406892718,0.0236800175814516,0.9783,0.0425,0.0173,32.1134800088368,25.6700203270543,13.6236937606832,57922.8499337767,32963.8072913669,0.08995,0.147
"sens_95_spec_19",0.9633129516398,0.177078182517444,0.83555,0.0426,0.0174,32.1095540458662,25.6671292562706,13.6218942836787,57853.006499973,32905.6531781382,0.08995,0.147
"sens_90_spec_58",0.936075597554197,0.552606999615406,0.49135,0.04275,0.0174,32.1069097096481,25.6652177179417,13.6208898984521,57742.926098366,32808.1194115981,0.08995,0.147
"sens_88_spec_63",0.915508615897721,0.596835338717653,0.44925,0.04275,0.0175,32.1030389549261,25.6623856654666,13.6193694437774,57697.8554949674,32781.0586984657,0.08995,0.147
"sens_75_spec_66",0.828793774319066,0.622932805889786,0.4177,0.0431,0.0176,32.0985198084053,25.6592300784704,13.6170628207736,57620.7993818349,32718.0599621877,0.08995,0.147
"sens_70_spec_70",0.791550861589772,0.666391956485907,0.3748,0.0432,0.01765,32.0957861458787,25.6572764555987,13.6159278740113,57576.4164826596,32685.1521577502,0.08995,0.147
"sens_64_spec_76",0.759866592551417,0.724410746662271,0.31915,0.0433,0.0177,32.0923512231692,25.6548282567655,13.6147410580943,57519.8329511268,32651.2846317275,0.08995,0.147
"sens_57_spec_80",0.712618121178432,0.761826273281688,0.28085,0.04335,0.01775,32.0910454138242,25.6539144045769,13.6140140554553,57487.5274485037,32621.865480092,0.08995,0.147
"sens_28_spec_89",0.521400778210117,0.842096588099555,0.1906,0.04385,0.01795,32.0833054724166,25.6485542389268,13.6101829380107,57327.3302292613,32490.505181235,0.08995,0.147
