"","Sens_DR","Spec_DR","Number_recieving_MTC_care","proportion_died_before_discharge","proportion_died_between_discharge_and_1_year","Years_lived","undiscounted_QALYs","discounted_QALYs","undiscounted_Costs","discounted_Costs","proportion_ISS_over_16","proportion_ISS_over_8_under_16"
"sens_100_spec_3",0.998332406892718,0.0236800175814516,0.9783,0.0272,0.0176,32.3612790053941,25.8634342741801,13.7404135148468,58886.7791380436,33571.3278129389,0.08995,0.147
"sens_95_spec_19",0.9633129516398,0.177078182517444,0.83555,0.02725,0.0177,32.3588829391323,25.8617331264719,13.7393549672115,58823.6192258062,33517.0195722859,0.08995,0.147
"sens_90_spec_58",0.936075597554197,0.552606999615406,0.49135,0.0273,0.0177,32.3580869589425,25.8611941553961,13.7389385714578,58732.001625171,33427.8244840197,0.08995,0.147
"sens_88_spec_63",0.915508615897721,0.596835338717653,0.44925,0.0273,0.0178,32.3542162042205,25.858362102921,13.737418116783,58686.9310217723,33400.7637708873,0.08995,0.147
"sens_75_spec_66",0.828793774319066,0.622932805889786,0.4177,0.0277,0.01785,32.349203631995,25.8548504419427,13.7348025328124,58602.6851957575,33332.3082429105,0.08995,0.147
"sens_70_spec_70",0.791550861589772,0.666391956485907,0.3748,0.0278,0.0179,32.3463288450848,25.8528139403098,13.7335937753186,58556.0179468802,33297.2776665538,0.08995,0.147
"sens_64_spec_76",0.759866592551417,0.724410746662271,0.31915,0.02805,0.01795,32.3422698896012,25.8499644096669,13.7320873734229,58488.3236624015,33255.694131935,0.08995,0.147
"sens_57_spec_80",0.712618121178432,0.761826273281688,0.28085,0.0282,0.018,32.3407244907996,25.8488937604139,13.7312104928199,58450.4251810549,33221.948385676,0.08995,0.147
"sens_28_spec_89",0.521400778210117,0.842096588099555,0.1906,0.02855,0.0182,32.328683572806,25.8404812367681,13.7262285048794,58252.0058727241,33082.8077312961,0.08995,0.147
