LAS_SENS,LAS_SPEC,MATTSP3_SENS,MATTSP3_SPEC,SWAS_SENS,SWAS_SPEC,WMAS_SENS,WMAS_SPEC,YAS_SENS,YAS_SPEC
0.511,0.83,0.498,0.887,0.233,0.895,0.536,0.911,0.458,0.905
0.493243243,0.830769231,0.519138756,0.890302613,0.261363636,0.904656319,0.5,0.931182796,0.45398773,0.924757282
0.532374101,0.840517241,0.552429668,0.890055438,0.219251337,0.881818182,0.518987342,0.923404255,0.393548387,0.9
0.52173913,0.802150538,0.492385787,0.886555447,0.222857143,0.915929204,0.468899522,0.897590361,0.423312883,0.912621359
0.552447552,0.815217391,0.498753117,0.883375055,0.272151899,0.893390192,0.50209205,0.91025641,0.516556291,0.893867925
0.558441558,0.844097996,0.478494624,0.88334477,0.24375,0.882226981,0.540540541,0.925773196,0.446666667,0.910588235
0.465753425,0.838074398,0.513189448,0.886083411,0.243902439,0.928909953,0.543568465,0.927038627,0.432624113,0.894009217
0.493333333,0.834437086,0.483290488,0.890115281,0.259887006,0.893333333,0.507246377,0.908,0.467105263,0.917257683
0.496688742,0.85619469,0.535532995,0.884936212,0.183908046,0.894039735,0.530973451,0.925155925,0.450331126,0.912735849
0.54,0.830022075,0.525925926,0.885217733,0.24260355,0.895196507,0.573991031,0.894628099,0.451807229,0.88997555
0.413580247,0.807256236,0.505076142,0.888861629,0.204301075,0.918367347,0.552380952,0.905432596,0.493421053,0.907801418
0.448529412,0.826552463,0.503562945,0.886847148,0.240740741,0.883870968,0.530232558,0.920731707,0.473684211,0.886138614
0.503496503,0.839130435,0.513924051,0.884292654,0.231213873,0.887665198,0.545023697,0.915322581,0.522727273,0.902255639
0.485207101,0.820276498,0.483091787,0.882465619,0.211428571,0.882743363,0.474576271,0.906581741,0.453947368,0.905437352
0.5,0.855875831,0.509708738,0.89043316,0.203296703,0.876404494,0.570754717,0.915151515,0.503496503,0.895833333
0.408163265,0.859649123,0.537037037,0.881055109,0.238095238,0.885844749,0.611111111,0.893909627,0.489932886,0.901408451
0.568627451,0.815555556,0.492385787,0.885132483,0.25136612,0.900900901,0.495762712,0.910828025,0.460431655,0.883027523
0.489932886,0.801762115,0.496332518,0.885342499,0.273809524,0.877995643,0.471794872,0.91015625,0.516339869,0.914691943
0.474025974,0.801781737,0.451851852,0.890716285,0.198924731,0.888888889,0.53271028,0.884381339,0.452830189,0.882211538
0.53125,0.858947368,0.515957447,0.88748897,0.298969072,0.879907621,0.544247788,0.9002079,0.44516129,0.919047619
0.607594937,0.824719101,0.502617801,0.880933699,0.289940828,0.886462882,0.583333333,0.897216274,0.429487179,0.928400955
0.446808511,0.859307359,0.490153173,0.887138849,0.222222222,0.906040268,0.445,0.901380671,0.43902439,0.897810219
0.553846154,0.826638478,0.496314496,0.883880788,0.184357542,0.904017857,0.502262443,0.925925926,0.509433962,0.911057692
0.528169014,0.845986985,0.488262911,0.884018085,0.197802198,0.896629213,0.502183406,0.905857741,0.446540881,0.894230769
0.539473684,0.860310421,0.516372796,0.89036659,0.296703297,0.896629213,0.554112554,0.915966387,0.409638554,0.899755501
0.510948905,0.858369099,0.484184915,0.884692825,0.207446809,0.883826879,0.515151515,0.921414538,0.50887574,0.921182266
0.553846154,0.854122622,0.523923445,0.886028689,0.198863636,0.871396896,0.462184874,0.91684435,0.46,0.910588235
0.489655172,0.851528384,0.483790524,0.890688657,0.213114754,0.912162162,0.518918919,0.902298851,0.43373494,0.904645477
0.535031847,0.834080717,0.540342298,0.889663639,0.216666667,0.890380313,0.549763033,0.907258065,0.46,0.92
0.470967742,0.814732143,0.516049383,0.890961756,0.223404255,0.892938497,0.504464286,0.919254658,0.477987421,0.911057692
0.576388889,0.854030501,0.47113164,0.890025073,0.213114754,0.900900901,0.55982906,0.932346723,0.474358974,0.909307876
0.509933775,0.798672566,0.526829268,0.886564526,0.17816092,0.91611479,0.512195122,0.896414343,0.509933775,0.938679245
0.451612903,0.823660714,0.511299435,0.888197845,0.25,0.914221219,0.556074766,0.890466531,0.5125,0.901204819
0.457746479,0.843817787,0.514218009,0.890330189,0.247474747,0.8997669,0.497797357,0.897916667,0.370860927,0.900943396
0.56,0.847682119,0.502604167,0.888769004,0.24852071,0.903930131,0.513513514,0.915463918,0.46969697,0.911963883
0.507042254,0.848156182,0.445255474,0.887933998,0.202531646,0.904051173,0.535545024,0.905241935,0.530487805,0.878345499
0.515625,0.858947368,0.476658477,0.890558256,0.259259259,0.875268817,0.550847458,0.900212314,0.481012658,0.925659472
0.549668874,0.814159292,0.471153846,0.886187248,0.209944751,0.890134529,0.50862069,0.911578947,0.486486486,0.887587822
0.557823129,0.837719298,0.533653846,0.883534728,0.229508197,0.891891892,0.516431925,0.917004049,0.5,0.905236908
0.496774194,0.819196429,0.482926829,0.892015321,0.272727273,0.875,0.543478261,0.895178197,0.476510067,0.889671362
0.506756757,0.832967033,0.498789346,0.886547812,0.302197802,0.86741573,0.527272727,0.90349076,0.492857143,0.908045977
0.5125,0.844243792,0.526190476,0.886803577,0.209677419,0.931972789,0.495495495,0.931958763,0.448979592,0.894859813
0.551020408,0.833333333,0.502747253,0.885595296,0.285714286,0.918141593,0.488,0.912472648,0.46,0.896470588
0.511627907,0.833333333,0.501392758,0.887190791,0.256157635,0.879716981,0.575471698,0.927272727,0.480769231,0.894988067
0.548611111,0.834422658,0.494818653,0.890670983,0.278409091,0.900221729,0.536363636,0.90349076,0.391891892,0.913348946
0.533333333,0.830022075,0.484184915,0.886411629,0.205405405,0.886877828,0.538461538,0.917835671,0.437037037,0.890909091
0.521428571,0.850971922,0.502512563,0.885502552,0.186746988,0.889370933,0.520661157,0.91827957,0.401360544,0.876168224
0.509677419,0.801339286,0.517766497,0.888272816,0.220779221,0.89640592,0.512711864,0.919320594,0.454545455,0.878859857
0.533333333,0.85209713,0.496368039,0.887038947,0.244897959,0.890951276,0.552995392,0.912244898,0.520833333,0.909512761
0.496453901,0.833333333,0.511961722,0.883719788,0.265060241,0.898047722,0.548837209,0.914634146,0.494318182,0.902255639
0.496774194,0.852678571,0.537209302,0.88517499,0.24375,0.888650964,0.53877551,0.906926407,0.463576159,0.884433962
0.443661972,0.811279826,0.488833747,0.888861617,0.273255814,0.905494505,0.559322034,0.898089172,0.391566265,0.909535452
0.438709677,0.810267857,0.519280206,0.886337994,0.271676301,0.885462555,0.546610169,0.912951168,0.450331126,0.903301887
0.519480519,0.828507795,0.507575758,0.885808225,0.2,0.904977376,0.606481481,0.904276986,0.461538462,0.923664122
0.546099291,0.837662338,0.524752475,0.888905253,0.247058824,0.903719912,0.545045045,0.907216495,0.414473684,0.910165485
0.54375,0.848758465,0.498789346,0.885172634,0.167539267,0.892201835,0.546728972,0.929006085,0.490566038,0.894230769
0.553333333,0.845474614,0.492537313,0.887590811,0.196319018,0.890086207,0.515418502,0.90625,0.481751825,0.917808219
0.438709677,0.845982143,0.530413625,0.884987477,0.162921348,0.906458797,0.528138528,0.928571429,0.424836601,0.900473934
0.542253521,0.826464208,0.443213296,0.88835546,0.205882353,0.894967177,0.568965517,0.913684211,0.482758621,0.920930233
0.509677419,0.848214286,0.530120482,0.884768407,0.18404908,0.915948276,0.56744186,0.910569106,0.425149701,0.892156863
0.516129032,0.799107143,0.513381995,0.890143888,0.305555556,0.917225951,0.509881423,0.911894273,0.5,0.934731935
0.563758389,0.830396476,0.521303258,0.883730061,0.303664921,0.901376147,0.601731602,0.920168067,0.432835821,0.888888889
0.459259259,0.822649573,0.506976744,0.886502163,0.239361702,0.883826879,0.526548673,0.912681913,0.430555556,0.872389791
0.516129032,0.852678571,0.507829978,0.887883111,0.26035503,0.879912664,0.462809917,0.905376344,0.506329114,0.889688249
0.608695652,0.832258065,0.447795824,0.884972718,0.229885057,0.896247241,0.524017467,0.914225941,0.520231214,0.907960199
0.458333333,0.82788671,0.492957746,0.88215058,0.226744186,0.892307692,0.536480687,0.91350211,0.506097561,0.900243309
0.607692308,0.835095137,0.540942928,0.88861617,0.23857868,0.897674419,0.538461538,0.91563786,0.448275862,0.913953488
0.536423841,0.85840708,0.485861183,0.884326711,0.278409091,0.911308204,0.564655172,0.905263158,0.50887574,0.891625616
0.532374101,0.82112069,0.495121951,0.885533294,0.214285714,0.898876404,0.50462963,0.906313646,0.441558442,0.895486936
0.520547945,0.838074398,0.493917275,0.885773216,0.320855615,0.890909091,0.482142857,0.910973085,0.496932515,0.917475728
0.615384615,0.826638478,0.507352941,0.884808013,0.218390805,0.938189845,0.525821596,0.908906883,0.489932886,0.88028169
0.523489933,0.817180617,0.497395833,0.887542913,0.212765957,0.856492027,0.518987342,0.919148936,0.398648649,0.899297424
0.513513514,0.837362637,0.504830918,0.887868369,0.203592814,0.908695652,0.541284404,0.90797546,0.483660131,0.912322275
0.470588235,0.813333333,0.507109005,0.886890723,0.190721649,0.909930716,0.560344828,0.882105263,0.434210526,0.93144208
0.434782609,0.851612903,0.467362924,0.888038841,0.272727273,0.870454545,0.589519651,0.905857741,0.462068966,0.906976744
0.483660131,0.835555556,0.518337408,0.887945004,0.207253886,0.905529954,0.535211268,0.906882591,0.424836601,0.902843602
0.506493506,0.83518931,0.487864078,0.883852274,0.213903743,0.915909091,0.52293578,0.887525562,0.492957746,0.893764434
0.489795918,0.822368421,0.497641509,0.886044226,0.255434783,0.889390519,0.518072289,0.908296943,0.477124183,0.936018957
0.496453901,0.857142857,0.490243902,0.884305637,0.211111111,0.901565996,0.572072072,0.915463918,0.524137931,0.911627907
0.447761194,0.837953092,0.494444444,0.887675125,0.216666667,0.899328859,0.50877193,0.918580376,0.463087248,0.91314554
0.488888889,0.841880342,0.487046632,0.885275652,0.220858896,0.881465517,0.480686695,0.911392405,0.489795918,0.91588785
0.503496503,0.854347826,0.510948905,0.886853607,0.149700599,0.910869565,0.523364486,0.892494929,0.420289855,0.935926773
0.560810811,0.815384615,0.508241758,0.884419402,0.24025974,0.894291755,0.583333333,0.906560636,0.48427673,0.915865385
0.577464789,0.837310195,0.513002364,0.884723109,0.256281407,0.89953271,0.521367521,0.906976744,0.423357664,0.915525114
0.521428571,0.82937365,0.532133676,0.888447388,0.226993865,0.885775862,0.473684211,0.917391304,0.413580247,0.895883777
0.524137931,0.818777293,0.518987342,0.88650081,0.23880597,0.906103286,0.533936652,0.893004115,0.438596491,0.905940594
0.448979592,0.824561404,0.502427184,0.88414694,0.269005848,0.888157895,0.56,0.904564315,0.410596026,0.908018868
0.531468531,0.832608696,0.524804178,0.884654995,0.316939891,0.907657658,0.513043478,0.905660377,0.432835821,0.902494331
0.484615385,0.818181818,0.431421446,0.886565552,0.255681818,0.89578714,0.469194313,0.911290323,0.461538462,0.918854415
0.515151515,0.800424628,0.475845411,0.885265226,0.238095238,0.891067538,0.532967033,0.912380952,0.451388889,0.890951276
0.553333333,0.841059603,0.469656992,0.885413091,0.196808511,0.908883827,0.534031414,0.906976744,0.445783133,0.902200489
0.58490566,0.801801802,0.498694517,0.88524349,0.226519337,0.890134529,0.566037736,0.919191919,0.50310559,0.90821256
0.48,0.841059603,0.482269504,0.889538598,0.25,0.90712743,0.584033613,0.895522388,0.453947368,0.90070922
0.450331126,0.836283186,0.435028249,0.889618022,0.228915663,0.882863341,0.488584475,0.913934426,0.55483871,0.895238095
0.53030303,0.859872611,0.527577938,0.888932554,0.234042553,0.913439636,0.497777778,0.890041494,0.517241379,0.913953488
0.529801325,0.809734513,0.525906736,0.886452815,0.295698925,0.891156463,0.587378641,0.902195609,0.430232558,0.903225806
0.49044586,0.834080717,0.546365915,0.887705521,0.183783784,0.893665158,0.556053812,0.900826446,0.418300654,0.90521327
0.465277778,0.82788671,0.475452196,0.889243145,0.196319018,0.885775862,0.490825688,0.924335378,0.465838509,0.922705314
0.450331126,0.829646018,0.491139241,0.886893371,0.274390244,0.915766739,0.552301255,0.901709402,0.49132948,0.917910448
0.517985612,0.836206897,0.498637602,0.886950556,0.235602094,0.905963303,0.53909465,0.918103448,0.447368421,0.895981087
0.494047619,0.848275862,0.45112782,0.891533742,0.223404255,0.917995444,0.521929825,0.903966597,0.378378378,0.941451991
0.542253521,0.802603037,0.541353383,0.887411043,0.195652174,0.884875847,0.530434783,0.901467505,0.422818792,0.915492958
0.503759398,0.857446809,0.476821192,0.883814773,0.239130435,0.896162528,0.55,0.914346895,0.387283237,0.885572139
0.55,0.835853132,0.484486874,0.882928028,0.196319018,0.894396552,0.478448276,0.901052632,0.465838509,0.884057971
0.446808511,0.83982684,0.539192399,0.884095711,0.216374269,0.903508772,0.515981735,0.909836066,0.48125,0.906024096
0.492857143,0.81425486,0.526829268,0.883470831,0.278787879,0.904761905,0.511013216,0.922916667,0.481707317,0.856447689
0.532374101,0.80387931,0.488491049,0.887651474,0.239583333,0.896551724,0.560538117,0.907024793,0.427631579,0.872340426
0.544303797,0.849438202,0.455958549,0.889150481,0.22147651,0.912133891,0.502145923,0.907172996,0.466666667,0.917073171
0.54887218,0.829787234,0.561085973,0.887271296,0.202185792,0.88963964,0.497630332,0.919354839,0.426356589,0.910313901
0.4609375,0.818947368,0.477653631,0.886804467,0.198019802,0.863529412,0.581395349,0.884146341,0.435064935,0.914489311
0.49689441,0.84841629,0.449877751,0.890793027,0.245810056,0.912946429,0.526785714,0.935817805,0.489361702,0.896313364
0.548780488,0.854214123,0.470731707,0.886466313,0.22,0.913348946,0.527027027,0.913402062,0.405228758,0.917061611
0.517482517,0.815217391,0.505050505,0.886397095,0.26344086,0.886621315,0.521929825,0.908141962,0.417266187,0.892201835
0.380645161,0.850446429,0.496453901,0.884968798,0.215053763,0.87755102,0.537117904,0.920502092,0.424836601,0.895734597
0.506849315,0.811816193,0.481220657,0.88637704,0.201117318,0.897321429,0.569620253,0.934042553,0.510344828,0.893023256
0.469798658,0.834801762,0.480093677,0.888583084,0.236453202,0.882075472,0.517391304,0.92033543,0.408805031,0.923076923
0.524096386,0.837528604,0.526448363,0.886882269,0.252941176,0.899343545,0.508264463,0.909677419,0.428571429,0.891954023
0.496855346,0.824324324,0.455958549,0.885717088,0.255952381,0.882352941,0.539170507,0.924489796,0.512987013,0.912114014
0.514925373,0.837953092,0.468193384,0.886806339,0.262857143,0.889380531,0.417021277,0.898305085,0.461538462,0.918854415
0.552238806,0.799573561,0.503562945,0.884292242,0.246073298,0.873853211,0.57079646,0.898128898,0.470198675,0.919811321
0.453416149,0.814479638,0.521640091,0.884779936,0.256157635,0.900943396,0.556603774,0.901010101,0.429447853,0.939320388
0.485074627,0.829424307,0.458438287,0.889483241,0.305389222,0.917391304,0.555045872,0.922290389,0.486111111,0.890951276
0.482142857,0.804597701,0.506426735,0.889624724,0.175438596,0.905701754,0.50212766,0.927966102,0.5,0.894484412
0.52,0.836644592,0.479217604,0.890154677,0.257142857,0.918141593,0.580952381,0.929577465,0.475,0.877108434
0.5,0.862921348,0.49009901,0.888414335,0.127071823,0.872197309,0.573839662,0.90212766,0.462962963,0.86440678
0.493243243,0.83956044,0.497652582,0.88829369,0.209183673,0.918793503,0.574879227,0.926,0.489361702,0.914746544
0.452054795,0.807439825,0.466346154,0.888348561,0.216049383,0.877419355,0.536885246,0.913606911,0.423312883,0.922330097
0.481203008,0.808510638,0.492890995,0.886251965,0.208955224,0.884976526,0.513513514,0.915463918,0.464705882,0.913580247
0.539473684,0.827050998,0.524271845,0.889058049,0.23255814,0.881318681,0.555555556,0.90989011,0.453947368,0.895981087
0.525547445,0.815450644,0.481981982,0.885882932,0.243093923,0.899103139,0.517699115,0.9002079,0.375,0.916473318
0.524475524,0.813043478,0.469333333,0.886072847,0.185897436,0.887473461,0.52244898,0.904761905,0.408536585,0.902676399
0.546052632,0.802660754,0.50245098,0.889227143,0.23,0.908665105,0.550847458,0.904458599,0.48,0.894117647
0.486486486,0.859340659,0.532879819,0.890375252,0.246666667,0.886792453,0.495495495,0.936082474,0.397163121,0.910138249
0.550724638,0.806451613,0.475949367,0.88659895,0.261306533,0.904205607,0.545454545,0.877419355,0.45751634,0.917061611
0.574074074,0.825396825,0.509043928,0.886839653,0.256684492,0.895454545,0.562770563,0.915966387,0.472222222,0.914153132
0.476510067,0.834801762,0.474299065,0.888872506,0.25,0.901960784,0.551219512,0.914342629,0.531468531,0.895833333
0.527777778,0.832244009,0.48974359,0.890060832,0.236263736,0.885393258,0.511848341,0.921370968,0.512345679,0.898305085
0.546099291,0.848484848,0.491566265,0.885505182,0.229591837,0.86774942,0.534653465,0.899009901,0.463087248,0.903755869
0.547297297,0.810989011,0.484536082,0.887079368,0.203296703,0.86741573,0.526548673,0.910602911,0.475862069,0.9
0.464968153,0.83632287,0.487113402,0.886049249,0.219895288,0.910550459,0.518987342,0.908510638,0.525,0.893975904
0.493333333,0.794701987,0.520304569,0.888763494,0.255813953,0.887912088,0.553571429,0.894409938,0.452054795,0.906759907
0.451388889,0.819172113,0.489311164,0.884980101,0.18079096,0.871111111,0.566371681,0.925155925,0.405063291,0.899280576
0.532374101,0.849137931,0.503667482,0.889074392,0.220338983,0.88,0.531818182,0.940451745,0.416666667,0.899262899
0.578947368,0.829268293,0.526582278,0.885617547,0.232044199,0.926008969,0.561403509,0.918580376,0.452054795,0.913752914
0.522292994,0.825112108,0.494004796,0.886672889,0.251461988,0.912280702,0.526785714,0.915113872,0.422619048,0.906633907
0.540372671,0.821266968,0.52173913,0.888064833,0.211956522,0.909706546,0.53539823,0.904365904,0.466216216,0.920374707
0.529411765,0.815555556,0.478494624,0.886922851,0.233918129,0.888157895,0.5375,0.920770878,0.482758621,0.902325581
0.54676259,0.816810345,0.49127182,0.88632013,0.260115607,0.883259912,0.569444444,0.920570265,0.405882353,0.879012346
0.532846715,0.824034335,0.528455285,0.884097035,0.211111111,0.919463087,0.584474886,0.903688525,0.522012579,0.923076923
0.510204082,0.796052632,0.531806616,0.883371768,0.278947368,0.899313501,0.585152838,0.928870293,0.435897436,0.892601432
0.506024096,0.837528604,0.513586957,0.885964912,0.252688172,0.891156463,0.521126761,0.914979757,0.55625,0.903614458
0.571428571,0.833333333,0.475065617,0.889128623,0.261780105,0.878440367,0.569620253,0.889361702,0.452054795,0.923076923
0.496774194,0.84375,0.487244898,0.886026886,0.226519337,0.892376682,0.517699115,0.929313929,0.388535032,0.906698565
0.481927711,0.819221968,0.515294118,0.884859207,0.240437158,0.914414414,0.52,0.910788382,0.435064935,0.881235154
0.509090909,0.824200913,0.492788462,0.885794282,0.225274725,0.88988764,0.589285714,0.902691511,0.482142857,0.916461916
0.510638298,0.813852814,0.482142857,0.884849377,0.208333333,0.912854031,0.560386473,0.912,0.417647059,0.89382716
0.523809524,0.820175439,0.485,0.883969765,0.257731959,0.886836028,0.557603687,0.924489796,0.434482759,0.897674419
0.510638298,0.837662338,0.515,0.891479336,0.188888889,0.868008949,0.522727273,0.924024641,0.447852761,0.912621359
0.523809524,0.813596491,0.536585366,0.885077187,0.251428571,0.882743363,0.527272727,0.90349076,0.440251572,0.90625
0.517730496,0.82034632,0.450632911,0.886157319,0.258064516,0.891156463,0.581081081,0.915463918,0.450331126,0.884433962
0.46031746,0.825995807,0.493506494,0.88788072,0.226804124,0.905311778,0.506224066,0.91416309,0.352941176,0.912322275
0.5,0.841163311,0.464190981,0.884492818,0.283236994,0.881057269,0.488038278,0.909638554,0.374233129,0.888349515
0.473684211,0.847006652,0.479591837,0.88676283,0.274725275,0.892134831,0.482587065,0.934782609,0.476190476,0.897196262
0.439189189,0.857142857,0.527777778,0.892433016,0.232954545,0.880266075,0.548837209,0.926829268,0.519480519,0.909738717
0.554744526,0.826180258,0.488549618,0.888425494,0.179775281,0.926503341,0.548245614,0.893528184,0.462068966,0.9
0.478787879,0.824200913,0.496296296,0.883794001,0.220930233,0.892307692,0.552631579,0.924843424,0.440251572,0.908653846
0.496453901,0.829004329,0.486486486,0.886041145,0.221052632,0.913043478,0.567961165,0.938123752,0.426829268,0.914841849
0.551020408,0.826754386,0.518918919,0.888943344,0.224137931,0.860927152,0.525821596,0.927125506,0.433333333,0.922352941
0.573248408,0.84529148,0.511749347,0.889313913,0.215469613,0.905829596,0.560386473,0.9,0.411392405,0.904076739
0.519685039,0.817226891,0.459459459,0.889531464,0.235955056,0.886414254,0.559633028,0.920245399,0.513333333,0.908235294
0.520547945,0.84463895,0.497596154,0.88628549,0.252873563,0.922737307,0.543269231,0.901803607,0.45505618,0.899244332
0.445205479,0.824945295,0.505,0.888190831,0.267045455,0.909090909,0.521929825,0.912317328,0.497076023,0.930693069
0.55033557,0.841409692,0.472295515,0.886638882,0.248648649,0.902714932,0.573275862,0.909473684,0.486666667,0.905882353
0.368421053,0.869179601,0.489361702,0.886753603,0.228571429,0.904867257,0.561702128,0.923728814,0.506944444,0.918793503
0.523255814,0.837587007,0.464953271,0.889118254,0.283870968,0.88559322,0.54245283,0.915151515,0.428571429,0.897196262
0.5,0.838202247,0.470588235,0.889123289,0.226190476,0.891067538,0.520930233,0.900406504,0.479452055,0.920745921
0.474358974,0.836689038,0.506666667,0.890582872,0.175757576,0.878787879,0.538116592,0.904958678,0.45508982,0.906862745
0.474025974,0.799554566,0.541450777,0.89076908,0.263736264,0.878651685,0.54954955,0.93814433,0.450331126,0.893867925
0.518796992,0.842553191,0.510204082,0.887793151,0.174418605,0.885714286,0.552742616,0.887234043,0.492957746,0.886836028
0.496688742,0.82300885,0.5,0.884917518,0.231182796,0.884353741,0.474576271,0.885350318,0.486842105,0.90070922
0.457364341,0.843881857,0.484536082,0.891445109,0.207070707,0.904428904,0.526548673,0.920997921,0.487804878,0.888077859
0.506849315,0.831509847,0.493261456,0.88565407,0.268292683,0.894168467,0.557377049,0.920086393,0.523178808,0.912735849
0.562913907,0.825221239,0.519323671,0.89002947,0.216931217,0.885844749,0.550218341,0.90167364,0.460992908,0.891705069
0.569343066,0.832618026,0.465558195,0.885962757,0.193069307,0.891764706,0.497797357,0.920833333,0.474576271,0.90201005
0.556962025,0.829213483,0.466666667,0.885477056,0.230769231,0.895196507,0.506912442,0.902040816,0.441558442,0.928741093
0.470149254,0.820895522,0.471794872,0.885890895,0.174157303,0.91091314,0.553571429,0.927536232,0.447852761,0.90776699
0.416666667,0.838779956,0.497368421,0.887172698,0.230337079,0.89532294,0.563106796,0.920159681,0.50310559,0.90821256
0.48951049,0.847826087,0.511450382,0.88533438,0.262857143,0.911504425,0.467889908,0.91206544,0.51552795,0.903381643
0.535031847,0.840807175,0.446428571,0.889461289,0.255319149,0.883826879,0.50862069,0.909473684,0.487179487,0.91646778
0.436090226,0.836170213,0.485849057,0.886093366,0.2,0.839366516,0.551886792,0.909090909,0.418079096,0.917085427
0.55625,0.83972912,0.483116883,0.889352102,0.222222222,0.883561644,0.524017467,0.924686192,0.388888889,0.920096852
0.523809524,0.800438596,0.448101266,0.887040581,0.221052632,0.897025172,0.502242152,0.929752066,0.443113772,0.884803922
0.525316456,0.851685393,0.543123543,0.887589088,0.252808989,0.917594655,0.521186441,0.938428875,0.496932515,0.905339806
0.516129032,0.834821429,0.511904762,0.887589663,0.192307692,0.892134831,0.59030837,0.891666667,0.470967742,0.904761905
0.463087248,0.81277533,0.50656168,0.886235473,0.258823529,0.892778993,0.5,0.917184265,0.46,0.912
0.465753425,0.842450766,0.520697168,0.88683239,0.275132275,0.906392694,0.578199052,0.907258065,0.45751634,0.883886256
0.454545455,0.828507795,0.46,0.889810543,0.225806452,0.918367347,0.515837104,0.919753086,0.493589744,0.909307876
0.517482517,0.8,0.525906736,0.885128507,0.20441989,0.869955157,0.576271186,0.906581741,0.431034483,0.872817955
0.49044586,0.840807175,0.511792453,0.887862408,0.219101124,0.877505568,0.521186441,0.91507431,0.525641026,0.906921241
0.438461538,0.847780127,0.520304569,0.884739941,0.232804233,0.883561644,0.582938389,0.925403226,0.396103896,0.914489311
0.534722222,0.843137255,0.503703704,0.885168639,0.207253886,0.884792627,0.466019417,0.912175649,0.459627329,0.900966184
0.457746479,0.822125813,0.523809524,0.886429448,0.221518987,0.891257996,0.570731707,0.922310757,0.534246575,0.892773893
0.54676259,0.846982759,0.475247525,0.88610702,0.241758242,0.930337079,0.524444444,0.93153527,0.475524476,0.893518519
0.470198675,0.845132743,0.506112469,0.885293396,0.242424242,0.885780886,0.492537313,0.922924901,0.473333333,0.908235294
0.486111111,0.854030501,0.517401392,0.889396844,0.225433526,0.898678414,0.573221757,0.897435897,0.422077922,0.909738717
0.539568345,0.825431034,0.505154639,0.88320416,0.218085106,0.892938497,0.502074689,0.901287554,0.421383648,0.90625
0.55625,0.844243792,0.445,0.884362423,0.239766082,0.901315789,0.473214286,0.915113872,0.443708609,0.905660377
0.450704225,0.837310195,0.488038278,0.883867164,0.21978022,0.883146067,0.516587678,0.915322581,0.5,0.903529412
0.54676259,0.842672414,0.517899761,0.883615819,0.216931217,0.904109589,0.577981651,0.893660532,0.462068966,0.909302326
0.476821192,0.882743363,0.493796526,0.886505326,0.247058824,0.886214442,0.515151515,0.923379175,0.386075949,0.918465228
0.485074627,0.820895522,0.448186528,0.887629978,0.24137931,0.889624724,0.581730769,0.929859719,0.460606061,0.917073171
0.475,0.826185102,0.539267016,0.885935661,0.257142857,0.860619469,0.497607656,0.897590361,0.390243902,0.890510949
0.486842105,0.827050998,0.486215539,0.883828221,0.202185792,0.882882883,0.546255507,0.927083333,0.48,0.908235294
0.507142857,0.861771058,0.49754902,0.88672297,0.26344086,0.922902494,0.569506726,0.925619835,0.452830189,0.932692308
0.476510067,0.830396476,0.507042254,0.887556517,0.219101124,0.904231626,0.524038462,0.907815631,0.441860465,0.918114144
0.537037037,0.845804989,0.497607656,0.883228532,0.236263736,0.914606742,0.526829268,0.920318725,0.413333333,0.901176471
0.532894737,0.840354767,0.486352357,0.883412695,0.232804233,0.910958904,0.572815534,0.906187625,0.448275862,0.905236908
0.48125,0.844243792,0.450248756,0.884007461,0.286549708,0.910087719,0.525,0.877944325,0.418918919,0.903981265
0.493506494,0.830734967,0.516203704,0.889096451,0.255319149,0.881548975,0.554545455,0.891170431,0.47826087,0.913043478
0.54,0.845474614,0.477272727,0.885611934,0.231182796,0.897959184,0.5,0.892057026,0.427631579,0.893617021
0.480263158,0.829268293,0.533333333,0.887476067,0.215384615,0.907407407,0.571428571,0.913865546,0.438596491,0.903465347
0.571428571,0.835526316,0.515075377,0.886974872,0.264248705,0.889400922,0.578947368,0.911646586,0.401408451,0.912240185
0.493055556,0.803921569,0.475609756,0.886220782,0.301587302,0.865296804,0.525581395,0.922764228,0.388429752,0.894273128
0.56462585,0.844298246,0.512886598,0.890807417,0.205607477,0.876513317,0.541463415,0.880478088,0.452702703,0.903981265
0.56462585,0.809210526,0.522167488,0.885064808,0.213017751,0.871179039,0.556016598,0.929184549,0.542682927,0.888077859
0.546666667,0.818984547,0.492890995,0.884876179,0.210810811,0.891402715,0.54185022,0.885416667,0.464968153,0.90430622
0.504065041,0.845833333,0.501182033,0.889538598,0.203125,0.882758621,0.564814815,0.924643585,0.519480519,0.90023753
0.466666667,0.810502283,0.520930233,0.88355289,0.25,0.895424837,0.588495575,0.935550936,0.446666667,0.889411765
0.492957746,0.811279826,0.462765957,0.890430434,0.253968254,0.883561644,0.539170507,0.910204082,0.451612903,0.914285714
0.536912752,0.81938326,0.538461538,0.889073983,0.207865169,0.888641425,0.512711864,0.925690021,0.529032258,0.907142857
0.528571429,0.816414687,0.486618005,0.89009478,0.195652174,0.905191874,0.603448276,0.928421053,0.476190476,0.894348894
0.52866242,0.838565022,0.494923858,0.886359176,0.215053763,0.888888889,0.539170507,0.906122449,0.5,0.918854415
0.52238806,0.786780384,0.455981941,0.889380749,0.228187919,0.884937238,0.585470085,0.923890063,0.489932886,0.877934272
0.536764706,0.835117773,0.490384615,0.88766087,0.211640212,0.883561644,0.547511312,0.909465021,0.330985915,0.912240185
0.530612245,0.848684211,0.461928934,0.888223749,0.277777778,0.899328859,0.546184739,0.890829694,0.416149068,0.896135266
0.550724638,0.849462366,0.537914692,0.888315645,0.209302326,0.89010989,0.506493506,0.909663866,0.421052632,0.919621749
0.496644295,0.814977974,0.492718447,0.890187604,0.229508197,0.887387387,0.486725664,0.916839917,0.454545455,0.90023753
0.527027027,0.874725275,0.498800959,0.889472909,0.257861635,0.876068376,0.538461538,0.917547569,0.470588235,0.913439636
0.534883721,0.805104408,0.488997555,0.887797692,0.192307692,0.885393258,0.541284404,0.901840491,0.411764706,0.890660592
0.471830986,0.809110629,0.49047619,0.888768792,0.260606061,0.911255411,0.51754386,0.912317328,0.492857143,0.901149425
0.50955414,0.829596413,0.436031332,0.887548428,0.232142857,0.888888889,0.522123894,0.908523909,0.445945946,0.906323185
0.537414966,0.846491228,0.516795866,0.885613381,0.276836158,0.915555556,0.568281938,0.89375,0.49068323,0.896135266
0.455128205,0.821029083,0.508684864,0.886750773,0.222826087,0.90744921,0.517699115,0.910602911,0.517241379,0.9
0.441860465,0.85021097,0.471177945,0.892122699,0.209677419,0.911564626,0.50462963,0.926680244,0.429530201,0.896713615
0.589041096,0.851203501,0.492307692,0.891091052,0.209039548,0.868888889,0.458874459,0.922268908,0.476190476,0.918224299
0.527607362,0.802272727,0.484018265,0.884687254,0.246073298,0.908256881,0.570135747,0.905349794,0.468571429,0.92
0.582191781,0.838074398,0.516990291,0.890727826,0.248618785,0.905829596,0.522321429,0.910973085,0.471698113,0.9375
0.5,0.821826281,0.4921875,0.886267778,0.211180124,0.903433476,0.526086957,0.905660377,0.450331126,0.91509434
0.484375,0.84,0.477572559,0.887374356,0.179347826,0.887133183,0.543778802,0.891836735,0.503184713,0.918660287
0.5,0.835955056,0.509478673,0.890133648,0.251428571,0.889380531,0.545045045,0.929896907,0.472972973,0.920374707
0.649350649,0.812917595,0.549333333,0.884160988,0.173652695,0.906521739,0.569565217,0.914046122,0.443113772,0.911764706
0.598837209,0.816705336,0.518703242,0.885485692,0.286549708,0.916666667,0.558974359,0.91015625,0.490909091,0.902439024
0.492537313,0.825159915,0.496202532,0.891505962,0.260638298,0.906605923,0.578199052,0.925403226,0.40397351,0.919811321
0.507142857,0.788336933,0.46882793,0.884896677,0.218085106,0.89977221,0.522727273,0.897330595,0.443661972,0.905311778
0.462068966,0.831877729,0.503937008,0.890305497,0.215,0.915690867,0.57826087,0.901467505,0.414201183,0.918719212
0.503546099,0.848484848,0.517899761,0.887103906,0.242424242,0.902097902,0.538461538,0.930232558,0.408163265,0.918224299
0.547619048,0.849056604,0.472,0.889308299,0.284023669,0.92139738,0.526570048,0.914,0.435582822,0.912621359
0.5,0.834451902,0.536057692,0.884025936,0.289473684,0.881006865,0.514767932,0.9,0.430379747,0.940047962
0.452554745,0.826180258,0.506361323,0.888621756,0.233333333,0.88590604,0.565789474,0.926931106,0.5,0.910344828
0.543478261,0.858064516,0.52853598,0.887388935,0.204545455,0.911308204,0.50952381,0.915492958,0.421383648,0.882211538
0.465648855,0.858050847,0.475369458,0.885359387,0.196428571,0.893246187,0.54,0.917159763,0.429487179,0.894988067
0.55483871,0.830357143,0.522891566,0.892627339,0.265060241,0.917570499,0.577777778,0.892116183,0.389221557,0.899509804
0.544827586,0.812227074,0.520304569,0.887831207,0.215277778,0.904761905,0.502222222,0.912863071,0.484076433,0.906698565
0.496296296,0.820512821,0.478672986,0.882665094,0.251396648,0.90625,0.473684211,0.899598394,0.425925926,0.88377724
0.565217391,0.834841629,0.505050505,0.888507214,0.226190476,0.928104575,0.531100478,0.907630522,0.461988304,0.900990099
0.489795918,0.800438596,0.548051948,0.887292167,0.245989305,0.915909091,0.552238806,0.918972332,0.34375,0.896385542
0.496062992,0.834033613,0.488636364,0.888118422,0.202380952,0.899782135,0.518348624,0.90797546,0.423611111,0.90487239
0.511627907,0.833333333,0.449209932,0.888101913,0.262857143,0.915929204,0.572093023,0.904471545,0.445121951,0.885644769
0.602836879,0.829004329,0.476190476,0.889177914,0.219101124,0.881959911,0.526086957,0.911949686,0.503546099,0.910138249
0.479452055,0.811816193,0.479057592,0.887504904,0.251308901,0.903669725,0.527777778,0.914460285,0.439393939,0.880361174
0.541666667,0.830065359,0.494505495,0.889955904,0.221052632,0.887871854,0.526548673,0.906444906,0.532163743,0.920792079
0.476190476,0.828947368,0.484184915,0.888130433,0.208092486,0.918502203,0.582222222,0.902489627,0.452380952,0.904176904
0.519736842,0.858093126,0.481792717,0.888377333,0.271794872,0.895833333,0.517857143,0.908902692,0.469798658,0.906103286
0.537931034,0.816593886,0.49602122,0.884394764,0.245614035,0.899122807,0.552036199,0.91563786,0.53968254,0.91091314
0.402439024,0.842824601,0.538271605,0.888850705,0.180904523,0.885514019,0.547169811,0.911111111,0.463576159,0.903301887
0.49044586,0.789237668,0.468030691,0.884658784,0.2,0.901531729,0.584474886,0.915983607,0.45508982,0.916666667
0.513157895,0.78713969,0.533834586,0.887214724,0.201058201,0.892694064,0.522088353,0.914847162,0.44516129,0.90952381
0.483221477,0.830396476,0.514942529,0.885540095,0.256684492,0.886363636,0.504716981,0.901010101,0.5,0.894252874
0.521428571,0.859611231,0.477941176,0.886035549,0.270718232,0.867713004,0.471615721,0.910041841,0.490196078,0.890995261
0.408759124,0.856223176,0.507692308,0.888638148,0.2,0.914351852,0.547511312,0.897119342,0.477987421,0.862980769
0.496688742,0.834070796,0.456097561,0.887055588,0.284210526,0.901601831,0.580508475,0.908704883,0.49375,0.896385542
0.469387755,0.804824561,0.470899471,0.888017258,0.25136612,0.900900901,0.509259259,0.924643585,0.483221477,0.894366197
0.548913043,0.813842482,0.524630542,0.886243126,0.236486486,0.878914405,0.521126761,0.900809717,0.401273885,0.911483254
0.479452055,0.807439825,0.473809524,0.889309227,0.227272727,0.873614191,0.554216867,0.903930131,0.4296875,0.912751678
0.512987013,0.80623608,0.531400966,0.88388998,0.225274725,0.885393258,0.535885167,0.907630522,0.470238095,0.921375921
0.481481481,0.844017094,0.474874372,0.881919906,0.301775148,0.903930131,0.493087558,0.912244898,0.5,0.904076739
0.395061728,0.827664399,0.478696742,0.885447853,0.223404255,0.890660592,0.56561086,0.938271605,0.445086705,0.922885572
0.45323741,0.810344828,0.494061758,0.887535007,0.237804878,0.881209503,0.541832669,0.925438596,0.372413793,0.902325581
0.49382716,0.832199546,0.484042553,0.884743602,0.230769231,0.901123596,0.58649789,0.917021277,0.442857143,0.910344828
0.509433962,0.849099099,0.496385542,0.884277224,0.273195876,0.889145497,0.508547009,0.938689218,0.464788732,0.891454965
0.539473684,0.822616408,0.535433071,0.88765753,0.251497006,0.880434783,0.509615385,0.905811623,0.453333333,0.908235294
0.460992908,0.822510823,0.554376658,0.888709124,0.244791667,0.905747126,0.471153846,0.905811623,0.467948718,0.892601432
0.496688742,0.849557522,0.498740554,0.885802621,0.22459893,0.888636364,0.563876652,0.925,0.447852761,0.876213592
0.518248175,0.836909871,0.478571429,0.888031836,0.198863636,0.906873614,0.52,0.910788382,0.424836601,0.900473934
0.507142857,0.809935205,0.518518519,0.891111985,0.210810811,0.891402715,0.572093023,0.894308943,0.444444444,0.928217822
0.476190476,0.853070175,0.546134663,0.88739999,0.284023669,0.8930131,0.577981651,0.918200409,0.423076923,0.914081146
0.506944444,0.836601307,0.493506494,0.888420227,0.24260355,0.917030568,0.541666667,0.928716904,0.517482517,0.898148148
0.503546099,0.800865801,0.509186352,0.889618987,0.242774566,0.929515419,0.495575221,0.906444906,0.444444444,0.890995261
0.527272727,0.856164384,0.496240602,0.884515337,0.180904523,0.88317757,0.506493506,0.905462185,0.486111111,0.886310905
0.507575758,0.81104034,0.452442159,0.885111602,0.266304348,0.891647856,0.539823009,0.887733888,0.464285714,0.912643678
0.587096774,0.837053571,0.481203008,0.885742331,0.240740741,0.913978495,0.537444934,0.889583333,0.481707317,0.929440389
0.518518519,0.790598291,0.512886598,0.884921024,0.201117318,0.890625,0.594339623,0.888888889,0.44375,0.896385542
0.547945205,0.870897155,0.479166667,0.89073075,0.230046948,0.929951691,0.559322034,0.923566879,0.458100559,0.909090909
0.472222222,0.834422658,0.490338164,0.886984283,0.268156425,0.892857143,0.563451777,0.937254902,0.453947368,0.919621749
0.478632479,0.851851852,0.503957784,0.882618289,0.215053763,0.875283447,0.504237288,0.881104034,0.398648649,0.901639344
0.466257669,0.834090909,0.489260143,0.885973962,0.222797927,0.891705069,0.565656566,0.888015717,0.486486486,0.894871795
0.509803922,0.833333333,0.528678304,0.887890836,0.216374269,0.918859649,0.54978355,0.93487395,0.445945946,0.896955504
0.539473684,0.871396896,0.498795181,0.890073186,0.224137931,0.91611479,0.528301887,0.905050505,0.43125,0.920481928
0.509433962,0.822072072,0.560493827,0.886248711,0.219101124,0.890868597,0.51417004,0.917391304,0.395061728,0.898305085
0.537974684,0.849438202,0.52345679,0.886690559,0.209580838,0.906521739,0.56744186,0.926829268,0.392857143,0.894252874
0.513333333,0.832229581,0.493224932,0.885273217,0.247126437,0.909492274,0.517241379,0.924603175,0.4875,0.906024096
0.461538462,0.836689038,0.470886076,0.89072084,0.18079096,0.886666667,0.539473684,0.91440501,0.426573427,0.881944444
0.458064516,0.834821429,0.533498759,0.886898041,0.241935484,0.916099773,0.513274336,0.920997921,0.476510067,0.870892019
0.509933775,0.798672566,0.540740741,0.889685306,0.221649485,0.893764434,0.508928571,0.896480331,0.470149254,0.891156463
0.5,0.834451902,0.507900677,0.884855639,0.327586207,0.867549669,0.556561086,0.888888889,0.353293413,0.897058824
0.523178808,0.805309735,0.5,0.890028462,0.193370166,0.912556054,0.485148515,0.889108911,0.496815287,0.911483254
0.460992908,0.816017316,0.497584541,0.88654224,0.264367816,0.89183223,0.582568807,0.932515337,0.436241611,0.908450704
0.5703125,0.852631579,0.472727273,0.886409338,0.258064516,0.907029478,0.576923077,0.919839679,0.519480519,0.904988124
0.517482517,0.808695652,0.492385787,0.887684004,0.218579235,0.88963964,0.516129032,0.9,0.453333333,0.901176471
0.553956835,0.818965517,0.529850746,0.886903593,0.255208333,0.873563218,0.540178571,0.910973085,0.513333333,0.901176471
0.5,0.814317673,0.514150943,0.887714988,0.274725275,0.898876404,0.516393443,0.894168467,0.507246377,0.90389016
0.532051282,0.821029083,0.478773585,0.885945946,0.230337079,0.877505568,0.488687783,0.917695473,0.566037736,0.870192308
0.538961039,0.837416481,0.501199041,0.890160633,0.196629213,0.884187082,0.543778802,0.928571429,0.553459119,0.913461538
0.490322581,0.832589286,0.510638298,0.888604983,0.278787879,0.902597403,0.551724138,0.905263158,0.467105263,0.895981087
0.525,0.819413093,0.501253133,0.887460123,0.254143646,0.905829596,0.535714286,0.919765166,0.445255474,0.904109589
0.506329114,0.826966292,0.491358025,0.885954146,0.247368421,0.887871854,0.490740741,0.928716904,0.474452555,0.890410959
0.560606061,0.804670913,0.490813648,0.885548963,0.247524752,0.92,0.525,0.915187377,0.451612903,0.89047619
0.56,0.832229581,0.514066496,0.889564833,0.285714286,0.88863109,0.558252427,0.918163673,0.511278195,0.907239819
0.503875969,0.85443038,0.524752475,0.88856161,0.220994475,0.912556054,0.491150442,0.906444906,0.457142857,0.917241379
0.50310559,0.805429864,0.488491049,0.885590934,0.231638418,0.882222222,0.574380165,0.916129032,0.48255814,0.903225806
0.514705882,0.82012848,0.530503979,0.884786978,0.269662921,0.890868597,0.517241379,0.926315789,0.451388889,0.902552204
0.506666667,0.816777042,0.464019851,0.885818075,0.248756219,0.889671362,0.533980583,0.916167665,0.464968153,0.918660287
0.540540541,0.791208791,0.487623762,0.887334315,0.290502793,0.895089286,0.532407407,0.930753564,0.414772727,0.887218045
0.603896104,0.817371938,0.535809019,0.886012649,0.214723926,0.890086207,0.522321429,0.919254658,0.377622378,0.912037037
0.513043478,0.819672131,0.482185273,0.890188179,0.257142857,0.902654867,0.578199052,0.923387097,0.431372549,0.883886256
0.50617284,0.854875283,0.479809976,0.887338476,0.266990291,0.888361045,0.575221239,0.898128898,0.436708861,0.913669065
0.57615894,0.807522124,0.483375959,0.884413482,0.206060606,0.874458874,0.538461538,0.923890063,0.44375,0.901204819
0.509433962,0.837837838,0.471428571,0.885673578,0.257142857,0.900442478,0.526086957,0.911949686,0.530201342,0.899061033
0.524822695,0.846320346,0.490521327,0.887676887,0.257309942,0.877192982,0.42920354,0.912681913,0.472222222,0.897911833
0.538461538,0.827740492,0.506203474,0.889352511,0.208588957,0.909482759,0.599118943,0.927083333,0.525316456,0.894484412
0.55862069,0.816593886,0.433649289,0.884483097,0.241176471,0.925601751,0.531578947,0.928433269,0.520547945,0.93006993
0.543478261,0.821505376,0.47826087,0.887671906,0.266666667,0.898268398,0.518518519,0.920570265,0.421768707,0.904205607
0.488188976,0.846638655,0.556786704,0.881791016,0.258426966,0.857461024,0.539906103,0.927125506,0.562091503,0.909952607
0.426666667,0.794701987,0.506265664,0.885153374,0.205714286,0.924778761,0.507317073,0.910358566,0.467105263,0.898345154
0.510344828,0.825327511,0.497354497,0.890615807,0.215789474,0.899313501,0.546938776,0.909090909,0.481707317,0.878345499
0.503448276,0.823144105,0.471321696,0.883767732,0.28742515,0.891304348,0.497925311,0.927038627,0.471698113,0.90625
0.534722222,0.854030501,0.479069767,0.886747936,0.188888889,0.901565996,0.553191489,0.908898305,0.467032967,0.893129771
0.560810811,0.828571429,0.451456311,0.887682939,0.254054054,0.893665158,0.486111111,0.906313646,0.445859873,0.892344498
0.524475524,0.834782609,0.525547445,0.884938369,0.223958333,0.901149425,0.572687225,0.885416667,0.469387755,0.925233645
0.5,0.817787419,0.493540052,0.886741551,0.279329609,0.872767857,0.558823529,0.908548708,0.465277778,0.92575406
0.481751825,0.824034335,0.505208333,0.884698382,0.238095238,0.891067538,0.541322314,0.91827957,0.461538462,0.909722222
0.524475524,0.808695652,0.518072289,0.887764625,0.244318182,0.911308204,0.48372093,0.906504065,0.481012658,0.930455635
0.6,0.82448037,0.492647059,0.887950506,0.244047619,0.891067538,0.550660793,0.904166667,0.483443709,0.900943396
0.462184874,0.830578512,0.524547804,0.891156129,0.215686275,0.905063291,0.536585366,0.926294821,0.450980392,0.917061611
0.562091503,0.844444444,0.510152284,0.883758587,0.273684211,0.897025172,0.538461538,0.903807615,0.481927711,0.887530562
0.515873016,0.832285115,0.480211082,0.887325325,0.245398773,0.905172414,0.52991453,0.900634249,0.506493506,0.893111639
0.545454545,0.824200913,0.498783455,0.887000933,0.28,0.909292035,0.540772532,0.930379747,0.50310559,0.910628019
0.50931677,0.823529412,0.497252747,0.88711416,0.225,0.882226981,0.50660793,0.908333333,0.396226415,0.894230769
0.569767442,0.814385151,0.461734694,0.888676283,0.240837696,0.892201835,0.495575221,0.893970894,0.402366864,0.908866995
0.529411765,0.855555556,0.547263682,0.887001767,0.2,0.909502262,0.538461538,0.904862579,0.472049689,0.891304348
0.445859873,0.81838565,0.506426735,0.888692666,0.177142857,0.907079646,0.514767932,0.89787234,0.388535032,0.894736842
0.5625,0.830065359,0.5225,0.887160106,0.252688172,0.873015873,0.587962963,0.914460285,0.44137931,0.913953488
0.573529412,0.815845824,0.516203704,0.887326713,0.222222222,0.917225951,0.520361991,0.925925926,0.436619718,0.903002309
0.539473684,0.833702882,0.488833747,0.88945069,0.243093923,0.912556054,0.533980583,0.922155689,0.447513812,0.88071066
0.557823129,0.828947368,0.47761194,0.886756332,0.248587571,0.877777778,0.479638009,0.909465021,0.475524476,0.888888889
0.547169811,0.849099099,0.524050633,0.890328279,0.244565217,0.884875847,0.525345622,0.904081633,0.435294118,0.916049383
0.5625,0.832957111,0.5375,0.886227545,0.205405405,0.902714932,0.516587678,0.903225806,0.412587413,0.912037037
0.485915493,0.798264642,0.519900498,0.883712939,0.201183432,0.903930131,0.518348624,0.90797546,0.413333333,0.887058824
0.485915493,0.824295011,0.523341523,0.88780871,0.279503106,0.91416309,0.49137931,0.877894737,0.433333333,0.912941176
0.473372781,0.838709677,0.478371501,0.888131102,0.221590909,0.89135255,0.542857143,0.905432596,0.440251572,0.896634615
0.507246377,0.838709677,0.497630332,0.886055425,0.230769231,0.874157303,0.513043478,0.92033543,0.42384106,0.900943396
0.52866242,0.840807175,0.513853904,0.886636895,0.219512195,0.902807775,0.592436975,0.929637527,0.418300654,0.876777251
0.524822695,0.816017316,0.455665025,0.883100943,0.187165775,0.884090909,0.536363636,0.919917864,0.519736842,0.921985816
0.550632911,0.840449438,0.475949367,0.88664802,0.227979275,0.875576037,0.5625,0.891783567,0.478787879,0.9
0.466666667,0.835470085,0.495890411,0.886520653,0.232142857,0.893246187,0.502617801,0.912790698,0.54676259,0.883027523
0.555555556,0.861678005,0.488888889,0.884088566,0.286585366,0.892008639,0.549107143,0.906832298,0.487012987,0.883610451
0.490909091,0.835616438,0.491358025,0.887426972,0.189473684,0.897025172,0.526530612,0.917748918,0.44,0.898823529
0.492647059,0.832976445,0.478723404,0.888126287,0.261111111,0.894854586,0.511210762,0.909090909,0.550632911,0.880095923
0.510067114,0.77092511,0.489847716,0.884200196,0.269230769,0.892134831,0.518134715,0.902723735,0.421383648,0.894230769
0.518518519,0.848072562,0.481296758,0.885387523,0.248554913,0.900881057,0.555555556,0.900634249,0.452380952,0.906633907
0.520710059,0.838709677,0.452196382,0.884632364,0.157303371,0.899777283,0.578703704,0.914460285,0.462585034,0.897196262
0.563909774,0.838297872,0.576142132,0.885917566,0.212121212,0.874458874,0.507614213,0.898039216,0.524096386,0.870415648
0.54676259,0.836206897,0.506203474,0.887290756,0.262820513,0.893842887,0.54185022,0.925,0.472392638,0.895631068
0.472222222,0.819172113,0.484162896,0.88732048,0.240223464,0.895089286,0.511111111,0.927385892,0.431137725,0.921568627
0.623287671,0.831509847,0.494791667,0.886218735,0.25136612,0.88963964,0.549763033,0.905241935,0.517857143,0.891891892
0.51497006,0.805045872,0.473282443,0.885972229,0.204301075,0.902494331,0.528205128,0.896484375,0.49044586,0.885167464
0.577922078,0.832962138,0.545679012,0.884383131,0.16374269,0.875,0.537117904,0.887029289,0.48427673,0.908653846
0.483606557,0.883575884,0.503937008,0.888245967,0.199004975,0.894366197,0.541484716,0.910041841,0.459459459,0.908665105
0.458598726,0.820627803,0.4933687,0.883806442,0.176829268,0.892008639,0.612149533,0.918864097,0.420689655,0.895348837
0.452054795,0.829321663,0.466165414,0.88608589,0.282485876,0.882222222,0.531818182,0.909650924,0.397515528,0.903381643
0.568345324,0.834051724,0.515544041,0.887041397,0.237837838,0.898190045,0.572687225,0.914583333,0.527027027,0.915690867
0.490797546,0.836363636,0.5,0.888474743,0.237864078,0.921615202,0.554545455,0.893223819,0.396341463,0.892944039
0.541401274,0.822869955,0.518610422,0.886014432,0.277173913,0.893905192,0.568888889,0.933609959,0.467625899,0.901376147
0.507462687,0.852878465,0.484716157,0.889446741,0.231638418,0.911111111,0.473684211,0.911646586,0.444444444,0.867298578
0.487012987,0.819599109,0.533180778,0.887692383,0.193370166,0.872197309,0.559471366,0.883333333,0.529032258,0.895238095
0.516556291,0.840707965,0.511961722,0.890155237,0.217877095,0.883928571,0.542986425,0.9218107,0.453947368,0.912529551
0.514285714,0.820734341,0.491525424,0.888070331,0.203821656,0.914893617,0.532467532,0.924369748,0.477987421,0.870192308
0.532544379,0.841013825,0.480719794,0.888545499,0.174418605,0.901098901,0.491525424,0.910828025,0.426751592,0.933014354
0.427536232,0.84516129,0.51758794,0.88923243,0.265895954,0.870044053,0.491304348,0.888888889,0.419117647,0.904328018
0.492957746,0.859002169,0.483204134,0.884681415,0.243243243,0.918552036,0.568888889,0.921161826,0.468531469,0.900462963
0.486842105,0.842572062,0.454545455,0.889019608,0.196531792,0.872246696,0.536796537,0.915966387,0.404411765,0.89977221
0.5,0.833702882,0.537313433,0.885921854,0.220994475,0.939461883,0.515418502,0.914583333,0.557823129,0.904205607
0.477124183,0.84,0.465060241,0.88909082,0.252747253,0.905617978,0.569444444,0.890020367,0.509933775,0.896226415
0.462068966,0.836244541,0.477326969,0.891525424,0.251336898,0.902272727,0.466063348,0.901234568,0.5,0.897862233
0.51048951,0.839130435,0.485094851,0.887625582,0.197674419,0.892307692,0.540322581,0.899782135,0.434482759,0.906976744
0.503225806,0.861607143,0.473039216,0.884120593,0.182291667,0.894252874,0.600896861,0.878099174,0.461538462,0.916666667
0.506666667,0.810154525,0.493333333,0.882935438,0.251428571,0.89380531,0.534979424,0.931034483,0.428571429,0.909738717
0.532846715,0.873390558,0.522077922,0.886654569,0.248677249,0.885844749,0.50678733,0.911522634,0.5,0.911547912
0.526627219,0.838709677,0.530751708,0.883747234,0.25,0.908277405,0.550218341,0.918410042,0.408450704,0.896073903
0.476470588,0.82448037,0.511056511,0.885550155,0.186528497,0.898617512,0.533018868,0.907070707,0.417218543,0.922169811
0.503448276,0.834061135,0.498771499,0.893209604,0.1875,0.896551724,0.539823009,0.906444906,0.402366864,0.889162562
0.45625,0.832957111,0.522546419,0.891258518,0.213017751,0.875545852,0.526315789,0.903614458,0.496644295,0.9342723
0.4765625,0.823157895,0.487437186,0.889625049,0.241025641,0.884259259,0.495575221,0.914760915,0.436241611,0.908450704
0.542635659,0.816455696,0.515513126,0.888086465,0.239263804,0.924568966,0.538461538,0.903807615,0.518518519,0.924939467
0.483146067,0.8,0.476309227,0.890737741,0.251461988,0.894736842,0.51980198,0.914851485,0.462962963,0.905569007
0.530201342,0.876651982,0.483091787,0.88413556,0.282608696,0.88261851,0.539215686,0.92445328,0.468965517,0.923255814
0.460431655,0.818965517,0.485861183,0.886092715,0.273255814,0.879120879,0.518828452,0.925213675,0.537974684,0.913669065
0.5,0.81619256,0.498789346,0.888659693,0.272727273,0.874125874,0.55465587,0.917391304,0.483443709,0.898584906
0.537037037,0.827664399,0.534526854,0.886081539,0.236686391,0.886462882,0.559471366,0.902083333,0.469512195,0.895377129
0.482517483,0.869565217,0.490654206,0.886070972,0.192513369,0.909090909,0.495327103,0.914807302,0.444444444,0.888619855
0.533333333,0.834437086,0.513761468,0.883469368,0.223529412,0.899343545,0.580645161,0.93877551,0.463687151,0.896464646
0.543046358,0.825221239,0.5,0.888408644,0.197674419,0.881318681,0.456621005,0.885245902,0.414965986,0.885514019
0.514285714,0.822894168,0.487603306,0.887511636,0.187134503,0.888157895,0.587443946,0.929752066,0.445783133,0.91198044
0.553191489,0.837662338,0.487562189,0.887787159,0.305084746,0.86,0.482142857,0.929606625,0.430232558,0.925558313
0.573248408,0.852017937,0.510895884,0.885565542,0.22826087,0.889390519,0.582608696,0.928721174,0.398843931,0.89800995
0.430656934,0.824034335,0.496368039,0.886400471,0.25,0.910514541,0.55,0.905781585,0.4375,0.902552204
0.45,0.841986456,0.517060367,0.888147894,0.214689266,0.911111111,0.567567568,0.903092784,0.437125749,0.894607843
0.609022556,0.840425532,0.47826087,0.890987588,0.207446809,0.879271071,0.546728972,0.900608519,0.423076923,0.902147971
0.488372093,0.848101266,0.5,0.885736723,0.238636364,0.913525499,0.514285714,0.905432596,0.45625,0.898795181
0.485074627,0.825159915,0.498861048,0.887976395,0.264044944,0.877505568,0.504424779,0.906444906,0.460526316,0.905437352
0.410958904,0.838074398,0.513126492,0.887595185,0.231182796,0.879818594,0.509259259,0.912423625,0.383647799,0.889423077
0.552447552,0.795652174,0.450363196,0.888659693,0.205882353,0.892778993,0.495098039,0.942345924,0.518072289,0.892420538
0.573333333,0.834437086,0.49127182,0.882540617,0.317647059,0.916849015,0.527027027,0.919587629,0.43373494,0.897310513
0.516339869,0.84,0.454987835,0.883268674,0.196969697,0.892773893,0.50862069,0.903157895,0.502994012,0.904411765
0.436090226,0.819148936,0.528678304,0.888676189,0.236686391,0.873362445,0.55078125,0.909090909,0.523178808,0.91745283
0.511278195,0.838297872,0.46744186,0.888566654,0.25257732,0.912240185,0.553488372,0.910569106,0.522875817,0.931279621
0.47761194,0.803837953,0.48346056,0.886266621,0.245398773,0.900862069,0.516666667,0.91862955,0.472049689,0.903381643
0.55704698,0.841409692,0.508816121,0.889139716,0.210810811,0.914027149,0.540178571,0.902691511,0.511764706,0.913580247
0.513513514,0.815384615,0.48,0.885098655,0.273684211,0.890160183,0.54185022,0.925,0.41025641,0.897374702
0.475862069,0.836244541,0.498740554,0.884232223,0.233532934,0.913043478,0.504166667,0.897216274,0.451219512,0.890510949
0.556338028,0.8329718,0.494117647,0.890166593,0.255952381,0.899782135,0.5,0.884861407,0.50931677,0.917874396
0.5,0.803131991,0.49187935,0.889396844,0.229885057,0.887417219,0.509259259,0.914460285,0.5,0.892420538
0.477707006,0.829596413,0.522781775,0.886329027,0.228395062,0.91827957,0.544715447,0.928416486,0.465408805,0.896634615
0.510638298,0.792207792,0.54939759,0.883884277,0.266666667,0.902597403,0.495495495,0.909278351,0.492424242,0.914221219
0.468965517,0.829694323,0.5,0.891268048,0.259067358,0.870967742,0.546666667,0.904564315,0.438709677,0.892857143
0.547770701,0.858744395,0.489361702,0.888604983,0.210526316,0.864988558,0.515981735,0.918032787,0.5,0.923990499
0.510791367,0.814655172,0.511392405,0.885764758,0.175141243,0.895555556,0.526548673,0.916839917,0.490196078,0.902843602
0.555555556,0.839002268,0.490697674,0.886649626,0.235955056,0.893095768,0.490909091,0.895277207,0.412587413,0.877314815
0.472222222,0.814814815,0.517333333,0.888965145,0.247368421,0.892448513,0.506666667,0.900414938,0.421428571,0.905747126
0.517857143,0.862068966,0.522673031,0.886366986,0.227777778,0.903803132,0.495238095,0.899396378,0.503401361,0.876168224
0.558139535,0.851508121,0.456818182,0.888659388,0.213483146,0.897550111,0.526315789,0.926931106,0.473053892,0.909313725
0.523529412,0.810623557,0.487297921,0.888550219,0.23699422,0.90969163,0.524017467,0.880753138,0.438356164,0.892773893
0.53164557,0.835955056,0.531578947,0.888496617,0.28,0.873893805,0.506493506,0.890756303,0.4375,0.881670534
0.469135802,0.863945578,0.49754902,0.887803201,0.261904762,0.88671024,0.531531532,0.903092784,0.428571429,0.900966184
0.460992908,0.816017316,0.49047619,0.889161836,0.23655914,0.886621315,0.539170507,0.908163265,0.432624113,0.903225806
0.488372093,0.837552743,0.43622449,0.883573742,0.17816092,0.89183223,0.5625,0.907815631,0.427672956,0.918269231
0.489795918,0.835526316,0.518421053,0.884083554,0.18974359,0.893518519,0.471428571,0.923541247,0.411347518,0.907834101
0.446043165,0.855603448,0.523341523,0.886581234,0.28,0.906323185,0.600961538,0.909819639,0.462962963,0.910411622
0.482517483,0.847826087,0.461009174,0.883616875,0.205405405,0.880090498,0.507246377,0.914,0.419753086,0.89346247
0.506944444,0.836601307,0.491484185,0.88675539,0.237288136,0.866666667,0.55,0.935760171,0.448051948,0.90736342
0.494186047,0.856148492,0.511508951,0.886719325,0.217142857,0.862831858,0.57635468,0.906746032,0.521428571,0.905747126
0.503597122,0.806034483,0.549367089,0.888856175,0.28021978,0.874157303,0.524793388,0.896774194,0.469798658,0.910798122
0.509933775,0.860619469,0.520618557,0.88335132,0.182741117,0.893023256,0.567099567,0.907563025,0.493055556,0.911832947
0.449612403,0.805907173,0.535,0.891430254,0.222797927,0.847926267,0.560538117,0.894628099,0.478787879,0.895121951
0.475524476,0.82826087,0.482269504,0.887474817,0.239361702,0.888382688,0.504807692,0.907815631,0.405228758,0.90521327
0.577922078,0.832962138,0.45410628,0.890962672,0.208333333,0.903448276,0.528497409,0.906614786,0.497005988,0.919117647
0.485294118,0.845824411,0.469298246,0.887242839,0.251396648,0.904017857,0.56097561,0.926294821,0.472727273,0.924390244
0.401408451,0.85032538,0.493670886,0.88679523,0.268571429,0.867256637,0.562790698,0.892276423,0.436619718,0.907621247
0.496551724,0.827510917,0.513647643,0.888861617,0.284946237,0.909297052,0.55,0.897330595,0.475177305,0.926267281
0.524475524,0.819565217,0.481751825,0.888670628,0.231638418,0.88,0.502109705,0.919148936,0.486486486,0.896955504
0.5,0.820734341,0.513020833,0.886071604,0.237113402,0.893764434,0.598173516,0.920081967,0.481707317,0.900243309
0.526666667,0.818984547,0.50245098,0.890356476,0.190184049,0.875,0.576744186,0.924796748,0.452054795,0.895104895
0.492957746,0.822125813,0.505025126,0.884717314,0.227272727,0.88248337,0.547826087,0.890985325,0.429530201,0.929577465
0.55704698,0.810572687,0.465686275,0.890798389,0.217647059,0.912472648,0.502369668,0.901209677,0.390532544,0.906403941
0.52027027,0.810989011,0.479518072,0.887715507,0.243386243,0.881278539,0.593137255,0.916500994,0.461538462,0.899761337
0.549180328,0.827442827,0.501340483,0.886280084,0.295081967,0.894144144,0.547085202,0.917355372,0.483221477,0.915492958
0.55,0.846652268,0.492957746,0.887851386,0.220338983,0.877777778,0.589622642,0.909090909,0.469879518,0.924205379
0.523178808,0.831858407,0.555023923,0.887158577,0.241573034,0.884187082,0.553846154,0.892578125,0.481927711,0.91198044
0.52173913,0.862365591,0.483028721,0.890834192,0.179775281,0.886414254,0.532751092,0.90167364,0.467065868,0.887254902
0.507575758,0.834394904,0.482837529,0.88523381,0.229946524,0.902272727,0.533678756,0.908560311,0.393548387,0.883333333
0.503703704,0.826923077,0.53626943,0.888610948,0.244565217,0.898419865,0.520179372,0.911157025,0.467532468,0.897862233
0.482517483,0.85,0.482100239,0.888528617,0.203488372,0.898901099,0.619909502,0.919753086,0.541401274,0.911483254
0.561643836,0.829321663,0.469543147,0.886849853,0.216216216,0.875565611,0.540816327,0.919765166,0.432926829,0.924574209
0.578947368,0.833702882,0.494199536,0.886889839,0.228070175,0.872807018,0.552995392,0.9,0.49112426,0.886699507
0.552447552,0.808695652,0.457943925,0.885972673,0.255813953,0.883516484,0.538461538,0.907407407,0.517482517,0.905092593
0.589041096,0.794310722,0.491725768,0.885755,0.240963855,0.874186551,0.478991597,0.936034115,0.431372549,0.886255924
0.496124031,0.837552743,0.482758621,0.887765122,0.244897959,0.893271462,0.537117904,0.89748954,0.409722222,0.923433875
0.466216216,0.865934066,0.477832512,0.884966614,0.276041667,0.871264368,0.568627451,0.904572565,0.413793103,0.934883721
0.541666667,0.838779956,0.53,0.891135761,0.194736842,0.908466819,0.506224066,0.922746781,0.46835443,0.920863309
0.440993789,0.830316742,0.504901961,0.890847491,0.216216216,0.893665158,0.545064378,0.915611814,0.489795918,0.894859813
0.5,0.796498906,0.525,0.886031216,0.274853801,0.875,0.448113208,0.898989899,0.395522388,0.891156463
0.563758389,0.843612335,0.547368421,0.886093949,0.184615385,0.905092593,0.511848341,0.923387097,0.470198675,0.910377358
0.522875817,0.842222222,0.514492754,0.890913556,0.195652174,0.909706546,0.536796537,0.909663866,0.459119497,0.882211538
0.534722222,0.845315904,0.481572482,0.888397899,0.215789474,0.871853547,0.515151515,0.918067227,0.45323741,0.919724771
0.489361702,0.800865801,0.525059666,0.885089659,0.240740741,0.896774194,0.515695067,0.894628099,0.371428571,0.8975
0.409395973,0.837004405,0.472972973,0.883062145,0.280487805,0.86825054,0.53,0.901380671,0.347826087,0.90821256
0.448275862,0.851528384,0.539215686,0.887901404,0.231707317,0.909287257,0.535,0.897435897,0.395522388,0.888888889
0.467153285,0.824034335,0.498759305,0.885179913,0.192771084,0.89154013,0.535714286,0.917184265,0.46835443,0.887290168
0.468085106,0.87012987,0.495098039,0.886821173,0.177514793,0.886462882,0.548117155,0.876068376,0.523178808,0.898584906
0.49689441,0.816742081,0.505128205,0.880690738,0.281914894,0.904328018,0.482142857,0.904761905,0.415584416,0.904988124
0.541353383,0.810638298,0.48241206,0.886582254,0.295336788,0.887096774,0.493273543,0.896694215,0.422222222,0.904545455
0.465753425,0.827133479,0.485714286,0.886556477,0.23699422,0.907488987,0.547945205,0.928278689,0.48630137,0.892773893
0.462585034,0.807017544,0.4625,0.883086286,0.211428571,0.878318584,0.565217391,0.908,0.460526316,0.903073286
0.489208633,0.806034483,0.475124378,0.887983507,0.297142857,0.907079646,0.531818182,0.917864476,0.409722222,0.92575406
0.516778523,0.814977974,0.475409836,0.886662093,0.17679558,0.872197309,0.495495495,0.911340206,0.475862069,0.923255814
0.505747126,0.825174825,0.501340483,0.882701828,0.287958115,0.894495413,0.486363636,0.905544148,0.486486486,0.896955504
0.58974359,0.825503356,0.495098039,0.88637926,0.254237288,0.897777778,0.56147541,0.904967603,0.480519481,0.914489311
0.52739726,0.811816193,0.473262032,0.885686275,0.181318681,0.878651685,0.568965517,0.913684211,0.518987342,0.896882494
0.493243243,0.841758242,0.506493506,0.885869832,0.203592814,0.915217391,0.510869565,0.900573614,0.397435897,0.914081146
0.567567568,0.806593407,0.482269504,0.888408432,0.24852071,0.884279476,0.578512397,0.920430108,0.451612903,0.907142857
0.503703704,0.829059829,0.470588235,0.888692319,0.24137931,0.880794702,0.583710407,0.913580247,0.465408805,0.901442308
0.556338028,0.837310195,0.520408163,0.88980473,0.25,0.895216401,0.588516746,0.93373494,0.364238411,0.919811321
0.395522388,0.840085288,0.536057692,0.88432066,0.195530726,0.888392857,0.54587156,0.887525562,0.425806452,0.911904762
0.447552448,0.813043478,0.495169082,0.885707269,0.255434783,0.848758465,0.560538117,0.923553719,0.418300654,0.893364929
0.484848485,0.858447489,0.488997555,0.886766511,0.216216216,0.92760181,0.530516432,0.91902834,0.496815287,0.877990431
0.55862069,0.836244541,0.492099323,0.88741331,0.192090395,0.895555556,0.554545455,0.921971253,0.44,0.898823529
0.589147287,0.820675105,0.513994911,0.885383445,0.269430052,0.898617512,0.551569507,0.896694215,0.411764706,0.90521327
0.51048951,0.815217391,0.505235602,0.885592389,0.273743017,0.886160714,0.516587678,0.911290323,0.463087248,0.903755869
0.447761194,0.861407249,0.514851485,0.890083456,0.243093923,0.890134529,0.540084388,0.912765957,0.440993789,0.913043478
0.563380282,0.84164859,0.493573265,0.885258769,0.275280899,0.899777283,0.471365639,0.902083333,0.45,0.910344828
0.440559441,0.82173913,0.481012658,0.888120124,0.175824176,0.896629213,0.504504505,0.894845361,0.4625,0.879518072
0.489361702,0.859307359,0.486146096,0.888207293,0.243902439,0.90712743,0.592760181,0.919753086,0.490566038,0.889423077
0.445945946,0.841758242,0.473239437,0.883588814,0.220994475,0.876681614,0.529411765,0.910447761,0.456790123,0.900726392
0.496240602,0.836170213,0.529850746,0.887247202,0.216931217,0.904109589,0.542288557,0.938735178,0.48255814,0.908188586
0.521126761,0.84164859,0.48951049,0.887441632,0.22875817,0.902953586,0.534883721,0.910569106,0.468531469,0.907407407
0.537414966,0.824561404,0.516290727,0.884515337,0.212643678,0.900662252,0.509708738,0.926147705,0.476510067,0.908450704
0.536912752,0.828193833,0.513586957,0.888856219,0.22754491,0.882608696,0.534412955,0.904347826,0.420118343,0.89408867
0.510948905,0.85193133,0.48,0.883282615,0.237373737,0.89044289,0.569444444,0.894093686,0.408805031,0.915865385
0.579617834,0.816143498,0.466666667,0.890453297,0.294117647,0.893181818,0.5,0.92555332,0.480769231,0.902147971
0.5,0.814569536,0.5,0.888425699,0.224719101,0.926503341,0.537383178,0.886409736,0.364779874,0.927884615
0.5,0.833684211,0.512626263,0.886642458,0.267080745,0.881974249,0.481927711,0.899563319,0.482758621,0.923255814
0.552238806,0.831556503,0.523341523,0.887415918,0.214659686,0.878440367,0.552380952,0.907444668,0.441340782,0.888888889
0.512658228,0.842696629,0.438967136,0.888146255,0.247368421,0.881006865,0.594470046,0.9,0.431506849,0.8997669
0.459302326,0.828306265,0.49321267,0.888205784,0.25388601,0.859447005,0.56846473,0.929184549,0.43373494,0.887530562
0.511450382,0.849576271,0.495912807,0.885137453,0.242424242,0.916083916,0.506437768,0.898734177,0.463576159,0.919811321
0.466216216,0.846153846,0.506361323,0.884156813,0.25,0.885057471,0.55982906,0.911205074,0.489010989,0.926208651
0.517006803,0.846491228,0.497663551,0.88990465,0.227513228,0.906392694,0.54185022,0.9125,0.485207101,0.899014778
0.510791367,0.810344828,0.505694761,0.888271453,0.223463687,0.90625,0.561904762,0.90945674,0.50931677,0.891304348
0.434782609,0.834408602,0.548148148,0.888752516,0.254143646,0.896860987,0.579710145,0.916,0.359375,0.928411633
0.451388889,0.840958606,0.477722772,0.887039764,0.220338983,0.895555556,0.564220183,0.903885481,0.447852761,0.90776699
0.564935065,0.83518931,0.53002611,0.888676377,0.221621622,0.898190045,0.511013216,0.9125,0.433121019,0.916267943
0.480769231,0.832214765,0.518229167,0.885777342,0.216931217,0.894977169,0.552511416,0.915983607,0.427631579,0.912529551
0.493670886,0.833707865,0.507614213,0.88734053,0.150289017,0.894273128,0.493087558,0.920408163,0.506410256,0.904534606
0.485714286,0.846652268,0.483375959,0.882696365,0.25,0.897494305,0.547738693,0.921259843,0.418181818,0.870731707
0.561151079,0.836206897,0.469194313,0.888856132,0.24120603,0.880841121,0.5,0.925773196,0.462427746,0.895522388
0.482269504,0.872294372,0.469816273,0.88545089,0.232142857,0.877995643,0.545851528,0.912133891,0.514925373,0.911564626
0.516393443,0.827442827,0.509478673,0.888069969,0.254054054,0.889140271,0.502439024,0.928286853,0.447852761,0.932038835
0.469512195,0.851936219,0.4925,0.888190831,0.25625,0.91862955,0.592274678,0.894514768,0.454545455,0.924390244
0.486111111,0.821350763,0.504807692,0.888446802,0.235955056,0.884187082,0.522727273,0.909650924,0.442857143,0.894252874
0.496296296,0.822649573,0.487373737,0.883501816,0.25,0.87032967,0.554112554,0.915966387,0.402366864,0.896551724
0.449275362,0.806451613,0.513381995,0.888621519,0.235955056,0.888641425,0.497777778,0.939834025,0.453900709,0.910138249
0.520833333,0.840958606,0.487437186,0.884471928,0.228426396,0.925581395,0.533936652,0.905349794,0.379310345,0.923255814
0.481707317,0.851936219,0.515544041,0.888561899,0.3,0.910284464,0.477477477,0.917525773,0.457746479,0.903002309
0.430463576,0.878318584,0.50802139,0.886470588,0.284153005,0.876126126,0.559808612,0.927710843,0.493333333,0.894117647
0.479338843,0.848547718,0.424623116,0.894581861,0.203296703,0.869662921,0.495412844,0.924335378,0.503030303,0.882926829
0.536423841,0.805309735,0.481182796,0.885207333,0.258241758,0.921348315,0.525114155,0.907786885,0.423529412,0.888888889
0.484848485,0.837899543,0.479057592,0.885641428,0.29015544,0.912442396,0.588516746,0.935742972,0.476190476,0.906542056
0.561643836,0.824945295,0.484455959,0.887237591,0.212290503,0.895089286,0.542857143,0.921529175,0.393103448,0.909302326
0.542253521,0.835140998,0.532019704,0.886930479,0.182320442,0.894618834,0.539215686,0.894632207,0.417647059,0.908641975
0.496124031,0.848101266,0.449197861,0.888284314,0.25,0.905191874,0.550925926,0.916496945,0.543624161,0.917840376
0.493243243,0.872527473,0.4775,0.888632571,0.308139535,0.883516484,0.482608696,0.911949686,0.472972973,0.908665105
0.552447552,0.832608696,0.515,0.885147737,0.229050279,0.879464286,0.485436893,0.910179641,0.407894737,0.90070922
0.517006803,0.828947368,0.43324937,0.885753546,0.22513089,0.931192661,0.580952381,0.897384306,0.445121951,0.900243309
0.505952381,0.857471264,0.518348624,0.887697905,0.228070175,0.899122807,0.540540541,0.917525773,0.443181818,0.902255639
0.544117647,0.830835118,0.524421594,0.883983321,0.229050279,0.912946429,0.560869565,0.911949686,0.431372549,0.883886256
0.506410256,0.856823266,0.475059382,0.888419398,0.188481675,0.878440367,0.489626556,0.927038627,0.403846154,0.894988067
0.557823129,0.813596491,0.448101266,0.889297807,0.218579235,0.887387387,0.531531532,0.92371134,0.426900585,0.896039604
0.588607595,0.838202247,0.484848485,0.888916196,0.215789474,0.883295195,0.623893805,0.916839917,0.530864198,0.888619855
0.458333333,0.819172113,0.532846715,0.885674999,0.221590909,0.875831486,0.474885845,0.918032787,0.465909091,0.897243108
0.506849315,0.842450766,0.546082949,0.887512291,0.241935484,0.886621315,0.523148148,0.920570265,0.4625,0.922891566
0.489655172,0.875545852,0.50617284,0.88600324,0.304123711,0.884526559,0.525862069,0.896842105,0.512658228,0.901678657
0.527950311,0.837104072,0.494680851,0.885233846,0.220657277,0.888888889,0.570815451,0.934599156,0.448275862,0.902743142
0.532846715,0.843347639,0.534177215,0.887236861,0.203592814,0.92173913,0.554054054,0.888659794,0.436708861,0.923261391
0.478571429,0.855291577,0.523474178,0.89040692,0.287234043,0.870159453,0.579439252,0.918864097,0.418181818,0.907317073
0.506944444,0.854030501,0.520107239,0.884025293,0.196629213,0.926503341,0.538812785,0.915983607,0.474285714,0.9175
0.496644295,0.828193833,0.48853211,0.886812863,0.235602094,0.866972477,0.524663677,0.923553719,0.453947368,0.884160757
0.492537313,0.848614072,0.515075377,0.885502552,0.194285714,0.878318584,0.50877193,0.916492693,0.451086957,0.925831202
0.533834586,0.836170213,0.508313539,0.887535007,0.245810056,0.877232143,0.526785714,0.935817805,0.406666667,0.889411765
0.5,0.832244009,0.466216216,0.888440728,0.227272727,0.900221729,0.518134715,0.918287938,0.437908497,0.912322275
0.525641026,0.8098434,0.531531532,0.886424004,0.23030303,0.887445887,0.59009009,0.934020619,0.478787879,0.934146341
0.604166667,0.797385621,0.488372093,0.886600472,0.25257732,0.879907621,0.555555556,0.894291755,0.458064516,0.926190476
0.521428571,0.844492441,0.513513514,0.887268621,0.219101124,0.890868597,0.582959641,0.921487603,0.485074627,0.929705215
0.388888889,0.843137255,0.548076923,0.886236369,0.288235294,0.90809628,0.5625,0.903640257,0.44295302,0.899061033
0.503448276,0.831877729,0.501123596,0.890156919,0.219251337,0.888636364,0.573221757,0.908119658,0.454545455,0.897862233
0.484126984,0.811320755,0.496296296,0.88600324,0.302702703,0.882352941,0.595454545,0.909650924,0.476190476,0.89953271
0.520325203,0.8375,0.477541371,0.887966193,0.207650273,0.887387387,0.555066079,0.910416667,0.446428571,0.899262899
0.446666667,0.845474614,0.5,0.886160495,0.272277228,0.903529412,0.52244898,0.911255411,0.4625,0.925301205
0.467625899,0.831896552,0.493472585,0.892403511,0.222222222,0.879194631,0.529680365,0.907786885,0.459459459,0.901639344
0.452054795,0.824945295,0.486425339,0.888500885,0.216931217,0.888127854,0.527363184,0.913043478,0.432748538,0.918316832
0.523809524,0.853070175,0.511221945,0.885780199,0.258064516,0.886621315,0.544303797,0.917021277,0.516129032,0.923809524
0.487341772,0.883146067,0.514925373,0.888965246,0.281081081,0.877828054,0.539130435,0.903563941,0.448051948,0.916864608
0.54601227,0.856818182,0.492063492,0.886742499,0.25748503,0.902173913,0.509259259,0.900203666,0.401360544,0.894859813
0.422818792,0.823788546,0.501272265,0.886119425,0.255952381,0.877995643,0.561946903,0.908523909,0.422360248,0.896135266
0.589928058,0.818965517,0.512626263,0.885710079,0.20212766,0.895216401,0.514767932,0.872340426,0.460122699,0.876213592
0.555555556,0.859538784,0.505,0.885834888,0.183333333,0.883668904,0.532407407,0.912423625,0.509933775,0.912735849
0.517241379,0.816593886,0.435207824,0.883623864,0.20855615,0.870454545,0.578199052,0.915322581,0.427536232,0.878718535
0.391608392,0.845652174,0.487373737,0.887329473,0.245810056,0.901785714,0.594339623,0.909090909,0.433823529,0.911161731
0.573170732,0.851936219,0.494871795,0.885547488,0.182857143,0.871681416,0.495283019,0.925252525,0.441717791,0.902912621
0.506849315,0.814004376,0.480620155,0.88836023,0.224719101,0.893095768,0.560869565,0.909853249,0.458333333,0.893271462
0.523489933,0.841409692,0.497685185,0.887228394,0.262857143,0.913716814,0.5,0.90593047,0.470967742,0.892857143
0.468531469,0.823913043,0.491048593,0.884756905,0.216374269,0.879385965,0.495412844,0.934560327,0.489208633,0.876146789
0.525641026,0.825503356,0.51980198,0.884437899,0.272251309,0.883027523,0.575892857,0.910973085,0.387096774,0.916666667
0.459854015,0.830472103,0.486997636,0.889735148,0.192090395,0.877777778,0.545064378,0.924050633,0.5,0.92601432
0.5,0.841059603,0.510309278,0.887373688,0.238888889,0.865771812,0.491525424,0.885350318,0.507692308,0.912359551
0.545454545,0.823913043,0.503937008,0.888638258,0.204545455,0.88691796,0.489451477,0.9,0.544217687,0.894859813
0.458646617,0.831914894,0.516509434,0.884717445,0.176470588,0.877272727,0.526923077,0.921700224,0.472392638,0.924757282
0.520833333,0.82788671,0.473007712,0.886632328,0.224852071,0.8930131,0.525252525,0.909626719,0.460227273,0.902255639
0.523809524,0.831140351,0.456264775,0.885214486,0.230392157,0.917257683,0.493562232,0.9092827,0.464968153,0.866028708
0.527027027,0.815384615,0.473170732,0.886810057,0.240223464,0.895089286,0.526785714,0.888198758,0.52866242,0.923444976
0.483221477,0.823788546,0.513580247,0.885659581,0.3,0.894854586,0.521186441,0.912951168,0.442424242,0.909756098
0.506666667,0.825607064,0.468911917,0.887629978,0.1875,0.887356322,0.534979424,0.890086207,0.426900585,0.930693069
0.507575758,0.804670913,0.486005089,0.882537658,0.268156425,0.877232143,0.563981043,0.921370968,0.49382716,0.910411622
0.462068966,0.851528384,0.543859649,0.889423313,0.284883721,0.894505495,0.566964286,0.902691511,0.425,0.893975904
0.457142857,0.816414687,0.508313539,0.886798015,0.25,0.883227176,0.555023923,0.915662651,0.483443709,0.882075472
0.526315789,0.855875831,0.468325792,0.882992327,0.197860963,0.890909091,0.567226891,0.89978678,0.521428571,0.908045977
0.541666667,0.836601307,0.512195122,0.887006482,0.197860963,0.881818182,0.525114155,0.909836066,0.440251572,0.896634615
0.452054795,0.846827133,0.505882353,0.884416925,0.244186047,0.903296703,0.506493506,0.901260504,0.454545455,0.900462963
0.530769231,0.828752643,0.505995204,0.888981677,0.242236025,0.912017167,0.527027027,0.929896907,0.470967742,0.897619048
0.436241611,0.81938326,0.487684729,0.886390416,0.255555556,0.879194631,0.544117647,0.908548708,0.4375,0.911832947
0.524137931,0.844978166,0.49122807,0.887263804,0.23880597,0.915492958,0.563559322,0.898089172,0.475609756,0.895377129
0.402777778,0.832244009,0.474530831,0.883633155,0.235897436,0.886574074,0.524271845,0.908183633,0.465277778,0.900232019
0.467105263,0.829268293,0.522167488,0.884868421,0.205128205,0.900212314,0.526548673,0.906444906,0.391891892,0.887587822
0.577181208,0.86123348,0.481220657,0.887753096,0.196531792,0.894273128,0.55450237,0.89516129,0.467532468,0.893111639
0.5,0.832967033,0.482093664,0.885747881,0.192708333,0.898850575,0.587982833,0.907172996,0.503067485,0.890776699
0.479041916,0.821100917,0.471389646,0.888812662,0.202185792,0.858108108,0.583333333,0.90605428,0.471698113,0.894230769
0.503546099,0.833333333,0.51536643,0.887327404,0.262295082,0.894144144,0.48245614,0.903966597,0.521472393,0.905339806
0.5,0.832214765,0.459134615,0.893948325,0.202380952,0.893246187,0.565022422,0.917355372,0.448275862,0.909302326
0.485507246,0.819354839,0.503480278,0.886791525,0.242774566,0.887665198,0.521929825,0.924843424,0.432098765,0.900726392
0.586206897,0.84279476,0.517814727,0.884832703,0.21875,0.87816092,0.542857143,0.907444668,0.455696203,0.896882494
0.583941606,0.849785408,0.466200466,0.888522979,0.222826087,0.905191874,0.557603687,0.912244898,0.488372093,0.918114144
0.50931677,0.823529412,0.483375959,0.887896777,0.284974093,0.887096774,0.587378641,0.908183633,0.436708861,0.911270983
0.527950311,0.830316742,0.462921348,0.886418417,0.286516854,0.890868597,0.485714286,0.90945674,0.453333333,0.901176471
0.528169014,0.854663774,0.442352941,0.888299179,0.261363636,0.909090909,0.532188841,0.911392405,0.430463576,0.929245283
0.548387097,0.859375,0.486075949,0.88654988,0.222797927,0.887096774,0.55026455,0.926640927,0.477124183,0.900473934
0.530612245,0.833333333,0.434146341,0.887890395,0.241830065,0.879746835,0.579710145,0.906,0.5,0.904534606
0.545454545,0.801781737,0.468513854,0.887225794,0.215469613,0.903587444,0.506976744,0.904471545,0.450617284,0.9031477
0.519685039,0.81302521,0.492574257,0.886057928,0.294444444,0.910514541,0.574561404,0.920668058,0.497005988,0.906862745
0.493055556,0.825708061,0.493472585,0.885488696,0.238095238,0.896882494,0.547945205,0.883196721,0.496183206,0.918918919
0.455172414,0.849344978,0.506596306,0.885707281,0.257894737,0.897025172,0.529680365,0.915983607,0.449704142,0.899014778
0.469879518,0.837528604,0.501216545,0.886411629,0.247252747,0.892134831,0.507772021,0.902723735,0.474683544,0.918465228
0.483221477,0.848017621,0.503667482,0.887306654,0.227272727,0.867132867,0.473170732,0.912350598,0.463855422,0.929095355
0.520547945,0.842450766,0.502564103,0.887755102,0.188172043,0.897959184,0.558558559,0.907216495,0.503267974,0.936018957
0.487012987,0.832962138,0.529411765,0.885839144,0.238888889,0.876957494,0.537735849,0.903030303,0.506578947,0.88179669
0.46875,0.803611738,0.505464481,0.89004312,0.219387755,0.902552204,0.515873016,0.905494505,0.434210526,0.884160757
0.551470588,0.850107066,0.460048426,0.890427779,0.234972678,0.887387387,0.476635514,0.918864097,0.435714286,0.935632184
0.478571429,0.81425486,0.511873351,0.889874969,0.242236025,0.903433476,0.542222222,0.912863071,0.406060606,0.904878049
0.482993197,0.824561404,0.448648649,0.890756714,0.231578947,0.890160183,0.51627907,0.898373984,0.470198675,0.936320755
0.561643836,0.84463895,0.503816794,0.884254943,0.255555556,0.903803132,0.537777778,0.900414938,0.427536232,0.899313501
0.446666667,0.836644592,0.511335013,0.88629337,0.236453202,0.900943396,0.509803922,0.882703777,0.463414634,0.934306569
0.527559055,0.823529412,0.452606635,0.882566824,0.22459893,0.886363636,0.497607656,0.911646586,0.421052632,0.90070922
0.514925373,0.827292111,0.472772277,0.887039764,0.276243094,0.876681614,0.502392344,0.899598394,0.576388889,0.897911833
0.564935065,0.844097996,0.486005089,0.883322703,0.270718232,0.896860987,0.575342466,0.924180328,0.522012579,0.894230769
0.538461538,0.832980973,0.462068966,0.885835095,0.242937853,0.895555556,0.538461538,0.903807615,0.486111111,0.916473318
0.464788732,0.852494577,0.503649635,0.883317782,0.25,0.893271462,0.478813559,0.908704883,0.524390244,0.890510949
0.463087248,0.854625551,0.492307692,0.887509812,0.243589744,0.855626327,0.566666667,0.905781585,0.479166667,0.914153132
0.516778523,0.817180617,0.485221675,0.88997447,0.261306533,0.878504673,0.59030837,0.902083333,0.41509434,0.903846154
0.520547945,0.824945295,0.521410579,0.887569318,0.247252747,0.898876404,0.550218341,0.941422594,0.448275862,0.895348837
0.473333333,0.836644592,0.484918794,0.887233938,0.23255814,0.892307692,0.489177489,0.928571429,0.424836601,0.890995261
0.47133758,0.840807175,0.476923077,0.888932496,0.155440415,0.903225806,0.465863454,0.923580786,0.493421053,0.93144208
0.529032258,0.832589286,0.514285714,0.889898791,0.209944751,0.890134529,0.56768559,0.922594142,0.484076433,0.887559809
0.471698113,0.831081081,0.513580247,0.88821248,0.204301075,0.900226757,0.504950495,0.895049505,0.483870968,0.914285714
0.503355705,0.843612335,0.479057592,0.891280894,0.211538462,0.898089172,0.557017544,0.935281837,0.43258427,0.889168766
0.52739726,0.831509847,0.504854369,0.886258717,0.233333333,0.88590604,0.568281938,0.908333333,0.512658228,0.904076739
0.487804878,0.838268793,0.502564103,0.886921115,0.219653179,0.905286344,0.541062802,0.89,0.470588235,0.903703704
0.539007092,0.811688312,0.509090909,0.888224042,0.238372093,0.916483516,0.50678733,0.907407407,0.464285714,0.921375921
0.457142857,0.820734341,0.49726776,0.889406115,0.218181818,0.896103896,0.599099099,0.909278351,0.451219512,0.907542579
0.514792899,0.822580645,0.516709512,0.886387049,0.253012048,0.921908894,0.551282051,0.923890063,0.503937008,0.908482143
0.534722222,0.834422658,0.524296675,0.88725899,0.318681319,0.914606742,0.511415525,0.926229508,0.44966443,0.899061033
0.451388889,0.803921569,0.473429952,0.889145383,0.214689266,0.891111111,0.461538462,0.921775899,0.512820513,0.894988067
0.533333333,0.807692308,0.471232877,0.89048949,0.308080808,0.909090909,0.5,0.929018789,0.448979592,0.906542056
0.50617284,0.825396825,0.506265664,0.886331288,0.241025641,0.891203704,0.609302326,0.918699187,0.426666667,0.887058824
0.470967742,0.816964286,0.511056511,0.88731772,0.257309942,0.885964912,0.540909091,0.909650924,0.51497006,0.875
0.517482517,0.843478261,0.453367876,0.884981362,0.267759563,0.898648649,0.545454545,0.907630522,0.4875,0.898795181
0.547297297,0.828571429,0.517482517,0.886360285,0.242105263,0.899313501,0.527896996,0.930379747,0.49044586,0.909090909
0.476923077,0.807610994,0.473282443,0.88450027,0.22754491,0.891304348,0.558823529,0.89978678,0.384057971,0.919908467
0.593495935,0.854166667,0.479166667,0.890975969,0.262569832,0.910714286,0.561181435,0.90212766,0.456140351,0.915841584
0.470967742,0.823660714,0.447089947,0.88536968,0.264864865,0.871040724,0.563380282,0.910931174,0.52027027,0.887587822
0.517482517,0.843478261,0.527638191,0.882999607,0.228915663,0.906724512,0.47804878,0.906374502,0.411764706,0.895734597
0.489051095,0.811158798,0.546728972,0.885776074,0.222222222,0.902380952,0.533632287,0.917355372,0.477419355,0.904761905
0.453333333,0.838852097,0.494004796,0.888343076,0.216666667,0.921700224,0.483606557,0.90712743,0.484662577,0.915048544
0.45,0.83972912,0.503614458,0.884719289,0.253012048,0.887201735,0.502369668,0.915322581,0.409448819,0.897321429
0.48,0.845474614,0.498823529,0.888888889,0.233695652,0.891647856,0.502164502,0.915966387,0.474683544,0.928057554
0.517241379,0.823144105,0.504950495,0.889837997,0.25,0.900221729,0.465437788,0.928571429,0.452941176,0.918518519
0.535947712,0.813333333,0.489208633,0.887360613,0.188172043,0.884353741,0.56097561,0.918326693,0.5,0.908641975
0.629370629,0.845652174,0.455421687,0.88437546,0.274193548,0.888888889,0.54587156,0.918200409,0.423076923,0.903370787
0.455128205,0.8098434,0.525798526,0.885648353,0.261627907,0.883516484,0.50660793,0.8875,0.494252874,0.912718204
0.521428571,0.812095032,0.507109005,0.886890723,0.270967742,0.887711864,0.527522936,0.926380368,0.448979592,0.892523364
0.518248175,0.843347639,0.506234414,0.887252736,0.241176471,0.910284464,0.551282051,0.89640592,0.428571429,0.890736342
0.479166667,0.79956427,0.475935829,0.888333333,0.226130653,0.864485981,0.483606557,0.909287257,0.422535211,0.928406467
0.529801325,0.816371681,0.481662592,0.88637368,0.24260355,0.910480349,0.533333333,0.919087137,0.467105263,0.872340426
0.503184713,0.834080717,0.459677419,0.884472111,0.202312139,0.896475771,0.543378995,0.915983607,0.416149068,0.905797101
0.570469799,0.850220264,0.512528474,0.885960167,0.251461988,0.890350877,0.569506726,0.919421488,0.493333333,0.92
0.625,0.862302483,0.497461929,0.885475957,0.228855721,0.894366197,0.495098039,0.930417495,0.444444444,0.900473934
0.53125,0.837471783,0.497716895,0.8815893,0.27027027,0.891402715,0.551440329,0.909482759,0.41875,0.901204819
0.478571429,0.844492441,0.481220657,0.885836446,0.21875,0.897216274,0.491150442,0.902286902,0.413793103,0.9
0.538461538,0.82826087,0.50397878,0.88321812,0.224489796,0.907192575,0.516431925,0.9048583,0.455782313,0.913551402
0.450381679,0.834745763,0.531862745,0.886772071,0.23902439,0.909952607,0.514285714,0.929577465,0.430939227,0.901015228
0.52238806,0.801705757,0.511961722,0.887158577,0.275280899,0.890868597,0.527659574,0.900423729,0.458333333,0.911547912
0.571428571,0.831533477,0.436548223,0.890235525,0.28042328,0.906392694,0.467889908,0.924335378,0.458598726,0.875598086
0.453333333,0.812362031,0.524752475,0.890721649,0.233160622,0.875576037,0.533678756,0.916342412,0.463235294,0.908883827
0.496644295,0.865638767,0.488839286,0.886450851,0.228070175,0.888157895,0.518181818,0.909650924,0.466666667,0.877647059
0.482758621,0.829694323,0.458646617,0.887067485,0.202453988,0.875,0.523404255,0.898305085,0.436241611,0.88028169
0.524137931,0.81441048,0.532258065,0.885693215,0.268292683,0.898488121,0.47706422,0.916155419,0.425925926,0.9031477
0.55,0.819413093,0.492462312,0.88628779,0.228426396,0.911627907,0.546184739,0.908296943,0.462025316,0.894484412
0.516556291,0.840707965,0.506297229,0.885360946,0.222222222,0.894736842,0.546728972,0.882352941,0.455696203,0.916067146
0.575,0.808126411,0.466843501,0.887140266,0.205405405,0.902714932,0.649038462,0.927855711,0.437086093,0.912735849
0.48,0.812362031,0.520408163,0.887793151,0.21875,0.907922912,0.533018868,0.919191919,0.547169811,0.920673077
0.519480519,0.801781737,0.53125,0.885794282,0.18404908,0.898706897,0.636792453,0.917171717,0.439759036,0.875305623
0.503649635,0.815450644,0.514588859,0.887189293,0.213483146,0.89532294,0.510917031,0.907949791,0.465909091,0.899749373
0.510204082,0.842105263,0.557919622,0.887573092,0.230769231,0.894382022,0.506726457,0.892561983,0.477124183,0.940758294
0.528571429,0.825053996,0.504784689,0.884702299,0.284883721,0.854945055,0.550925926,0.890020367,0.456953642,0.893867925
0.496402878,0.844827586,0.53271028,0.884842229,0.230769231,0.886462882,0.544680851,0.898305085,0.426666667,0.910588235
0.479452055,0.800875274,0.5,0.888250883,0.264864865,0.916289593,0.533898305,0.906581741,0.475609756,0.888077859
0.515151515,0.851380042,0.5,0.884947503,0.218390805,0.902869757,0.476987448,0.912393162,0.475177305,0.896313364
0.488372093,0.829113924,0.527710843,0.889189056,0.224043716,0.896396396,0.526086957,0.907756813,0.503355705,0.896713615
0.579310345,0.834061135,0.471615721,0.887034849,0.270833333,0.905747126,0.527918782,0.923529412,0.438271605,0.900726392
0.54601227,0.813636364,0.485576923,0.887906474,0.264705882,0.905908096,0.56,0.887966805,0.480263158,0.912529551
0.582822086,0.831818182,0.545045045,0.889030989,0.204819277,0.919739696,0.519823789,0.891666667,0.525,0.898795181
0.589403974,0.800884956,0.533169533,0.884175382,0.223404255,0.906605923,0.54040404,0.903732809,0.46875,0.889156627
0.5125,0.837471783,0.502475248,0.88473245,0.21875,0.896551724,0.47107438,0.913978495,0.401162791,0.895781638
0.48447205,0.821266968,0.544600939,0.888932573,0.284210526,0.887871854,0.515981735,0.915983607,0.538961039,0.895486936
0.54248366,0.824444444,0.503496503,0.891472106,0.272222222,0.901565996,0.52173913,0.926624738,0.415204678,0.903465347
0.530201342,0.81277533,0.524390244,0.8847967,0.26519337,0.883408072,0.528384279,0.922594142,0.438709677,0.919047619
0.545454545,0.853006682,0.492924528,0.883538084,0.216374269,0.894736842,0.568181818,0.905544148,0.456953642,0.891509434
0.448979592,0.824561404,0.536764706,0.887655897,0.235632184,0.887417219,0.528888889,0.923236515,0.477124183,0.888625592
0.424836601,0.808888889,0.498759305,0.883118158,0.211111111,0.914988814,0.538812785,0.897540984,0.4,0.895238095
0.524822695,0.829004329,0.505938242,0.884734437,0.211180124,0.905579399,0.520547945,0.915983607,0.474358974,0.890214797
0.5,0.823779193,0.488188976,0.88834404,0.17877095,0.897321429,0.52293578,0.899795501,0.5,0.891041162
0.506493506,0.846325167,0.506361323,0.886315686,0.238636364,0.89578714,0.56302521,0.89978678,0.477419355,0.902380952
0.559006211,0.821266968,0.569974555,0.891173151,0.215909091,0.904656319,0.569620253,0.904255319,0.503144654,0.911057692
0.556338028,0.8329718,0.508515815,0.888719737,0.217391304,0.909871245,0.579831933,0.931769723,0.496551724,0.886046512
0.476190476,0.817982456,0.492718447,0.888714272,0.239263804,0.905172414,0.459349593,0.921908894,0.453333333,0.887058824
0.554054054,0.828571429,0.50132626,0.88753248,0.21978022,0.905617978,0.495652174,0.901467505,0.410071942,0.922018349
0.472222222,0.823529412,0.48,0.886620202,0.247126437,0.900662252,0.563636364,0.917864476,0.460526316,0.90070922
0.490909091,0.847031963,0.557603687,0.885594887,0.251396648,0.890625,0.516431925,0.933198381,0.471590909,0.904761905
0.529801325,0.853982301,0.498714653,0.886141771,0.262857143,0.904867257,0.524390244,0.932754881,0.421768707,0.927570093
0.41958042,0.82826087,0.524050633,0.884685215,0.240437158,0.846846847,0.535885167,0.903614458,0.444444444,0.881188119
0.557971014,0.838709677,0.509389671,0.885344997,0.244565217,0.898419865,0.494949495,0.913555992,0.418918919,0.899297424
0.5,0.832244009,0.479905437,0.888015331,0.221052632,0.883295195,0.513043478,0.901467505,0.41875,0.891566265
0.416666667,0.849673203,0.467213115,0.892395139,0.234042553,0.892938497,0.506550218,0.914225941,0.456953642,0.910377358
0.49689441,0.839366516,0.510471204,0.887014515,0.208955224,0.910798122,0.476851852,0.926680244,0.547058824,0.891358025
0.578231293,0.813596491,0.508641975,0.888408857,0.25,0.89135255,0.530701754,0.895615866,0.432432432,0.889929742
0.545454545,0.847031963,0.533333333,0.887019231,0.240223464,0.90625,0.506493506,0.920168067,0.442857143,0.901149425
0.538461538,0.835095137,0.508235294,0.882991793,0.301136364,0.89135255,0.516666667,0.884368308,0.392857143,0.882758621
0.43373494,0.848970252,0.524822695,0.895680802,0.237569061,0.894618834,0.497737557,0.913580247,0.439759036,0.882640587
0.512820513,0.84787472,0.521091811,0.883461784,0.231707317,0.909287257,0.570093458,0.918864097,0.5,0.911270983
0.49375,0.837471783,0.504761905,0.888179228,0.2,0.878718535,0.532110092,0.930470348,0.419117647,0.890660592
0.510344828,0.871179039,0.555837563,0.886015702,0.28342246,0.884090909,0.597510373,0.907725322,0.522292994,0.887559809
0.542857143,0.846652268,0.501319261,0.888207894,0.279329609,0.890625,0.546728972,0.9168357,0.422818792,0.889671362
0.51875,0.823927765,0.512376238,0.889936181,0.208791209,0.898876404,0.547244094,0.924944812,0.432098765,0.915254237
0.483870968,0.868303571,0.509138381,0.887107057,0.261538462,0.872685185,0.486363636,0.907597536,0.480263158,0.907801418
0.604316547,0.851293103,0.475,0.885266057,0.206896552,0.905077263,0.52173913,0.918238994,0.423076923,0.914081146
0.489932886,0.837004405,0.508599509,0.887415918,0.220994475,0.887892377,0.582222222,0.902489627,0.519230769,0.902147971
0.470588235,0.866666667,0.479905437,0.888408432,0.26,0.925058548,0.603773585,0.927272727,0.37012987,0.919239905
0.411764706,0.830835118,0.509049774,0.883926815,0.232044199,0.930493274,0.502283105,0.899590164,0.432926829,0.892944039
0.517985612,0.825431034,0.472222222,0.88610266,0.196721311,0.896396396,0.536796537,0.907563025,0.467105263,0.888888889
0.547945205,0.822757112,0.510582011,0.885467739,0.254545455,0.891774892,0.536231884,0.902,0.487341772,0.880095923
0.506493506,0.812917595,0.458852868,0.884454916,0.243523316,0.884792627,0.525345622,0.924489796,0.458598726,0.899521531
0.526315789,0.831485588,0.498740554,0.883152574,0.212290503,0.899553571,0.577981651,0.90797546,0.471264368,0.895261845
0.51875,0.810383747,0.524940618,0.887141945,0.17679558,0.878923767,0.543859649,0.885177453,0.562913907,0.884433962
0.513333333,0.845474614,0.501246883,0.886516468,0.274193548,0.897959184,0.516746411,0.895582329,0.403726708,0.934782609
0.48447205,0.864253394,0.522546419,0.889493553,0.211956522,0.889390519,0.548387097,0.926530612,0.481707317,0.885644769
0.566433566,0.832608696,0.513297872,0.889302873,0.253012048,0.889370933,0.54954955,0.901030928,0.450704225,0.903002309
0.531746032,0.836477987,0.471014493,0.887033399,0.235602094,0.903669725,0.552884615,0.889779559,0.462068966,0.911627907
0.48,0.832229581,0.45990566,0.886486486,0.222826087,0.896162528,0.553571429,0.931677019,0.464968153,0.911483254
0.52,0.814569536,0.481572482,0.89085285,0.198757764,0.905579399,0.516431925,0.914979757,0.467105263,0.903073286
0.510344828,0.810043668,0.496453901,0.886934303,0.218579235,0.878378378,0.568720379,0.923387097,0.522875817,0.909952607
0.5,0.827133479,0.521390374,0.883529412,0.229946524,0.888636364,0.555555556,0.904276986,0.503496503,0.921296296
0.531034483,0.84279476,0.490566038,0.890408273,0.271276596,0.865603645,0.495726496,0.926004228,0.450292398,0.888613861
0.483221477,0.81938326,0.4875,0.890399529,0.257861635,0.901709402,0.544680851,0.934322034,0.469879518,0.897310513
0.506944444,0.838779956,0.484536082,0.888060434,0.221105528,0.885514019,0.551724138,0.900793651,0.428571429,0.925120773
0.503703704,0.837606838,0.464203233,0.88776363,0.246231156,0.890186916,0.540650407,0.889370933,0.479532164,0.903465347
0.49044586,0.834080717,0.505966587,0.886366986,0.25,0.89261745,0.492682927,0.896414343,0.472440945,0.926339286
0.485714286,0.81425486,0.488721805,0.884760736,0.219653179,0.9030837,0.580808081,0.915520629,0.478873239,0.889145497
0.452830189,0.846846847,0.525547445,0.884840151,0.212435233,0.896313364,0.520179372,0.917355372,0.488095238,0.923832924
0.508379888,0.787735849,0.50129199,0.88782067,0.228855721,0.870892019,0.52970297,0.906930693,0.470930233,0.903225806
0.489208633,0.868534483,0.525547445,0.884692825,0.277108434,0.893709328,0.546218487,0.89978678,0.493421053,0.936170213
0.437956204,0.847639485,0.475324675,0.889155917,0.237804878,0.904967603,0.56,0.929460581,0.433333333,0.915294118
0.5,0.81978022,0.505291005,0.887232791,0.206896552,0.902869757,0.466942149,0.905376344,0.459459459,0.882903981
0.561151079,0.816810345,0.469879518,0.88761727,0.228571429,0.889380531,0.554455446,0.910891089,0.481012658,0.899280576
0.474683544,0.820224719,0.511848341,0.888659591,0.218579235,0.887387387,0.564814815,0.912423625,0.473333333,0.896470588
0.525974026,0.79064588,0.509043928,0.882768431,0.212765957,0.91571754,0.507936508,0.940659341,0.528301887,0.913461538
0.564285714,0.844492441,0.510204082,0.884113433,0.205263158,0.894736842,0.576576577,0.901030928,0.436241611,0.915492958
0.565789474,0.813747228,0.5,0.88704775,0.220994475,0.899103139,0.54185022,0.929166667,0.414012739,0.901913876
0.477272727,0.83014862,0.503740648,0.885583861,0.25477707,0.906382979,0.549295775,0.902834008,0.478787879,0.909756098
0.528985507,0.832258065,0.483204134,0.887477314,0.25,0.873614191,0.55984556,0.892857143,0.510344828,0.902325581
0.457746479,0.843817787,0.454794521,0.89146945,0.279329609,0.883928571,0.482758621,0.916666667,0.541935484,0.907142857
0.555555556,0.788671024,0.513784461,0.888638037,0.248554913,0.896475771,0.533018868,0.911111111,0.43902439,0.912408759
0.514705882,0.860813704,0.515873016,0.887821141,0.222222222,0.888143177,0.54245283,0.890909091,0.530487805,0.902676399
0.492537313,0.840085288,0.502415459,0.887917485,0.21978022,0.901123596,0.555084746,0.900212314,0.440559441,0.909722222
0.44516129,0.825892857,0.5,0.882480102,0.255681818,0.884700665,0.527027027,0.903092784,0.437956204,0.883561644
0.598639456,0.811403509,0.4775,0.889025228,0.2,0.909722222,0.459821429,0.925465839,0.49112426,0.908866995
0.555555556,0.853333333,0.458937198,0.888654224,0.218934911,0.906113537,0.536945813,0.916666667,0.425675676,0.915690867
0.50955414,0.85426009,0.444711538,0.890067787,0.247368421,0.917620137,0.533039648,0.922916667,0.467532468,0.904988124
0.462585034,0.833333333,0.476426799,0.887192578,0.264367816,0.889624724,0.584821429,0.902691511,0.516339869,0.907582938
0.469512195,0.84738041,0.487804878,0.886810057,0.242268041,0.909930716,0.520661157,0.890322581,0.398648649,0.903981265
0.538461538,0.843400447,0.515075377,0.891882607,0.196969697,0.892773893,0.511961722,0.901606426,0.445086705,0.927860697
0.483443709,0.831858407,0.497282609,0.88924826,0.240963855,0.893709328,0.559241706,0.923387097,0.411042945,0.898058252
0.503546099,0.833333333,0.488607595,0.887678493,0.155844156,0.885835095,0.568376068,0.906976744,0.532934132,0.889705882
0.48951049,0.85,0.461352657,0.88654224,0.282894737,0.886315789,0.565789474,0.899791232,0.439189189,0.894613583
0.517730496,0.837662338,0.509433962,0.886093366,0.222222222,0.897260274,0.558951965,0.89748954,0.362318841,0.90389016
0.464052288,0.831111111,0.49047619,0.884887491,0.271276596,0.872437358,0.568548387,0.899782135,0.526666667,0.912941176
0.496969697,0.792237443,0.511749347,0.887891717,0.27173913,0.878103837,0.619047619,0.87605042,0.493670886,0.90647482
0.5,0.803063457,0.475452196,0.887084907,0.215789474,0.90389016,0.504545455,0.909650924,0.485380117,0.920792079
0.525974026,0.804008909,0.487244898,0.890050044,0.211640212,0.904109589,0.601851852,0.902240326,0.453333333,0.905882353
0.606666667,0.818984547,0.496598639,0.883883342,0.208791209,0.874157303,0.516746411,0.90562249,0.485915493,0.889145497
0.510791367,0.810344828,0.511961722,0.887846335,0.226415094,0.905982906,0.518691589,0.906693712,0.567164179,0.886621315
0.534246575,0.855579869,0.506976744,0.884683445,0.21978022,0.894382022,0.516587678,0.911290323,0.39673913,0.900255754
0.496688742,0.82300885,0.521963824,0.887477314,0.228070175,0.905701754,0.534246575,0.901639344,0.493243243,0.899297424
0.621212121,0.806794055,0.518796992,0.888539877,0.237113402,0.879907621,0.551020408,0.906926407,0.50310559,0.898550725
0.5,0.816777042,0.457386364,0.889530898,0.26993865,0.875,0.525,0.911242604,0.447852761,0.883495146
0.514705882,0.845824411,0.481108312,0.891348089,0.224137931,0.887417219,0.564356436,0.904950495,0.462025316,0.901678657
0.578231293,0.855263158,0.498834499,0.888424674,0.25,0.874715262,0.582995951,0.886956522,0.445205479,0.913752914
0.464516129,0.850446429,0.449411765,0.886874048,0.204545455,0.906873614,0.563786008,0.894396552,0.419161677,0.916666667
0.424657534,0.805251641,0.46039604,0.887677958,0.282608696,0.900677201,0.529953917,0.920408163,0.418439716,0.894009217
0.535714286,0.82937365,0.456057007,0.887829804,0.197740113,0.871111111,0.519823789,0.910416667,0.448717949,0.91646778
0.523178808,0.838495575,0.529126214,0.887191828,0.305555556,0.876957494,0.51627907,0.916666667,0.455782313,0.901869159
0.577639752,0.84841629,0.52617801,0.886769321,0.208791209,0.896629213,0.538071066,0.894117647,0.49122807,0.903465347
0.492647059,0.837259101,0.538265306,0.88676283,0.281081081,0.877828054,0.565400844,0.921276596,0.392405063,0.899280576
0.506097561,0.815489749,0.489156627,0.887862862,0.285,0.896955504,0.561904762,0.899396378,0.445205479,0.913752914
0.525316456,0.815730337,0.5,0.886423744,0.286486486,0.886877828,0.512820513,0.930232558,0.512987013,0.878859857
0.493243243,0.828571429,0.511278195,0.891141104,0.231578947,0.887871854,0.529147982,0.915289256,0.420382166,0.923444976
0.52173913,0.851612903,0.502262443,0.88579579,0.245508982,0.906521739,0.533333333,0.915492958,0.486842105,0.891252955
0.539473684,0.822616408,0.472019465,0.884398173,0.295698925,0.891156463,0.55982906,0.919661734,0.538461538,0.92364532
0.510948905,0.839055794,0.508816121,0.884379447,0.226190476,0.904139434,0.52293578,0.918200409,0.317880795,0.905660377
0.513888889,0.830065359,0.436657682,0.890212224,0.326203209,0.895454545,0.531818182,0.926078029,0.428571429,0.893719807
0.411392405,0.869662921,0.46778043,0.883517563,0.287878788,0.895104895,0.545454545,0.922268908,0.453947368,0.884160757
0.548148148,0.831196581,0.492574257,0.888463427,0.28021978,0.896629213,0.490039841,0.921052632,0.490909091,0.909756098
0.507936508,0.800838574,0.502304147,0.883775811,0.210843373,0.837310195,0.576923077,0.913319239,0.469798658,0.899061033
0.463235294,0.817987152,0.474178404,0.887310792,0.207253886,0.868663594,0.520737327,0.912244898,0.460606061,0.9
0.529032258,0.808035714,0.458333333,0.887031757,0.234042553,0.917995444,0.488584475,0.913934426,0.511764706,0.888888889
0.507042254,0.839479393,0.515892421,0.886128161,0.204819277,0.90021692,0.513392857,0.884057971,0.496815287,0.906698565
0.50625,0.799097065,0.449494949,0.891451565,0.2,0.902777778,0.558035714,0.921325052,0.532894737,0.917257683
0.510638298,0.813852814,0.502525253,0.883796251,0.242574257,0.903529412,0.528138528,0.915966387,0.449704142,0.896551724
0.510204082,0.850877193,0.515151515,0.887623908,0.276836158,0.893333333,0.5,0.934826884,0.428571429,0.916461916
0.5,0.832962138,0.520833333,0.885728298,0.23030303,0.902597403,0.528571429,0.881287726,0.380952381,0.906542056
0.483660131,0.791111111,0.471014493,0.88629666,0.243243243,0.893665158,0.50877193,0.893528184,0.467532468,0.888361045
0.560240964,0.823798627,0.5,0.888626989,0.230337079,0.877505568,0.530434783,0.893081761,0.471698113,0.901442308
0.410071942,0.857758621,0.504807692,0.884222419,0.272189349,0.890829694,0.52293578,0.922290389,0.474025974,0.921615202
0.562962963,0.826923077,0.478371501,0.884843727,0.194444444,0.906040268,0.556603774,0.911111111,0.40625,0.906024096
0.544776119,0.820895522,0.518229167,0.886267778,0.257309942,0.888157895,0.561904762,0.907444668,0.470588235,0.909952607
0.566037736,0.831081081,0.46969697,0.887623908,0.210227273,0.889135255,0.460526316,0.926931106,0.513513514,0.913348946
0.48,0.818984547,0.421836228,0.886308969,0.22826087,0.893905192,0.528571429,0.895372233,0.479452055,0.902097902
0.482758621,0.805676856,0.488188976,0.885990291,0.25433526,0.898678414,0.524229075,0.93125,0.5,0.900243309
0.511278195,0.80212766,0.482100239,0.889560305,0.26519337,0.894618834,0.555045872,0.918200409,0.503225806,0.895238095
0.55033557,0.856828194,0.517676768,0.887918343,0.21761658,0.907834101,0.545454545,0.923694779,0.438271605,0.91283293
0.468965517,0.810043668,0.524630542,0.886144933,0.233532934,0.897826087,0.534188034,0.911205074,0.514285714,0.901149425
0.574585635,0.82464455,0.497297297,0.887473045,0.248407643,0.893617021,0.576131687,0.911637931,0.424050633,0.908872902
0.513157895,0.840354767,0.44772118,0.884466448,0.272727273,0.888636364,0.564315353,0.901287554,0.408284024,0.871921182
0.463087248,0.825991189,0.49742268,0.883400373,0.255952381,0.917211329,0.526748971,0.909482759,0.4,0.919047619
0.521428571,0.812095032,0.507211538,0.889330976,0.213414634,0.902807775,0.524229075,0.914583333,0.425,0.886746988
0.519736842,0.842572062,0.518817204,0.886236643,0.259036145,0.921908894,0.552380952,0.889336016,0.445859873,0.887559809
0.555555556,0.863247863,0.461352657,0.890717092,0.242774566,0.905286344,0.51627907,0.902439024,0.46835443,0.916067146
0.53125,0.852631579,0.532374101,0.886279904,0.23857868,0.876744186,0.582222222,0.935684647,0.465838509,0.900966184
0.463768116,0.83655914,0.501222494,0.887404861,0.229166667,0.896551724,0.541666667,0.912423625,0.474025974,0.928741093
0.51369863,0.827133479,0.492462312,0.885404397,0.237569061,0.896860987,0.512195122,0.90021692,0.480519481,0.933491686
0.52892562,0.813278008,0.5,0.887971698,0.212643678,0.867549669,0.533613445,0.908315565,0.476510067,0.906103286
0.584415584,0.830734967,0.503856041,0.886534216,0.221556886,0.902173913,0.537037037,0.898167006,0.402597403,0.916864608
0.511278195,0.840425532,0.538647343,0.887229862,0.233695652,0.891647856,0.514403292,0.915948276,0.437125749,0.921568627
0.483443709,0.82079646,0.528473804,0.885271699,0.220430108,0.904761905,0.532751092,0.912133891,0.475308642,0.927360775
0.432098765,0.804988662,0.490049751,0.886216375,0.241758242,0.894382022,0.520833333,0.907922912,0.432258065,0.919047619
0.554140127,0.83632287,0.468671679,0.887460123,0.268817204,0.884353741,0.579646018,0.906444906,0.490797546,0.917475728
0.545454545,0.844748858,0.502262443,0.888746803,0.195,0.908665105,0.582608696,0.932914046,0.463235294,0.89977221
0.466216216,0.830769231,0.501182033,0.889980836,0.313513514,0.882352941,0.504716981,0.919191919,0.472392638,0.866504854
0.532846715,0.845493562,0.496221662,0.887323944,0.272727273,0.895104895,0.554054054,0.927835052,0.44295302,0.931924883
0.5,0.835140998,0.508571429,0.887925969,0.263157895,0.921052632,0.516746411,0.921686747,0.50295858,0.899014778
0.472972973,0.863736264,0.502590674,0.883902295,0.231958763,0.889145497,0.564102564,0.915433404,0.417218543,0.922169811
0.478787879,0.831050228,0.462365591,0.889912754,0.211111111,0.901565996,0.545023697,0.891129032,0.429530201,0.892018779
0.587837838,0.81978022,0.521518987,0.888758035,0.174698795,0.898047722,0.573991031,0.917355372,0.452229299,0.911483254
0.48427673,0.84009009,0.498871332,0.885544243,0.220512821,0.888888889,0.529166667,0.929336188,0.536585366,0.924574209
0.503816794,0.836864407,0.4925,0.885785805,0.197452229,0.872340426,0.52360515,0.915611814,0.425,0.920481928
0.503448276,0.820960699,0.524361949,0.888905275,0.176165803,0.898617512,0.560185185,0.910386965,0.429530201,0.882629108
0.532374101,0.844827586,0.508241758,0.885056345,0.25748503,0.884782609,0.565853659,0.926294821,0.414285714,0.901149425
0.517482517,0.823913043,0.497797357,0.882874016,0.260115607,0.889867841,0.55,0.932238193,0.383116883,0.909738717
0.463235294,0.830835118,0.501285347,0.88570027,0.247191011,0.873051225,0.516908213,0.916,0.439189189,0.899297424
0.551724138,0.855895197,0.505592841,0.888276676,0.262032086,0.913636364,0.528037383,0.935091278,0.468531469,0.921296296
0.595588235,0.839400428,0.478747204,0.893196241,0.233532934,0.865217391,0.465686275,0.900596421,0.421383648,0.894230769
0.397163121,0.813852814,0.503778338,0.885851696,0.208333333,0.871459695,0.513392857,0.915113872,0.506756757,0.903981265
0.56462585,0.804824561,0.502631579,0.884083554,0.195876289,0.893764434,0.529411765,0.884773663,0.404109589,0.913752914
0.529032258,0.821428571,0.536895674,0.884009617,0.245714286,0.896017699,0.528138528,0.915966387,0.480620155,0.921524664
0.519083969,0.815677966,0.440758294,0.888119104,0.172839506,0.905376344,0.547413793,0.903157895,0.480769231,0.91646778
0.496688742,0.82300885,0.447570332,0.889025168,0.185185185,0.894623656,0.546218487,0.906183369,0.436046512,0.915632754
0.489932886,0.841409692,0.517814727,0.886601484,0.295698925,0.904761905,0.516666667,0.925053533,0.439759036,0.899755501
0.626865672,0.833688699,0.503546099,0.882708466,0.286432161,0.908878505,0.570093458,0.92494929,0.56424581,0.929292929
0.605839416,0.824034335,0.491442543,0.886913823,0.217391304,0.887133183,0.54978355,0.913865546,0.496969697,0.904878049
0.60130719,0.848888889,0.508641975,0.881732044,0.232432432,0.882352941,0.577981651,0.90797546,0.421052632,0.905940594
0.493150685,0.835886214,0.447058824,0.887807755,0.220930233,0.885714286,0.54185022,0.889583333,0.465408805,0.875
0.54676259,0.82112069,0.492924528,0.888501229,0.217171717,0.911421911,0.589430894,0.921908894,0.424657534,0.906759907
0.517730496,0.822510823,0.483290488,0.886092715,0.202531646,0.884861407,0.561320755,0.921212121,0.493589744,0.918854415
0.542635659,0.824894515,0.471649485,0.886932208,0.201149425,0.905077263,0.512195122,0.910358566,0.4125,0.910843373
0.468965517,0.844978166,0.494279176,0.887790726,0.212765957,0.890660592,0.518691589,0.906693712,0.416666667,0.914081146
0.465277778,0.867102397,0.479381443,0.886785049,0.255681818,0.913525499,0.567567568,0.896907216,0.382716049,0.9031477
0.417266187,0.840517241,0.487640449,0.887303852,0.292553191,0.897494305,0.530232558,0.926829268,0.470967742,0.888095238
0.638709677,0.819196429,0.493403694,0.886050503,0.208092486,0.881057269,0.561403509,0.891440501,0.46969697,0.871331828
0.503267974,0.811111111,0.480952381,0.886066621,0.206185567,0.896073903,0.581497797,0.933333333,0.407185629,0.901960784
0.490566038,0.824324324,0.549751244,0.885136462,0.247252747,0.912359551,0.572687225,0.90625,0.450617284,0.924939467
0.520547945,0.827133479,0.474452555,0.88675539,0.283950617,0.88172043,0.574074074,0.910386965,0.466666667,0.904878049
0.566878981,0.798206278,0.509615385,0.890853718,0.226315789,0.901601831,0.469298246,0.903966597,0.461038961,0.888361045
0.49122807,0.821759259,0.501272265,0.887591384,0.227979275,0.891705069,0.488262911,0.906882591,0.436241611,0.91314554
0.578616352,0.842342342,0.478070175,0.886209273,0.225274725,0.887640449,0.53271028,0.914807302,0.459302326,0.885856079
0.570512821,0.85458613,0.535885167,0.884161918,0.221621622,0.884615385,0.554112554,0.894957983,0.411392405,0.901678657
0.520833333,0.816993464,0.463133641,0.885004916,0.219101124,0.902004454,0.511013216,0.889583333,0.436619718,0.935334873
0.517647059,0.810623557,0.504901961,0.888146912,0.211111111,0.89261745,0.525114155,0.909836066,0.460992908,0.889400922
0.503816794,0.81779661,0.533333333,0.885547488,0.245614035,0.905701754,0.535211268,0.900809717,0.369863014,0.892773893
0.537313433,0.820895522,0.470167064,0.887202162,0.24,0.887168142,0.566037736,0.917171717,0.373493976,0.887530562
0.584507042,0.845986985,0.505154639,0.884773864,0.217105263,0.892631579,0.544186047,0.918699187,0.562874251,0.909313725
0.522012579,0.844594595,0.49744898,0.88710627,0.244047619,0.925925926,0.520547945,0.93442623,0.446043165,0.917431193
0.521212121,0.842465753,0.484261501,0.888414125,0.244444444,0.89261745,0.541484716,0.89748954,0.520958084,0.911764706
0.503649635,0.830472103,0.5,0.885631507,0.135869565,0.923250564,0.522522523,0.907216495,0.414965986,0.918224299
0.537572254,0.851162791,0.464114833,0.883425034,0.242774566,0.887665198,0.582278481,0.904255319,0.53164557,0.884892086
0.53164557,0.820224719,0.482288828,0.886411525,0.269662921,0.902004454,0.577405858,0.88034188,0.439306358,0.900497512
0.472222222,0.851851852,0.498806683,0.887546057,0.209039548,0.92,0.535211268,0.929149798,0.525974026,0.902612827
0.66442953,0.81938326,0.480620155,0.885466228,0.239361702,0.881548975,0.56302521,0.906183369,0.484076433,0.90430622
0.506849315,0.822757112,0.444717445,0.884077184,0.211428571,0.89159292,0.475336323,0.929752066,0.474358974,0.91646778
0.496732026,0.826666667,0.495121951,0.884060106,0.253731343,0.892018779,0.527027027,0.894845361,0.472727273,0.914634146
0.485074627,0.825159915,0.475369458,0.890318146,0.218390805,0.909492274,0.556561086,0.886831276,0.377358491,0.918269231
0.557251908,0.834745763,0.492307692,0.885105965,0.230769231,0.898876404,0.543778802,0.910204082,0.446808511,0.917050691
0.5,0.819354839,0.479809976,0.889893382,0.284153005,0.864864865,0.550458716,0.918200409,0.458064516,0.897619048
0.517241379,0.836244541,0.53286385,0.888244545,0.180124224,0.924892704,0.487068966,0.882105263,0.458064516,0.907142857
0.457142857,0.855291577,0.495956873,0.887614566,0.245901639,0.907657658,0.529680365,0.915983607,0.496815287,0.897129187
0.518292683,0.797266515,0.544715447,0.884685126,0.267045455,0.89135255,0.547085202,0.909090909,0.466257669,0.900485437
0.503496503,0.817391304,0.507692308,0.885449372,0.211428571,0.920353982,0.495283019,0.888888889,0.398648649,0.920374707
0.510067114,0.825991189,0.518779343,0.884656969,0.263803681,0.900862069,0.546296296,0.898167006,0.4,0.916666667
0.588235294,0.833333333,0.516587678,0.888413915,0.229508197,0.921171171,0.519823789,0.9125,0.368421053,0.90070922
0.436619718,0.828633406,0.471291866,0.889762232,0.167539267,0.905963303,0.530364372,0.891304348,0.385093168,0.88647343
0.472972973,0.857142857,0.507281553,0.888812494,0.263803681,0.900862069,0.50952381,0.903420523,0.459119497,0.903846154
0.574324324,0.841758242,0.544041451,0.880616049,0.234972678,0.891891892,0.518828452,0.903846154,0.406666667,0.912941176
0.526946108,0.814220183,0.502688172,0.889814724,0.244318182,0.889135255,0.532110092,0.926380368,0.473333333,0.88
0.440944882,0.848739496,0.487980769,0.886481973,0.291457286,0.897196262,0.530516432,0.892712551,0.448717949,0.902147971
0.526315789,0.840425532,0.476772616,0.883132826,0.292134831,0.85077951,0.581280788,0.898809524,0.368421053,0.910165485
0.476821192,0.842920354,0.503649635,0.881697196,0.286486486,0.886877828,0.502304147,0.920408163,0.458598726,0.90430622
0.552631579,0.827050998,0.502415459,0.888752456,0.236263736,0.905617978,0.506382979,0.891949153,0.411347518,0.910138249
0.551282051,0.859060403,0.486146096,0.887127644,0.28,0.927400468,0.548837209,0.910569106,0.531034483,0.911627907
0.5,0.832980973,0.469230769,0.888540031,0.262886598,0.916859122,0.491596639,0.92750533,0.480662983,0.913705584
0.512987013,0.824053452,0.507829978,0.886358046,0.213541667,0.905747126,0.495327103,0.9168357,0.571428571,0.908878505
0.559748428,0.831081081,0.508158508,0.890095847,0.265895954,0.911894273,0.497695853,0.918367347,0.376712329,0.895104895
0.510204082,0.855263158,0.514285714,0.884496542,0.240740741,0.905376344,0.514018692,0.926977688,0.489361702,0.891705069
0.535433071,0.836134454,0.555844156,0.883858944,0.202970297,0.877647059,0.504761905,0.91750503,0.459459459,0.911007026
0.452554745,0.858369099,0.576923077,0.884222419,0.179347826,0.914221219,0.575892857,0.925465839,0.512345679,0.898305085
0.49044586,0.840807175,0.481389578,0.887536203,0.248554913,0.865638767,0.54978355,0.905462185,0.428571429,0.890186916
0.486111111,0.860566449,0.50872818,0.887056398,0.289940828,0.888646288,0.526548673,0.902286902,0.465753425,0.909090909
0.531468531,0.843478261,0.540201005,0.887956419,0.269662921,0.890868597,0.533980583,0.900199601,0.417808219,0.897435897
0.555555556,0.830065359,0.486873508,0.891181528,0.218085106,0.895216401,0.521929825,0.912317328,0.44295302,0.899061033
0.551948052,0.819599109,0.513215859,0.885187008,0.224043716,0.905405405,0.514285714,0.911468813,0.503448276,0.902325581
0.487012987,0.837416481,0.497395833,0.888376655,0.220430108,0.873015873,0.602620087,0.916317992,0.457317073,0.929440389
0.466216216,0.802197802,0.443645084,0.886132534,0.21182266,0.893867925,0.552742616,0.936170213,0.473333333,0.88
0.522058824,0.839400428,0.506203474,0.888763438,0.245614035,0.912280702,0.576923077,0.921775899,0.493506494,0.90736342
0.5,0.85300207,0.516587678,0.882370283,0.176470588,0.9,0.581818182,0.909650924,0.391566265,0.902200489
0.496124031,0.831223629,0.475949367,0.887187791,0.198924731,0.891156463,0.529126214,0.914171657,0.452229299,0.889952153
0.506493506,0.846325167,0.495327103,0.887594613,0.219047619,0.877697842,0.538116592,0.91322314,0.462686567,0.909297052
0.469798658,0.808370044,0.506849315,0.887244296,0.22,0.882903981,0.530434783,0.909853249,0.469387755,0.89953271
0.509677419,0.819196429,0.471321696,0.886810975,0.225988701,0.873333333,0.534246575,0.920081967,0.45751634,0.883886256
0.496124031,0.843881857,0.467741935,0.885644051,0.278074866,0.863636364,0.527896996,0.911392405,0.47972973,0.918032787
0.542253521,0.828633406,0.466042155,0.883176881,0.266272189,0.890829694,0.610619469,0.920997921,0.432098765,0.905569007
0.507462687,0.848614072,0.526315789,0.887698959,0.251336898,0.906818182,0.471774194,0.912854031,0.490322581,0.923809524
0.48125,0.837471783,0.540897098,0.887374356,0.18128655,0.879385965,0.5,0.932938856,0.402684564,0.91314554
0.537974684,0.84494382,0.506329114,0.885323127,0.212290503,0.892857143,0.544247788,0.918918919,0.447058824,0.903703704
0.55,0.848812095,0.515151515,0.88373916,0.244047619,0.919389978,0.504761905,0.927565392,0.483870968,0.914285714
0.506666667,0.838852097,0.489749431,0.890877797,0.231638418,0.911111111,0.538095238,0.911468813,0.3875,0.903614458
0.463235294,0.850107066,0.578125,0.889156745,0.236024845,0.888412017,0.542222222,0.925311203,0.427672956,0.899038462
0.569343066,0.817596567,0.534313725,0.889914563,0.208791209,0.912359551,0.599056604,0.886868687,0.503401361,0.918224299
0.539473684,0.851441242,0.543766578,0.88753248,0.198830409,0.912280702,0.473684211,0.908141962,0.424418605,0.908188586
0.496932515,0.813636364,0.497524752,0.883014237,0.28313253,0.872017354,0.509174312,0.924335378,0.53125,0.913253012
0.406896552,0.820960699,0.527446301,0.887300418,0.223463687,0.924107143,0.557522124,0.902286902,0.471698113,0.894230769
0.578947368,0.802660754,0.501278772,0.887749595,0.189944134,0.917410714,0.452755906,0.929359823,0.447552448,0.902777778
0.503649635,0.819742489,0.501204819,0.886192839,0.227272727,0.881118881,0.533980583,0.918163673,0.45751634,0.900473934
0.512048193,0.867276888,0.482323232,0.8872804,0.243654822,0.876744186,0.488151659,0.907258065,0.385964912,0.908415842
0.452380952,0.825995807,0.430051813,0.884490877,0.227777778,0.865771812,0.540669856,0.911646586,0.398648649,0.932084309
0.53030303,0.813163482,0.4825,0.88725827,0.231707317,0.894168467,0.504424779,0.916839917,0.516339869,0.90521327
0.482517483,0.847826087,0.494505495,0.883586477,0.243523316,0.894009217,0.565217391,0.905660377,0.456375839,0.896713615
0.509677419,0.832589286,0.512820513,0.887411695,0.248484848,0.902597403,0.560869565,0.918238994,0.456953642,0.919811321
0.598684211,0.835920177,0.525727069,0.886013676,0.185393258,0.890868597,0.493449782,0.935146444,0.42384106,0.908018868
0.54109589,0.84463895,0.520884521,0.887023126,0.273809524,0.893246187,0.518691589,0.93306288,0.512658228,0.944844125
0.481203008,0.840425532,0.513447433,0.886324576,0.235632184,0.911699779,0.539170507,0.918367347,0.412903226,0.907142857
0.546666667,0.812362031,0.461538462,0.885768985,0.2375,0.920770878,0.5,0.934560327,0.429577465,0.919168591
0.493333333,0.836644592,0.452606635,0.886251965,0.244318182,0.911308204,0.47826087,0.894,0.342465753,0.881118881
0.489208633,0.855603448,0.504716981,0.885012285,0.180904523,0.908878505,0.493273543,0.904958678,0.438502674,0.914948454
0.601351351,0.813186813,0.483870968,0.88861617,0.20212766,0.908883827,0.532467532,0.905462185,0.415204678,0.896039604
0.528985507,0.840860215,0.492890995,0.886743318,0.259459459,0.895927602,0.471428571,0.911468813,0.435064935,0.90023753
0.536231884,0.812903226,0.480861244,0.88524268,0.191860465,0.896703297,0.547085202,0.884297521,0.461538462,0.885441527
0.55862069,0.860262009,0.498714653,0.88535688,0.242268041,0.896073903,0.588785047,0.904665314,0.483870968,0.902380952
0.5,0.808988764,0.486146096,0.886440595,0.197802198,0.91011236,0.542600897,0.919421488,0.427586207,0.913953488
0.457831325,0.823798627,0.476454294,0.891833635,0.268817204,0.879818594,0.514563107,0.916167665,0.467948718,0.91646778
0.437037037,0.799145299,0.516372796,0.886440595,0.172972973,0.884615385,0.470588235,0.910536779,0.333333333,0.900473934
0.5,0.821192053,0.514218009,0.890870676,0.301204819,0.911062907,0.589861751,0.920408163,0.476510067,0.920187793
0.507042254,0.84164859,0.520100503,0.883735768,0.208860759,0.8891258,0.495412844,0.899795501,0.435714286,0.917241379
0.574626866,0.825159915,0.480676329,0.886836935,0.262295082,0.898648649,0.544303797,0.917021277,0.429447853,0.900485437
0.467065868,0.850917431,0.523364486,0.887103116,0.295081967,0.86036036,0.577868852,0.911447084,0.433333333,0.882352941
0.491935484,0.803757829,0.486631016,0.88754902,0.208791209,0.916853933,0.54587156,0.895705521,0.451219512,0.909975669
0.47826087,0.817204301,0.512328767,0.89073448,0.225,0.878220141,0.465811966,0.923890063,0.487179487,0.904534606
0.514619883,0.831018519,0.512761021,0.883891265,0.244186047,0.883516484,0.57635468,0.916666667,0.438709677,0.930952381
0.451388889,0.825708061,0.516129032,0.882627264,0.23880597,0.894366197,0.54589372,0.932,0.417177914,0.883495146
0.446666667,0.841059603,0.506976744,0.886354699,0.193548387,0.888888889,0.616161616,0.917485265,0.454545455,0.909738717
0.5859375,0.827368421,0.54308094,0.884802119,0.188172043,0.87755102,0.554054054,0.909278351,0.487179487,0.92124105
0.551515152,0.803652968,0.526806527,0.886556894,0.211340206,0.919168591,0.531400966,0.922,0.432098765,0.898305085
0.476190476,0.809210526,0.490384615,0.887366146,0.222222222,0.877192982,0.479338843,0.913978495,0.39375,0.898795181
0.531468531,0.797826087,0.488721805,0.884809816,0.245901639,0.864864865,0.513636364,0.9137577,0.420689655,0.909302326
0.494047619,0.862068966,0.536649215,0.888779914,0.214723926,0.86637931,0.561904762,0.91750503,0.493243243,0.896955504
0.5,0.851441242,0.487980769,0.88697318,0.204301075,0.900226757,0.490990991,0.921649485,0.479452055,0.895104895
0.52027027,0.828571429,0.455665025,0.88575216,0.214689266,0.888888889,0.547511312,0.886831276,0.480519481,0.90736342
0.489051095,0.826180258,0.5,0.883731211,0.242105263,0.899313501,0.522821577,0.91416309,0.367346939,0.892523364
0.51048951,0.82826087,0.55,0.888326619,0.261627907,0.861538462,0.555555556,0.902489627,0.493975904,0.907090465
0.51369863,0.814004376,0.516587678,0.886497642,0.242105263,0.919908467,0.557142857,0.901408451,0.485915493,0.909930716
0.5,0.840085288,0.491094148,0.887346058,0.229508197,0.900900901,0.547413793,0.909473684,0.414965986,0.880841121
0.538461538,0.839130435,0.461352657,0.890962672,0.241758242,0.885393258,0.559471366,0.89375,0.445859873,0.909090909
0.4765625,0.846315789,0.483375959,0.885590934,0.274725275,0.901123596,0.510373444,0.903433476,0.43125,0.913253012
0.493243243,0.810989011,0.471032746,0.8823183,0.270440252,0.882478632,0.544247788,0.885654886,0.485294118,0.913439636
0.507246377,0.806451613,0.487179487,0.883362005,0.221590909,0.898004435,0.577464789,0.884615385,0.469512195,0.909975669
0.475308642,0.83446712,0.475703325,0.888043958,0.236453202,0.891509434,0.548837209,0.922764228,0.478787879,0.902439024
0.496644295,0.837004405,0.478696742,0.891680982,0.282828283,0.909090909,0.589958159,0.903846154,0.545454545,0.917073171
0.529032258,0.825892857,0.484679666,0.883957874,0.268156425,0.870535714,0.552742616,0.90212766,0.503144654,0.896634615
0.45890411,0.809628009,0.478696742,0.883288344,0.183783784,0.889140271,0.475,0.907922912,0.425373134,0.879818594
0.470149254,0.857142857,0.556122449,0.889461289,0.28342246,0.902272727,0.516431925,0.912955466,0.432926829,0.922141119
0.47260274,0.814004376,0.538461538,0.888022748,0.251497006,0.889130435,0.580645161,0.910204082,0.420382166,0.909090909
0.537313433,0.84434968,0.515075377,0.885649784,0.226519337,0.887892377,0.550239234,0.893574297,0.437908497,0.895734597
0.520833333,0.821350763,0.502347418,0.886573619,0.235294118,0.90809628,0.525,0.912205567,0.422360248,0.898550725
0.496688742,0.842920354,0.470588235,0.886231955,0.216666667,0.859060403,0.557522124,0.902286902,0.493589744,0.863961814
0.570552147,0.820454545,0.497474747,0.888850721,0.232804233,0.906392694,0.454976303,0.931451613,0.484375,0.917225951
0.5,0.873563218,0.474452555,0.887246476,0.256830601,0.912162162,0.5,0.905263158,0.463768116,0.908466819
0.474452555,0.809012876,0.472019465,0.886166086,0.247191011,0.888641425,0.600938967,0.906882591,0.487804878,0.888077859
0.53125,0.828442438,0.484848485,0.890892166,0.222222222,0.890322581,0.559090909,0.907597536,0.435064935,0.912114014
0.557823129,0.850877193,0.494764398,0.888534719,0.251461988,0.907894737,0.555084746,0.906581741,0.430379747,0.908872902
0.424050633,0.835955056,0.47260274,0.879376475,0.255952381,0.91503268,0.593137255,0.912524851,0.475903614,0.894865526
0.5,0.823655914,0.456097561,0.88926537,0.185628743,0.919565217,0.528888889,0.908713693,0.470930233,0.885856079
0.496551724,0.80349345,0.49127182,0.889854219,0.216080402,0.855140187,0.552036199,0.919753086,0.464285714,0.941031941
0.525925926,0.846153846,0.502347418,0.889178298,0.209580838,0.913043478,0.497797357,0.877083333,0.442028986,0.90389016
0.596153846,0.821029083,0.506203474,0.888763438,0.185393258,0.897550111,0.485355649,0.918803419,0.520231214,0.912935323
0.465753425,0.803063457,0.487864078,0.886504273,0.291208791,0.862921348,0.50877193,0.899791232,0.482758621,0.91627907
0.436090226,0.84893617,0.472422062,0.88824483,0.233918129,0.885964912,0.547826087,0.899371069,0.427586207,0.911627907
0.492753623,0.817204301,0.505405405,0.891197804,0.211340206,0.896073903,0.497890295,0.906382979,0.425806452,0.907142857
0.510638298,0.824675325,0.549872123,0.887749595,0.237288136,0.904444444,0.587378641,0.922155689,0.445783133,0.916870416
0.556291391,0.85619469,0.484210526,0.88682946,0.177142857,0.882743363,0.572033898,0.902335456,0.470238095,0.87960688
0.493421053,0.835920177,0.498823529,0.884859207,0.247058824,0.903719912,0.552742616,0.9,0.459627329,0.900966184
0.483221477,0.837004405,0.477777778,0.891104144,0.270114943,0.894039735,0.545454545,0.913654618,0.382716049,0.91283293
0.5,0.802197802,0.530712531,0.886090244,0.247058824,0.884026258,0.49321267,0.903292181,0.372413793,0.909302326
0.578231293,0.815789474,0.52900232,0.883842108,0.302083333,0.914942529,0.587677725,0.907258065,0.496855346,0.913461538
0.513513514,0.848351648,0.478036176,0.890812773,0.218543046,0.892857143,0.598173516,0.887295082,0.404109589,0.8997669
0.396946565,0.826271186,0.479115479,0.886532135,0.215909091,0.935698448,0.53539823,0.902286902,0.445121951,0.895377129
0.509677419,0.852678571,0.5,0.885034883,0.234939759,0.908893709,0.576190476,0.897384306,0.442176871,0.920560748
0.531034483,0.81441048,0.466501241,0.8861617,0.215568862,0.891304348,0.604545455,0.905544148,0.453333333,0.910588235
0.534246575,0.827133479,0.50872818,0.886761891,0.193370166,0.878923767,0.502242152,0.902892562,0.46835443,0.90647482
0.481481481,0.826923077,0.486352357,0.88778165,0.192307692,0.912951168,0.557768924,0.929824561,0.506493506,0.914489311
0.506944444,0.832244009,0.476415094,0.882555283,0.259887006,0.92,0.495535714,0.908902692,0.458064516,0.885714286
0.481927711,0.839816934,0.531615925,0.888533936,0.229166667,0.896551724,0.502347418,0.931174089,0.487654321,0.917675545
0.533333333,0.832229581,0.503957784,0.887031135,0.213903743,0.890909091,0.533333333,0.921529175,0.406666667,0.903529412
0.525641026,0.832214765,0.48346056,0.886855405,0.265060241,0.887201735,0.518348624,0.90797546,0.470238095,0.926289926
0.609756098,0.849658314,0.503685504,0.883635292,0.211340206,0.896073903,0.560747664,0.9168357,0.397590361,0.904645477
0.453947368,0.776053215,0.538666667,0.884013922,0.287356322,0.880794702,0.600961538,0.927855711,0.403508772,0.898514851
0.568493151,0.855579869,0.551980198,0.889297987,0.254237288,0.911111111,0.549356223,0.924050633,0.496732026,0.879146919
0.544871795,0.852348993,0.510638298,0.889695068,0.242937853,0.875555556,0.54245283,0.909090909,0.493975904,0.916870416
0.516339869,0.846666667,0.507177033,0.886863824,0.198895028,0.912556054,0.525641026,0.921775899,0.44137931,0.91627907
0.536144578,0.819221968,0.478589421,0.885017422,0.247191011,0.91091314,0.559241706,0.901209677,0.545454545,0.917073171
0.518248175,0.826180258,0.492227979,0.891210516,0.230392157,0.893617021,0.517391304,0.899371069,0.479452055,0.911421911
0.514084507,0.830802603,0.502392344,0.886028689,0.255434783,0.887133183,0.536036036,0.894845361,0.436708861,0.892086331
0.543307087,0.844537815,0.469907407,0.888654016,0.154285714,0.889380531,0.56561086,0.91563786,0.422818792,0.889671362
0.585526316,0.813747228,0.522352941,0.886530051,0.266304348,0.902934537,0.572727273,0.880903491,0.410958904,0.888111888
0.486666667,0.823399558,0.530266344,0.889052601,0.166666667,0.925170068,0.540425532,0.908898305,0.371621622,0.925058548
0.534351145,0.843220339,0.485933504,0.883971937,0.287292818,0.896860987,0.551219512,0.900398406,0.483870968,0.902380952
0.48630137,0.814004376,0.482014388,0.887999214,0.222222222,0.875,0.568075117,0.925101215,0.438596491,0.891089109
0.585034014,0.787280702,0.458762887,0.886735995,0.21182266,0.910377358,0.512396694,0.929032258,0.443708609,0.905660377
0.510344828,0.807860262,0.555813953,0.882422336,0.246305419,0.891509434,0.539906103,0.912955466,0.446666667,0.908235294
0.482014388,0.806034483,0.50990099,0.889052528,0.257731959,0.900692841,0.565934066,0.927619048,0.427807487,0.907216495
0.49382716,0.854875283,0.526436782,0.887752594,0.21761658,0.880184332,0.60619469,0.906444906,0.475609756,0.890510949
0.5,0.838779956,0.508313539,0.890826905,0.305882353,0.89059081,0.542986425,0.917695473,0.430463576,0.919811321
0.578947368,0.833702882,0.466183575,0.888163065,0.271276596,0.897494305,0.610091743,0.91206544,0.458333333,0.877149877
0.462585034,0.817982456,0.506459948,0.886937754,0.233333333,0.908277405,0.522123894,0.916839917,0.488235294,0.881481481
0.490066225,0.838495575,0.474093264,0.88630567,0.21656051,0.882978723,0.562790698,0.918699187,0.45751634,0.90521327
0.555555556,0.854700855,0.493606138,0.885689055,0.263736264,0.923595506,0.548387097,0.910204082,0.477987421,0.889423077
0.448717949,0.859060403,0.473170732,0.889805539,0.234636872,0.877232143,0.535885167,0.917670683,0.489655172,0.904651163
0.450980392,0.844444444,0.514066496,0.889074229,0.268156425,0.915178571,0.502262443,0.91563786,0.454545455,0.90023753
0.42519685,0.842436975,0.497737557,0.885943341,0.192708333,0.908045977,0.511737089,0.902834008,0.484848485,0.912195122
0.521428571,0.838012959,0.467005076,0.890186457,0.19047619,0.8875,0.461883408,0.915289256,0.422818792,0.877934272
0.539877301,0.834090909,0.513253012,0.884178987,0.213114754,0.885135135,0.53030303,0.878192534,0.462962963,0.898305085
0.456,0.828451883,0.5,0.890674135,0.303030303,0.885281385,0.504716981,0.913131313,0.503311258,0.886792453
0.5,0.814736842,0.481296758,0.885927453,0.201183432,0.899563319,0.531818182,0.893223819,0.4375,0.896385542
0.541353383,0.831914894,0.47826087,0.884365462,0.255555556,0.879194631,0.55399061,0.900809717,0.523178808,0.91745283
0.54109589,0.783369803,0.462311558,0.884030232,0.22826087,0.875846501,0.525114155,0.905737705,0.503184713,0.892344498
0.520958084,0.834862385,0.474418605,0.887141172,0.244565217,0.891647856,0.558441558,0.93907563,0.517985612,0.894495413
0.5390625,0.856842105,0.502325581,0.885027527,0.225274725,0.896629213,0.525210084,0.912579957,0.335526316,0.867612293
0.52,0.80794702,0.487980769,0.888643285,0.258823529,0.877461707,0.514403292,0.941810345,0.5,0.892271663
0.492957746,0.826464208,0.529832936,0.885630066,0.274285714,0.904867257,0.521367521,0.921775899,0.465753425,0.913752914
0.467153285,0.841201717,0.5475,0.88657112,0.267015707,0.899082569,0.544186047,0.912601626,0.51369863,0.918414918
0.514084507,0.84164859,0.494089835,0.89052135,0.214689266,0.9,0.529661017,0.900212314,0.434482759,0.937209302
0.529069767,0.828306265,0.469387755,0.888801456,0.248587571,0.902222222,0.600917431,0.91206544,0.502923977,0.928217822
0.607692308,0.835095137,0.516624041,0.887994898,0.244047619,0.888888889,0.564705882,0.902654867,0.384180791,0.894472362
0.46969697,0.815286624,0.460559796,0.882047005,0.290322581,0.897959184,0.52173913,0.890985325,0.429530201,0.894366197
0.510948905,0.821888412,0.506666667,0.887837639,0.229946524,0.922727273,0.538860104,0.891050584,0.457831325,0.902200489
0.535947712,0.833333333,0.508888889,0.882355835,0.224719101,0.908685969,0.529953917,0.918367347,0.438271605,0.915254237
0.511111111,0.835470085,0.501222494,0.888927081,0.272727273,0.884700665,0.53877551,0.922077922,0.45,0.901204819
0.524137931,0.860262009,0.494117647,0.885399774,0.237569061,0.894618834,0.522522523,0.905154639,0.471698113,0.911057692
0.503448276,0.81441048,0.483627204,0.889286941,0.286516854,0.904231626,0.526570048,0.91,0.444444444,0.911832947
0.523809524,0.873563218,0.466843501,0.884688925,0.241758242,0.880898876,0.52742616,0.923404255,0.465408805,0.908653846
0.496688742,0.829646018,0.485221675,0.887912412,0.208791209,0.903370787,0.502109705,0.912765957,0.37012987,0.921615202
0.503401361,0.824561404,0.505154639,0.88531345,0.230769231,0.901746725,0.513513514,0.901030928,0.527607362,0.893203883
0.525547445,0.82832618,0.551807229,0.887961098,0.198863636,0.906873614,0.535714286,0.927536232,0.37037037,0.909090909
0.4875,0.817155756,0.498746867,0.88795092,0.23699422,0.914096916,0.533980583,0.926147705,0.425925926,0.89346247
0.470967742,0.830357143,0.485365854,0.887006482,0.295857988,0.884279476,0.520547945,0.885245902,0.469135802,0.917675545
0.555555556,0.813417191,0.496314496,0.889674473,0.231213873,0.887665198,0.563063063,0.884536082,0.436708861,0.899280576
0.55625,0.83972912,0.5,0.886564093,0.197802198,0.88988764,0.47755102,0.893939394,0.493589744,0.899761337
0.520833333,0.847494553,0.529976019,0.886967628,0.263736264,0.883146067,0.520547945,0.93442623,0.48502994,0.899509804
0.5,0.806315789,0.552311436,0.889161715,0.25,0.887356322,0.552380952,0.903420523,0.47761194,0.911564626
0.510948905,0.815450644,0.473039216,0.888343317,0.162921348,0.893095768,0.518518519,0.894093686,0.482993197,0.88317757
0.575342466,0.829321663,0.486352357,0.88699622,0.201149425,0.887417219,0.597285068,0.895061728,0.458015267,0.903153153
0.503649635,0.830472103,0.485411141,0.885032113,0.204301075,0.891156463,0.492682927,0.88247012,0.462962963,0.915254237
0.463855422,0.871853547,0.495073892,0.883641005,0.227027027,0.880090498,0.50952381,0.895372233,0.436363636,0.904878049
0.477272727,0.813163482,0.504901961,0.888539723,0.213541667,0.87816092,0.564356436,0.920792079,0.43373494,0.902200489
0.530612245,0.826754386,0.49009901,0.888708886,0.25,0.902934537,0.566666667,0.895372233,0.488,0.915555556
0.547058824,0.819861432,0.487437186,0.889625049,0.18128655,0.907894737,0.507317073,0.908366534,0.493902439,0.902676399
0.578571429,0.801295896,0.480916031,0.884745596,0.261111111,0.912751678,0.587155963,0.891615542,0.450331126,0.910377358
0.52866242,0.82735426,0.513784461,0.885153374,0.267045455,0.889135255,0.443965517,0.915789474,0.39375,0.889156627
0.404255319,0.846320346,0.508860759,0.887727563,0.220430108,0.902494331,0.554054054,0.898969072,0.50955414,0.901913876
0.556338028,0.85032538,0.501128668,0.890659584,0.265432099,0.907526882,0.511737089,0.902834008,0.379310345,0.904651163
0.489361702,0.829004329,0.502403846,0.883976815,0.227513228,0.890410959,0.545454545,0.917485265,0.436781609,0.902743142
0.574468085,0.865800866,0.459330144,0.889320102,0.240837696,0.896788991,0.504385965,0.889352818,0.467532468,0.90023753
0.5,0.84164859,0.491566265,0.881919544,0.231638418,0.895555556,0.517094017,0.923890063,0.453333333,0.903529412
0.509803922,0.815555556,0.481042654,0.888757862,0.212290503,0.904017857,0.488986784,0.904166667,0.483660131,0.90521327
0.506666667,0.834437086,0.510362694,0.888267608,0.286458333,0.87816092,0.52195122,0.892430279,0.486486486,0.878220141
0.465753425,0.81619256,0.525510204,0.88794034,0.268041237,0.893764434,0.527272727,0.924024641,0.467105263,0.891252955
0.538961039,0.853006682,0.528436019,0.885760613,0.196891192,0.914746544,0.495575221,0.925155925,0.45625,0.915662651
0.578231293,0.833333333,0.508905852,0.889701192,0.227272727,0.918414918,0.541832669,0.901315789,0.47972973,0.925058548
0.496932515,0.811363636,0.489361702,0.885067073,0.272727273,0.9,0.600840336,0.912579957,0.429487179,0.909307876
0.566176471,0.805139186,0.51981352,0.887834849,0.223529412,0.914660832,0.510121457,0.913043478,0.472392638,0.881067961
0.528301887,0.817567568,0.489208633,0.889816771,0.217171717,0.916083916,0.5,0.917485265,0.476470588,0.90617284
0.534722222,0.845315904,0.493506494,0.887929766,0.224043716,0.880630631,0.558558559,0.890721649,0.396226415,0.882211538
0.519083969,0.80720339,0.516049383,0.889096176,0.211428571,0.882743363,0.454935622,0.902953586,0.456647399,0.890547264
0.546153846,0.818181818,0.517150396,0.885315028,0.169590643,0.890350877,0.493333333,0.898340249,0.429530201,0.892018779
0.563380282,0.863340564,0.536523929,0.887765618,0.229885057,0.89183223,0.549019608,0.914512922,0.467532468,0.916864608
0.487179487,0.834451902,0.454301075,0.884423096,0.261904762,0.901960784,0.535714286,0.894409938,0.473372781,0.891625616
0.470198675,0.834070796,0.474074074,0.884334037,0.237864078,0.904988124,0.543478261,0.926624738,0.437086093,0.900943396
0.518987342,0.824719101,0.508474576,0.885909336,0.234972678,0.880630631,0.615720524,0.90167364,0.429530201,0.917840376
0.580882353,0.854389722,0.511508951,0.882058578,0.215909091,0.920177384,0.547413793,0.922105263,0.484848485,0.931707317
0.569444444,0.840958606,0.470588235,0.882942651,0.234177215,0.897654584,0.589622642,0.915151515,0.493055556,0.890951276
0.471698113,0.810810811,0.446153846,0.882751177,0.23566879,0.889361702,0.577464789,0.900809717,0.391025641,0.902147971
0.513888889,0.79956427,0.502840909,0.889090197,0.214659686,0.894495413,0.553299492,0.911764706,0.464968153,0.93062201
0.489208633,0.836206897,0.498727735,0.890240911,0.22513089,0.889908257,0.560747664,0.904665314,0.466666667,0.9
0.475524476,0.845652174,0.45994832,0.887771619,0.226519337,0.914798206,0.461538462,0.913580247,0.496296296,0.920454545
0.5,0.796976242,0.481662592,0.885882642,0.244444444,0.883668904,0.533898305,0.921443737,0.443786982,0.913793103
0.48447205,0.843891403,0.52173913,0.88629666,0.255555556,0.908277405,0.524038462,0.887775551,0.448051948,0.90023753
0.379310345,0.80349345,0.509756098,0.884944019,0.183783784,0.889140271,0.577092511,0.914583333,0.43125,0.901204819
0.548387097,0.837160752,0.493975904,0.886389312,0.231638418,0.902222222,0.493333333,0.908713693,0.409090909,0.921615202
0.5,0.841758242,0.475,0.888534407,0.287356322,0.902869757,0.531818182,0.921971253,0.433333333,0.905882353
0.461038961,0.844097996,0.503759398,0.886969325,0.237569061,0.899103139,0.553398058,0.922155689,0.468208092,0.912935323
0.579310345,0.812227074,0.489637306,0.885422798,0.325301205,0.911062907,0.58649789,0.921276596,0.428571429,0.891891892
0.519480519,0.821826281,0.54,0.886031216,0.284090909,0.88691796,0.522167488,0.910714286,0.448484848,0.902439024
0.603773585,0.844594595,0.483490566,0.888845209,0.260115607,0.894273128,0.506493506,0.905462185,0.464705882,0.911111111
0.594594595,0.817582418,0.497487437,0.887711033,0.227777778,0.932885906,0.542735043,0.915433404,0.442748092,0.912162162
0.537414966,0.807017544,0.481662592,0.886177265,0.188571429,0.902654867,0.518518519,0.914460285,0.511363636,0.927318296
0.503448276,0.827510917,0.543478261,0.888064833,0.24,0.878220141,0.527777778,0.906313646,0.506493506,0.928741093
0.566666667,0.841059603,0.516290727,0.888245399,0.288343558,0.892241379,0.49537037,0.896130346,0.36969697,0.914634146
0.523809524,0.848684211,0.502252252,0.882931628,0.288770053,0.875,0.529147982,0.915289256,0.432098765,0.900726392
0.517985612,0.80387931,0.49870801,0.887281111,0.239520958,0.902173913,0.526315789,0.919678715,0.458823529,0.908641975
0.442028986,0.853763441,0.540942928,0.889892494,0.237569061,0.905829596,0.581395349,0.928861789,0.430232558,0.910669975
0.496402878,0.829741379,0.502906977,0.885952031,0.238888889,0.894854586,0.542986425,0.903292181,0.422077922,0.883610451
0.531914894,0.848484848,0.483940043,0.887772689,0.211538462,0.887473461,0.526066351,0.907258065,0.469512195,0.895377129
0.56,0.814569536,0.526315789,0.888932515,0.221621622,0.907239819,0.528571429,0.91750503,0.466666667,0.896470588
0.539473684,0.822616408,0.502415459,0.885854617,0.217142857,0.865044248,0.505154639,0.931773879,0.37593985,0.92081448
0.496774194,0.866071429,0.496183206,0.894460527,0.17816092,0.887417219,0.556521739,0.926624738,0.503355705,0.901408451
0.529411765,0.853333333,0.440217391,0.884494756,0.294117647,0.927272727,0.594470046,0.910204082,0.423312883,0.919902913
0.49689441,0.819004525,0.476190476,0.889800531,0.229050279,0.890625,0.504237288,0.91507431,0.503144654,0.896634615
0.51048951,0.839130435,0.549528302,0.888894349,0.196629213,0.877505568,0.54368932,0.918163673,0.432432432,0.901639344
0.464705882,0.817551963,0.524271845,0.884245163,0.241935484,0.873015873,0.553097345,0.916839917,0.5625,0.911832947
0.449275362,0.819354839,0.482142857,0.887008144,0.2,0.904977376,0.461538462,0.919753086,0.512048193,0.899755501
0.463087248,0.850220264,0.5,0.8873198,0.216374269,0.885964912,0.575892857,0.898550725,0.426966292,0.889168766
0.528571429,0.846652268,0.518604651,0.890336217,0.231481481,0.888077859,0.583710407,0.886831276,0.537414966,0.876168224
0.48447205,0.816742081,0.495,0.887601845,0.229268293,0.890995261,0.51627907,0.922764228,0.455782313,0.91588785
0.447368421,0.818181818,0.513580247,0.883941283,0.296703297,0.894382022,0.492753623,0.918,0.370588235,0.908641975
0.57615894,0.871681416,0.491803279,0.890827127,0.243386243,0.876712329,0.552173913,0.905660377,0.413333333,0.917647059
0.519379845,0.820675105,0.486215539,0.885693252,0.277486911,0.880733945,0.511737089,0.9048583,0.461538462,0.918854415
0.510204082,0.835526316,0.505854801,0.887108665,0.233766234,0.89640592,0.514056225,0.903930131,0.448717949,0.909307876
0.521428571,0.838012959,0.473933649,0.884286557,0.25,0.89135255,0.577092511,0.895833333,0.452830189,0.913461538
0.504065041,0.860416667,0.528061224,0.888332843,0.234449761,0.899521531,0.561904762,0.92555332,0.470930233,0.900744417
0.529761905,0.857471264,0.495121951,0.885533294,0.238095238,0.867102397,0.539130435,0.884696017,0.411764706,0.90521327
0.546666667,0.805739514,0.459657702,0.886177265,0.310344828,0.900662252,0.502283105,0.899590164,0.490066225,0.910377358
0.54375,0.817155756,0.49122807,0.890699387,0.262857143,0.882743363,0.521551724,0.909473684,0.417808219,0.897435897
0.520833333,0.82788671,0.514084507,0.887507372,0.209677419,0.893424036,0.524444444,0.912863071,0.41954023,0.875311721
0.544776119,0.808102345,0.437325905,0.887337742,0.17877095,0.886160714,0.504310345,0.909473684,0.438709677,0.907142857
0.518796992,0.838297872,0.498806683,0.887349546,0.217142857,0.889380531,0.516431925,0.925101215,0.507042254,0.896073903
0.513888889,0.843137255,0.492462312,0.884815469,0.26744186,0.898901099,0.548245614,0.897703549,0.5,0.883211679
0.462962963,0.832199546,0.536643026,0.886492064,0.288043478,0.900677201,0.54978355,0.911764706,0.386503067,0.919902913
0.486842105,0.802660754,0.468446602,0.884932718,0.191011236,0.886414254,0.509803922,0.920477137,0.469135802,0.917675545
0.470198675,0.860619469,0.522781775,0.885002702,0.25,0.897911833,0.4784689,0.895582329,0.485714286,0.910344828
0.467105263,0.842572062,0.528822055,0.887214724,0.194117647,0.903719912,0.540425532,0.911016949,0.463087248,0.903755869
0.493150685,0.84463895,0.518072289,0.88997495,0.183333333,0.901565996,0.56,0.906639004,0.44295302,0.91314554
0.512820513,0.812080537,0.47826087,0.888877987,0.25625,0.87366167,0.527777778,0.902240326,0.448717949,0.894988067
0.503067485,0.815909091,0.534606205,0.883222795,0.25,0.903803132,0.465686275,0.892644135,0.455696203,0.911270983
0.480263158,0.800443459,0.54009434,0.886732187,0.234042553,0.888382688,0.578125,0.900221729,0.494505495,0.893129771
0.461538462,0.816067653,0.503649635,0.887442911,0.204301075,0.882086168,0.502024291,0.910869565,0.41875,0.881927711
0.48125,0.828442438,0.494818653,0.883411811,0.259668508,0.876681614,0.512931034,0.915789474,0.398550725,0.881006865
0.483660131,0.826666667,0.471563981,0.882419418,0.206060606,0.891774892,0.517857143,0.900621118,0.391025641,0.883054893
0.486842105,0.835920177,0.466830467,0.887563215,0.220512821,0.854166667,0.57635468,0.920634921,0.445859873,0.885167464
0.533333333,0.841059603,0.490813648,0.884911489,0.201005025,0.887850467,0.520547945,0.905737705,0.430555556,0.916473318
0.531914894,0.82034632,0.525462963,0.889981319,0.235294118,0.886363636,0.530864198,0.915948276,0.42,0.901176471
0.487179487,0.85458613,0.480392157,0.884955318,0.231958763,0.905311778,0.527659574,0.913135593,0.477987421,0.918269231
0.481481481,0.801282051,0.502439024,0.883667256,0.243523316,0.877880184,0.529411765,0.914512922,0.467532468,0.909738717
0.452054795,0.814004376,0.460048426,0.886596925,0.26519337,0.921524664,0.522167488,0.920634921,0.429487179,0.887828162
0.517006803,0.820175439,0.475961538,0.883976815,0.244186047,0.905494505,0.539215686,0.922465209,0.437956204,0.897260274
0.503144654,0.824324324,0.492788462,0.886432852,0.248587571,0.886666667,0.547413793,0.907368421,0.493150685,0.906759907
0.489361702,0.811688312,0.528967254,0.889630466,0.217391304,0.925507901,0.526315789,0.901606426,0.457317073,0.895377129
0.5625,0.838779956,0.485436893,0.884883607,0.278145695,0.913865546,0.507042254,0.912955466,0.388157895,0.895981087
0.526315789,0.840354767,0.467821782,0.886499755,0.2,0.908466819,0.534313725,0.89860835,0.466257669,0.898058252
0.544117647,0.837259101,0.466200466,0.885524699,0.240963855,0.913232104,0.528138528,0.909663866,0.402597403,0.909738717
0.489655172,0.858078603,0.483957219,0.889558824,0.213414634,0.911447084,0.520930233,0.928861789,0.503546099,0.914746544
0.520833333,0.85620915,0.494089835,0.885607587,0.237569061,0.878923767,0.529147982,0.902892562,0.432432432,0.918032787
0.450704225,0.819956616,0.487179487,0.888196625,0.173684211,0.885583524,0.521126761,0.894736842,0.422077922,0.904988124
0.536912752,0.828193833,0.560570071,0.884980101,0.198795181,0.904555315,0.514150943,0.903030303,0.442307692,0.904534606
0.506410256,0.807606264,0.538461538,0.884639961,0.253968254,0.906392694,0.513513514,0.909278351,0.38410596,0.891509434
0.496688742,0.814159292,0.484261501,0.887382742,0.212290503,0.915178571,0.563157895,0.912959381,0.486486486,0.906323185
0.515923567,0.849775785,0.502512563,0.89090106,0.272727273,0.873614191,0.507317073,0.934262948,0.475308642,0.93220339
0.474074074,0.848290598,0.496437055,0.891318233,0.28,0.89380531,0.524663677,0.911157025,0.380645161,0.904761905
0.482517483,0.793478261,0.470430108,0.88721694,0.221621622,0.900452489,0.520737327,0.869387755,0.496732026,0.90521327
0.572368421,0.838137472,0.51025641,0.889815542,0.194594595,0.923076923,0.512437811,0.946640316,0.389830508,0.922110553
0.477124183,0.828888889,0.530150754,0.885502552,0.256097561,0.902807775,0.568181818,0.924024641,0.473333333,0.901176471
0.458598726,0.82735426,0.508951407,0.884413482,0.245098039,0.898345154,0.5907173,0.917021277,0.424242424,0.902934537
0.517006803,0.861842105,0.517073171,0.887546651,0.274193548,0.902494331,0.493333333,0.939834025,0.465838509,0.903381643
0.444444444,0.84,0.487437186,0.888888889,0.24691358,0.875268817,0.519417476,0.892215569,0.510067114,0.875586854
0.476923077,0.854122622,0.462809917,0.889520357,0.265625,0.873563218,0.523316062,0.898832685,0.388157895,0.907801418
0.510067114,0.839207048,0.481675393,0.887553943,0.219653179,0.86784141,0.493150685,0.893442623,0.41875,0.913253012
0.585526316,0.858093126,0.4375,0.88544223,0.23255814,0.923076923,0.556420233,0.9,0.465838509,0.910628019
0.523809524,0.837719298,0.501228501,0.88677763,0.232227488,0.872596154,0.527659574,0.915254237,0.43030303,0.912195122
0.539877301,0.843181818,0.514066496,0.887602414,0.239263804,0.896551724,0.539534884,0.914634146,0.409722222,0.914153132
0.623188406,0.823655914,0.472906404,0.887028672,0.234972678,0.896396396,0.51010101,0.911591356,0.45505618,0.876574307
0.566433566,0.836956522,0.501246883,0.885043931,0.240963855,0.874186551,0.563786008,0.920258621,0.405063291,0.923261391
0.471014493,0.834408602,0.46882793,0.883522309,0.268817204,0.907029478,0.509090909,0.901437372,0.435714286,0.901149425
0.513888889,0.843137255,0.458438287,0.889286941,0.203389831,0.9,0.543103448,0.913684211,0.44375,0.891566265
0.482993197,0.804824561,0.463291139,0.887040581,0.198863636,0.909090909,0.506550218,0.928870293,0.461538462,0.907407407
0.50931677,0.807692308,0.476426799,0.888567081,0.209039548,0.902222222,0.574074074,0.918533605,0.459459459,0.918032787
0.571428571,0.831533477,0.524822695,0.885361899,0.202312139,0.885462555,0.55982906,0.913319239,0.490797546,0.890776699
0.5,0.826464208,0.488833747,0.88621079,0.222222222,0.906392694,0.561403509,0.908141962,0.516339869,0.888625592
0.475524476,0.810869565,0.491686461,0.889205523,0.201970443,0.91745283,0.546341463,0.906374502,0.440559441,0.907407407
0.50877193,0.81712963,0.503816794,0.885432511,0.156069364,0.900881057,0.572687225,0.897916667,0.476510067,0.894366197
0.474358974,0.836689038,0.512690355,0.884592738,0.209183673,0.872389791,0.546666667,0.935684647,0.448051948,0.876484561
0.594202899,0.821505376,0.486352357,0.889941584,0.209424084,0.883027523,0.504310345,0.886315789,0.516129032,0.897619048
0.5,0.825396825,0.540166205,0.885808063,0.238888889,0.917225951,0.563876652,0.891666667,0.446540881,0.915865385
0.433823529,0.847965739,0.485576923,0.884811868,0.213903743,0.870454545,0.52238806,0.907114625,0.427672956,0.918269231
0.544776119,0.831556503,0.504651163,0.888812426,0.225,0.903640257,0.478873239,0.912955466,0.45,0.903614458
0.443037975,0.835955056,0.478571429,0.885133143,0.240223464,0.899553571,0.510460251,0.903846154,0.450617284,0.89346247
0.486666667,0.823399558,0.511520737,0.885103245,0.244318182,0.884700665,0.518691589,0.918864097,0.496855346,0.911057692
0.447761194,0.799573561,0.456730769,0.885008351,0.228571429,0.887168142,0.577669903,0.916167665,0.49375,0.910843373
0.513888889,0.823529412,0.511450382,0.886561013,0.304597701,0.894039735,0.528138528,0.897058824,0.398734177,0.928057554
0.507042254,0.867678959,0.472813239,0.886295514,0.234636872,0.912946429,0.563063063,0.907216495,0.48125,0.920481928
0.497005988,0.846330275,0.480719794,0.887809664,0.251336898,0.890909091,0.534979424,0.898706897,0.477124183,0.91943128
0.487012987,0.837416481,0.475961538,0.885696041,0.274725275,0.885393258,0.529880478,0.894736842,0.503067485,0.890776699
0.44295302,0.823788546,0.488607595,0.883507532,0.247191011,0.902004454,0.583333333,0.932790224,0.416058394,0.904109589
0.53164557,0.813483146,0.468677494,0.886299956,0.190184049,0.881465517,0.54587156,0.916155419,0.452554745,0.883561644
0.512195122,0.806378132,0.466992665,0.885293396,0.210526316,0.887871854,0.585253456,0.912244898,0.427536232,0.913043478
0.531468531,0.830434783,0.464864865,0.887473045,0.256830601,0.885135135,0.551111111,0.910788382,0.511904762,0.909090909
0.514925373,0.863539446,0.485013624,0.88631352,0.275862069,0.913907285,0.546558704,0.915217391,0.457142857,0.891954023
0.525179856,0.851293103,0.502347418,0.888342835,0.23880597,0.887323944,0.524017467,0.90376569,0.451851852,0.927272727
0.560810811,0.810989011,0.45410628,0.886051081,0.230769231,0.912359551,0.558823529,0.901918977,0.421052632,0.913366337
0.486666667,0.841059603,0.494897959,0.890442547,0.248587571,0.891111111,0.527638191,0.905511811,0.490322581,0.897619048
0.502890173,0.853488372,0.472289157,0.885063117,0.241935484,0.893424036,0.537117904,0.89748954,0.427745665,0.935323383
0.460526316,0.807095344,0.513002364,0.884280871,0.212435233,0.900921659,0.558558559,0.903092784,0.485915493,0.893764434
0.560283688,0.846320346,0.518518519,0.884094921,0.219101124,0.877505568,0.556521739,0.918238994,0.48427673,0.923076923
0.510204082,0.826754386,0.516908213,0.888064833,0.221649485,0.896073903,0.536,0.940919037,0.464285714,0.921375921
0.509933775,0.829646018,0.493887531,0.888190523,0.207650273,0.896396396,0.547263682,0.916996047,0.413173653,0.892156863
0.521126761,0.843817787,0.512304251,0.887538742,0.219251337,0.897727273,0.5,0.918864097,0.472049689,0.903381643
0.417218543,0.807522124,0.530927835,0.89070931,0.208092486,0.894273128,0.518867925,0.923232323,0.455172414,0.906976744
0.467532468,0.848552339,0.519323671,0.882367387,0.293413174,0.886956522,0.54245283,0.880808081,0.476470588,0.911111111
0.460526316,0.824833703,0.486618005,0.888768845,0.228571429,0.902654867,0.509615385,0.927855711,0.444444444,0.911392405
0.503144654,0.837837838,0.520618557,0.885803983,0.194117647,0.888402626,0.479262673,0.924489796,0.443037975,0.87529976
0.584507042,0.806941432,0.502659574,0.885478969,0.195121951,0.86825054,0.501992032,0.907894737,0.5,0.923433875
0.496855346,0.826576577,0.466183575,0.885314342,0.217391304,0.884120172,0.554054054,0.894845361,0.481927711,0.916870416
0.532934132,0.816513761,0.555299539,0.889478859,0.218085106,0.904328018,0.524038462,0.907815631,0.470588235,0.924170616
0.503225806,0.830357143,0.486005089,0.881409156,0.285714286,0.880174292,0.530612245,0.921722114,0.433121019,0.909090909
0.49122807,0.842592593,0.449086162,0.882546221,0.236263736,0.914606742,0.541666667,0.883910387,0.401360544,0.904205607
0.493589744,0.843400447,0.475728155,0.892004715,0.262569832,0.883928571,0.573333333,0.898340249,0.483660131,0.879146919
0.546052632,0.840354767,0.486021505,0.886848195,0.240223464,0.908482143,0.527272727,0.909650924,0.449367089,0.908872902
0.483660131,0.808888889,0.509852217,0.889925373,0.225,0.896955504,0.563063063,0.901030928,0.469387755,0.885514019
0.584415584,0.826280624,0.507109005,0.888168239,0.24137931,0.889150943,0.533333333,0.913480885,0.467532468,0.890736342
0.503401361,0.833333333,0.502347418,0.889080008,0.216666667,0.888143177,0.561403509,0.918580376,0.44375,0.891566265
0.550724638,0.802150538,0.491606715,0.88559218,0.290816327,0.90487239,0.525862069,0.896842105,0.480263158,0.907801418
0.496732026,0.828888889,0.51843318,0.885840708,0.278947368,0.890160183,0.572769953,0.890688259,0.553333333,0.901176471
0.48951049,0.852173913,0.472727273,0.8862622,0.223809524,0.908872902,0.525345622,0.908163265,0.552941176,0.911111111
0.595419847,0.819915254,0.486352357,0.890137941,0.26993865,0.86637931,0.571428571,0.897384306,0.450331126,0.903301887
0.477419355,0.828125,0.516509434,0.885945946,0.234972678,0.891891892,0.513043478,0.905660377,0.42384106,0.922169811
0.422222222,0.854700855,0.484261501,0.886400471,0.186868687,0.895104895,0.532407407,0.916496945,0.468531469,0.916666667
0.516556291,0.834070796,0.516290727,0.885349693,0.261111111,0.876957494,0.540909091,0.905544148,0.47826087,0.913043478
0.465753425,0.842450766,0.507211538,0.884860988,0.216374269,0.888157895,0.541322314,0.905376344,0.48447205,0.90821256
0.527272727,0.824200913,0.486111111,0.883119428,0.240641711,0.904545455,0.475961538,0.927855711,0.41025641,0.897374702
0.541935484,0.837053571,0.491484185,0.890192997,0.188679245,0.898795181,0.516129032,0.906122449,0.46,0.898823529
0.493243243,0.81978022,0.542105263,0.888398549,0.275510204,0.863109049,0.538461538,0.888888889,0.518987342,0.928057554
0.549668874,0.796460177,0.512626263,0.886446167,0.245810056,0.877232143,0.533936652,0.909465021,0.370860927,0.884433962
0.447761194,0.81663113,0.508045977,0.891095924,0.189473684,0.897025172,0.525252525,0.901768173,0.389221557,0.916666667
0.54109589,0.842450766,0.497706422,0.885976989,0.163043478,0.909706546,0.519607843,0.910536779,0.473684211,0.895981087
0.46,0.863134658,0.474040632,0.887118194,0.262569832,0.892857143,0.565420561,0.904665314,0.406015038,0.884615385
0.580645161,0.794642857,0.5,0.888970733,0.172619048,0.871459695,0.577777778,0.914937759,0.493902439,0.914841849
0.463768116,0.853763441,0.503778338,0.886440595,0.242105263,0.908466819,0.510204082,0.906926407,0.4125,0.896385542
0.540145985,0.845493562,0.485074627,0.883958374,0.258064516,0.868480726,0.581497797,0.902083333,0.480519481,0.912114014
0.503355705,0.810572687,0.516129032,0.888638369,0.198067633,0.876190476,0.468899522,0.907630522,0.45751634,0.909952607
0.477124183,0.815555556,0.505102041,0.882641546,0.257894737,0.908466819,0.544041451,0.918287938,0.493975904,0.887530562
0.532544379,0.824884793,0.50129199,0.888801687,0.196202532,0.895522388,0.534188034,0.909090909,0.446540881,0.894230769
0.436241611,0.810572687,0.506265664,0.884564417,0.201117318,0.890625,0.54587156,0.91206544,0.516129032,0.895238095
0.417266187,0.868534483,0.509950249,0.887345376,0.270718232,0.885650224,0.575892857,0.956521739,0.474820144,0.894495413
0.54,0.845474614,0.5,0.884566327,0.266666667,0.891203704,0.565400844,0.889361702,0.428571429,0.904205607
0.542253521,0.828633406,0.477647059,0.886775763,0.213836478,0.912393162,0.485294118,0.900596421,0.408536585,0.875912409
0.472727273,0.860730594,0.5,0.886707245,0.195876289,0.898383372,0.556603774,0.915151515,0.472972973,0.915690867
0.523178808,0.836283186,0.488664987,0.888943417,0.222826087,0.880361174,0.578475336,0.911157025,0.470588235,0.87654321
0.503649635,0.813304721,0.468030691,0.884020998,0.207650273,0.898648649,0.534482759,0.917894737,0.47133758,0.863636364
0.476821192,0.849557522,0.471032746,0.883790548,0.209039548,0.882222222,0.544642857,0.898550725,0.439490446,0.892344498
0.526666667,0.832229581,0.515738499,0.890083984,0.240223464,0.897321429,0.572115385,0.911823647,0.455782313,0.890186916
0.532846715,0.839055794,0.486215539,0.887116564,0.212643678,0.885209713,0.47826087,0.911949686,0.432258065,0.916666667
0.510948905,0.824034335,0.470254958,0.888252289,0.239795918,0.83062645,0.556097561,0.886454183,0.516778523,0.889671362
0.437086093,0.825221239,0.519379845,0.88723206,0.210526316,0.892448513,0.530805687,0.91733871,0.378881988,0.903381643
0.577922078,0.861915367,0.474801061,0.891552679,0.262032086,0.875,0.57918552,0.919753086,0.489795918,0.89953271
0.488549618,0.81779661,0.539192399,0.893234413,0.255208333,0.873563218,0.553097345,0.920997921,0.484615385,0.896629213
0.462068966,0.825327511,0.507042254,0.88205229,0.266666667,0.903803132,0.537444934,0.914583333,0.429487179,0.914081146
0.514492754,0.821505376,0.514851485,0.887481591,0.217142857,0.880530973,0.5,0.910750507,0.401129944,0.90201005
0.508982036,0.855504587,0.474777448,0.886333611,0.252747253,0.88988764,0.522522523,0.907216495,0.458598726,0.918660287
0.55033557,0.832599119,0.503916449,0.884654995,0.194117647,0.90809628,0.53030303,0.899803536,0.4875,0.906024096
0.512658228,0.851685393,0.486618005,0.890684084,0.269230769,0.887640449,0.532994924,0.901960784,0.474683544,0.916067146
0.489655172,0.812227074,0.518987342,0.891064331,0.219653179,0.878854626,0.547008547,0.915433404,0.411392405,0.904076739
0.493333333,0.82781457,0.503937008,0.885107635,0.211180124,0.884120172,0.514285714,0.90945674,0.475308642,0.900726392
0.453416149,0.819004525,0.522546419,0.886355837,0.25,0.894168467,0.551886792,0.905050505,0.467065868,0.928921569
0.532051282,0.84787472,0.445843829,0.89017029,0.225988701,0.897777778,0.506912442,0.910204082,0.408839779,0.883248731
0.468531469,0.82173913,0.5,0.887595757,0.206060606,0.913419913,0.557446809,0.913135593,0.437086093,0.903301887
0.51875,0.817155756,0.536082474,0.884087119,0.174157303,0.904231626,0.504098361,0.913606911,0.453947368,0.919621749
0.525,0.853273138,0.493765586,0.885043931,0.243243243,0.900452489,0.552631579,0.912317328,0.402684564,0.894366197
0.520547945,0.849015317,0.467171717,0.886544312,0.23857868,0.888372093,0.56372549,0.904572565,0.445859873,0.894736842
0.486666667,0.849889625,0.502487562,0.884645592,0.247191011,0.888641425,0.511312217,0.927983539,0.45398773,0.902912621
0.503496503,0.834782609,0.518324607,0.887848176,0.186813187,0.885393258,0.567164179,0.920948617,0.427631579,0.914893617
0.538461538,0.852348993,0.412048193,0.887224323,0.206703911,0.872767857,0.530172414,0.894736842,0.480263158,0.90070922
0.522727273,0.823779193,0.498637602,0.887391581,0.277173913,0.911963883,0.477386935,0.909448819,0.429577465,0.912240185
0.527131783,0.824894515,0.537349398,0.8855543,0.261111111,0.919463087,0.507109005,0.91733871,0.474820144,0.915137615
0.561728395,0.845804989,0.515981735,0.888473643,0.245714286,0.89159292,0.54679803,0.91468254,0.493589744,0.894988067
0.489208633,0.806034483,0.532338308,0.885774593,0.236363636,0.902597403,0.596330275,0.893660532,0.482352941,0.920987654
0.538461538,0.826086957,0.492346939,0.890540673,0.191860465,0.879120879,0.594059406,0.926732673,0.451807229,0.91198044
0.541353383,0.842553191,0.503579952,0.887644313,0.25433526,0.916299559,0.585253456,0.928571429,0.439189189,0.920374707
0.496296296,0.811965812,0.494356659,0.887462496,0.192546584,0.899141631,0.519823789,0.916666667,0.466216216,0.880562061
0.503225806,0.845982143,0.522458629,0.888261019,0.240837696,0.899082569,0.481818182,0.907597536,0.434782609,0.929951691
0.52173913,0.837104072,0.480519481,0.889155917,0.209580838,0.910869565,0.538116592,0.915289256,0.45398773,0.898058252
0.555555556,0.803418803,0.512135922,0.887830272,0.202970297,0.908235294,0.576923077,0.900634249,0.426900585,0.893564356
0.545454545,0.85,0.510204082,0.887302522,0.198895028,0.885650224,0.542600897,0.907024793,0.466666667,0.917647059
0.568627451,0.835555556,0.517321016,0.886878718,0.196721311,0.900900901,0.561702128,0.917372881,0.5,0.901176471
0.510344828,0.81441048,0.515815085,0.88675539,0.204878049,0.921800948,0.57079646,0.898128898,0.401574803,0.897321429
0.552795031,0.814479638,0.485645933,0.888632344,0.217877095,0.883928571,0.525114155,0.920081967,0.447852761,0.912621359
0.477419355,0.792410714,0.516509434,0.89017199,0.197452229,0.917021277,0.506849315,0.893442623,0.470588235,0.911161731
0.519736842,0.853658537,0.523573201,0.886063522,0.214285714,0.88988764,0.526041667,0.908737864,0.380952381,0.899777283
0.582781457,0.816371681,0.51010101,0.888310924,0.207920792,0.901176471,0.502145923,0.926160338,0.425149701,0.899509804
0.468965517,0.831877729,0.534482759,0.889925373,0.267676768,0.876456876,0.566210046,0.893442623,0.445205479,0.913752914
0.507462687,0.846481876,0.470449173,0.888899808,0.252525253,0.909090909,0.5,0.923890063,0.438356164,0.916083916
0.411290323,0.822546973,0.445783133,0.888403163,0.278350515,0.889145497,0.570731707,0.914342629,0.451612903,0.914285714
0.465753425,0.809628009,0.444174757,0.883459385,0.256830601,0.898648649,0.545064378,0.911392405,0.459627329,0.929951691
0.513513514,0.832967033,0.531400966,0.886247544,0.185929648,0.887850467,0.571428571,0.920408163,0.496932515,0.895631068
0.5,0.838012959,0.518427518,0.887072225,0.224242424,0.885281385,0.538116592,0.921487603,0.451612903,0.902380952
0.620253165,0.815730337,0.5,0.888049451,0.226315789,0.890160183,0.560747664,0.935091278,0.458333333,0.916473318
0.503401361,0.833333333,0.467625899,0.887802721,0.156424581,0.917410714,0.50660793,0.91875,0.503067485,0.898058252
0.545454545,0.843478261,0.482587065,0.887639898,0.211956522,0.905191874,0.50678733,0.917695473,0.415584416,0.90023753
0.514925373,0.859275053,0.501272265,0.887444188,0.213414634,0.881209503,0.508928571,0.927536232,0.444444444,0.879146919
0.5,0.834437086,0.52987013,0.885379371,0.233128834,0.894396552,0.492610837,0.89484127,0.472527473,0.905852417
0.506666667,0.82781457,0.478359909,0.883943939,0.225641026,0.868055556,0.575757576,0.890756303,0.417322835,0.901785714
0.410958904,0.818380744,0.474619289,0.884396467,0.246666667,0.914046122,0.502242152,0.902892562,0.427672956,0.918269231
0.666666667,0.82788671,0.472222222,0.886196048,0.267080745,0.89055794,0.482142857,0.917184265,0.450331126,0.908018868
0.517985612,0.836206897,0.495098039,0.88672297,0.279069767,0.894505495,0.524663677,0.91322314,0.455128205,0.918854415
0.519379845,0.816455696,0.515151515,0.885562862,0.209876543,0.916129032,0.510822511,0.892857143,0.448275862,0.93255814
0.44137931,0.823144105,0.485057471,0.881459265,0.205263158,0.887871854,0.542510121,0.904347826,0.462068966,0.918604651
0.526717557,0.843220339,0.485488127,0.888845305,0.248554913,0.898678414,0.47826087,0.890985325,0.510067114,0.908450704
0.414634146,0.824601367,0.497757848,0.88961039,0.244186047,0.905494505,0.532407407,0.906313646,0.478787879,0.924390244
0.536423841,0.840707965,0.496083551,0.891226522,0.219387755,0.902552204,0.518518519,0.896130346,0.471698113,0.903846154
0.4609375,0.812631579,0.5,0.885210578,0.279329609,0.904017857,0.522123894,0.912681913,0.445121951,0.890510949
0.53030303,0.842887473,0.523076923,0.884811617,0.217647059,0.886214442,0.538135593,0.89596603,0.452054795,0.909090909
0.486486486,0.843956044,0.502336449,0.887692913,0.293413174,0.906521739,0.445544554,0.924752475,0.486111111,0.923433875
0.492957746,0.826464208,0.528395062,0.881879326,0.206349206,0.876712329,0.532110092,0.897750511,0.454545455,0.923990499
0.430463576,0.825221239,0.517985612,0.887213244,0.227027027,0.918552036,0.591836735,0.919765166,0.449367089,0.899280576
0.520710059,0.820276498,0.452054795,0.885474036,0.210227273,0.88691796,0.556962025,0.912765957,0.445859873,0.894736842
0.469387755,0.850877193,0.492268041,0.885803983,0.259887006,0.891111111,0.59047619,0.905432596,0.472972973,0.901639344
0.484662577,0.859090909,0.493112948,0.889667336,0.246987952,0.915401302,0.562211982,0.897959184,0.461538462,0.887828162
0.496774194,0.859375,0.5075,0.884018848,0.214659686,0.912844037,0.600858369,0.898734177,0.418604651,0.903225806
0.496688742,0.851769912,0.538071066,0.887634936,0.269662921,0.904231626,0.582938389,0.901209677,0.469798658,0.910798122
0.50625,0.810383747,0.486486486,0.890901949,0.217877095,0.883928571,0.490566038,0.911111111,0.461538462,0.92124105
0.50931677,0.823529412,0.485576923,0.887759112,0.220338983,0.906666667,0.5,0.892631579,0.471698113,0.887019231
0.488372093,0.842227378,0.486419753,0.885757769,0.238636364,0.88691796,0.545023697,0.929435484,0.410596026,0.896226415
0.536764706,0.835117773,0.502525253,0.886740603,0.232044199,0.901345291,0.566210046,0.928278689,0.433962264,0.913461538
0.507246377,0.843010753,0.487528345,0.887719471,0.187817259,0.888372093,0.50212766,0.925847458,0.502890173,0.900497512
0.476510067,0.821585903,0.476190476,0.889717791,0.262569832,0.892857143,0.518672199,0.903433476,0.475177305,0.910138249
0.534351145,0.847457627,0.538071066,0.886555447,0.243093923,0.919282511,0.54589372,0.934,0.485549133,0.890547264
0.496551724,0.860262009,0.542635659,0.891058027,0.26035503,0.914847162,0.556451613,0.908496732,0.461538462,0.849642005
0.507042254,0.817787419,0.509803922,0.882451144,0.278106509,0.890829694,0.563636364,0.909650924,0.431372549,0.91943128
0.503703704,0.858974359,0.490147783,0.890170856,0.245810056,0.910714286,0.572072072,0.927835052,0.432098765,0.917675545
0.551020408,0.813596491,0.469879518,0.88820669,0.207446809,0.888382688,0.518018018,0.898969072,0.386904762,0.921375921
0.492537313,0.850746269,0.498591549,0.890102356,0.25698324,0.892857143,0.600896861,0.911157025,0.405594406,0.914351852
0.489051095,0.830472103,0.530831099,0.885936964,0.235602094,0.908256881,0.445887446,0.886554622,0.43452381,0.904176904
0.562043796,0.815450644,0.471830986,0.885099273,0.205405405,0.895927602,0.586363636,0.905544148,0.416107383,0.908450704
0.552631579,0.838137472,0.50928382,0.885522381,0.233333333,0.906040268,0.506849315,0.918032787,0.372670807,0.90821256
0.52739726,0.807439825,0.474327628,0.888337835,0.195238095,0.892086331,0.54893617,0.911016949,0.474820144,0.885321101
0.527027027,0.837362637,0.498789346,0.888119444,0.187134503,0.903508772,0.513636364,0.921971253,0.469945355,0.887755102
0.573964497,0.838709677,0.473684211,0.882220261,0.244444444,0.906040268,0.534782609,0.905660377,0.474820144,0.899082569
0.51552795,0.834841629,0.464197531,0.886543277,0.272151899,0.878464819,0.514893617,0.889830508,0.490322581,0.897619048
0.517730496,0.837662338,0.473170732,0.886269888,0.234285714,0.884955752,0.478672986,0.913306452,0.445086705,0.883084577
0.482993197,0.802631579,0.487804878,0.887282529,0.190217391,0.909706546,0.470046083,0.912244898,0.446666667,0.912941176
0.425,0.832957111,0.514423077,0.887120542,0.286585366,0.900647948,0.532751092,0.89958159,0.426666667,0.915294118
0.536912752,0.797356828,0.454308094,0.883183758,0.231155779,0.901869159,0.488151659,0.921370968,0.472392638,0.912621359
0.5,0.857768053,0.5,0.889477817,0.21,0.899297424,0.527522936,0.897750511,0.470967742,0.883333333
0.526315789,0.824833703,0.528497409,0.88566804,0.238888889,0.888143177,0.566964286,0.896480331,0.401162791,0.908188586
0.541935484,0.828125,0.484375,0.888621873,0.289340102,0.91627907,0.555045872,0.91002045,0.445945946,0.889929742
0.5625,0.832244009,0.463768116,0.888605108,0.244318182,0.902439024,0.526548673,0.925155925,0.47133758,0.894736842
0.536231884,0.821505376,0.503529412,0.886775763,0.204545455,0.906873614,0.518181818,0.909650924,0.487804878,0.892944039
0.524822695,0.848484848,0.461165049,0.884245163,0.266272189,0.906113537,0.547169811,0.903030303,0.490322581,0.907142857
0.523489933,0.823788546,0.473429952,0.886738703,0.25257732,0.909930716,0.5,0.908704883,0.472727273,0.887804878
0.533783784,0.826373626,0.512626263,0.88708411,0.142045455,0.89135255,0.520361991,0.897119342,0.50617284,0.886198547
0.50955414,0.843049327,0.501319261,0.885707281,0.206703911,0.930803571,0.521551724,0.890526316,0.473333333,0.924705882
0.507042254,0.845986985,0.533505155,0.88546061,0.195530726,0.883928571,0.492890995,0.915322581,0.518987342,0.90647482
0.521126761,0.848156182,0.498771499,0.885893848,0.205405405,0.911764706,0.513761468,0.901840491,0.482352941,0.913580247
0.5,0.845977011,0.486284289,0.887694498,0.234285714,0.911504425,0.549295775,0.898785425,0.487179487,0.902147971
0.525925926,0.822649573,0.521628499,0.886413817,0.254143646,0.890134529,0.493273543,0.911157025,0.438848921,0.901376147
0.526666667,0.843267108,0.498734177,0.889837578,0.234693878,0.914153132,0.475982533,0.90167364,0.48502994,0.887254902
0.47826087,0.834408602,0.542079208,0.883897889,0.195,0.889929742,0.463203463,0.922268908,0.404761905,0.916461916
0.514124294,0.873239437,0.506234414,0.884454916,0.251396648,0.892857143,0.5125,0.914346895,0.477987421,0.908653846
0.471830986,0.826464208,0.451306413,0.887780671,0.230769231,0.917030568,0.515695067,0.946280992,0.449612403,0.903587444
0.558441558,0.826280624,0.503685504,0.888987087,0.279220779,0.89217759,0.571428571,0.920168067,0.322368421,0.921985816
0.531914894,0.833333333,0.480952381,0.885133143,0.238993711,0.912393162,0.547169811,0.937373737,0.485207101,0.871921182
0.487341772,0.849438202,0.503631961,0.888954374,0.272727273,0.890063425,0.520361991,0.927983539,0.453333333,0.915294118
0.551724138,0.860262009,0.496332518,0.886275473,0.187134503,0.903508772,0.562790698,0.93495935,0.507692308,0.916853933
0.510638298,0.83982684,0.487058824,0.885989484,0.248587571,0.9,0.502222222,0.898340249,0.502824859,0.91959799
0.510791367,0.842672414,0.451851852,0.886837842,0.271186441,0.897777778,0.541463415,0.914342629,0.454545455,0.892682927
0.453900709,0.83982684,0.501187648,0.887977202,0.215568862,0.863043478,0.555555556,0.915433404,0.482993197,0.929906542
0.594202899,0.870967742,0.522167488,0.88211901,0.231578947,0.90389016,0.582524272,0.912175649,0.469798658,0.927230047
0.5,0.834394904,0.452261307,0.885011779,0.242937853,0.871111111,0.547511312,0.917695473,0.502994012,0.914215686
0.503030303,0.812785388,0.5078125,0.882491417,0.166666667,0.907526882,0.554054054,0.913402062,0.43373494,0.904645477
0.524193548,0.82045929,0.504273504,0.888752877,0.213872832,0.9030837,0.545833333,0.929336188,0.482758621,0.9
0.503448276,0.840611354,0.566502463,0.885163001,0.211538462,0.870488323,0.466666667,0.919087137,0.456375839,0.896713615
0.608391608,0.858695652,0.524509804,0.885937347,0.254054054,0.898190045,0.506912442,0.916326531,0.473372781,0.891625616
0.503496503,0.832608696,0.512135922,0.890384049,0.223602484,0.892703863,0.458333333,0.912423625,0.460606061,0.885365854
0.506578947,0.831485588,0.479695431,0.884052993,0.206521739,0.860045147,0.487704918,0.92224622,0.421686747,0.907090465
0.573248408,0.840807175,0.484029484,0.884715471,0.243243243,0.891402715,0.564444444,0.890041494,0.455128205,0.928400955
0.518248175,0.830472103,0.487980769,0.887464387,0.270833333,0.894252874,0.519480519,0.918067227,0.385135135,0.899297424
0.51572327,0.822072072,0.548302872,0.888529253,0.235294118,0.9,0.545023697,0.91733871,0.446428571,0.914004914
0.460526316,0.800443459,0.477751756,0.886617192,0.219653179,0.918502203,0.543307087,0.913907285,0.52173913,0.913043478
0.492537313,0.846481876,0.528795812,0.887602982,0.192708333,0.901149425,0.545454545,0.890322581,0.427777778,0.911392405
0.529069767,0.819025522,0.456185567,0.887913274,0.248704663,0.884792627,0.555555556,0.904276986,0.490196078,0.924170616
0.486842105,0.838137472,0.518072289,0.88938553,0.232432432,0.84841629,0.598253275,0.916317992,0.389705882,0.927107062
0.473684211,0.817021277,0.452655889,0.885354702,0.225988701,0.88,0.53539823,0.908523909,0.470588235,0.890995261
0.553846154,0.849894292,0.4575,0.884705998,0.248780488,0.879146919,0.491304348,0.905660377,0.418918919,0.906323185
0.47826087,0.823655914,0.478555305,0.886331218,0.222222222,0.907526882,0.5,0.904051173,0.483870968,0.90952381
0.574468085,0.818181818,0.485436893,0.883312052,0.197860963,0.890909091,0.586363636,0.917864476,0.426751592,0.911483254
0.553191489,0.861471861,0.504021448,0.878437332,0.227027027,0.918552036,0.495327103,0.900608519,0.450867052,0.880597015
0.489361702,0.826839827,0.497560976,0.88518955,0.265536723,0.911111111,0.548837209,0.916666667,0.391812865,0.913366337
0.5,0.830022075,0.523255814,0.885568227,0.272151899,0.89978678,0.497674419,0.924796748,0.467105263,0.919621749
0.615853659,0.792710706,0.525547445,0.886116977,0.209183673,0.890951276,0.540650407,0.932754881,0.453488372,0.910669975
0.513513514,0.817582418,0.494535519,0.887593101,0.234042553,0.872437358,0.550660793,0.902083333,0.557823129,0.878504673
0.553459119,0.826576577,0.525510204,0.885487195,0.251428571,0.889380531,0.556521739,0.926624738,0.475524476,0.900462963
0.535211268,0.819956616,0.482384824,0.888213673,0.166666667,0.875816993,0.504347826,0.901467505,0.389261745,0.877934272
0.470588235,0.822222222,0.523474178,0.885689011,0.25136612,0.887387387,0.516949153,0.921443737,0.447058824,0.901234568
0.489932886,0.834801762,0.523809524,0.886282209,0.209677419,0.888888889,0.5,0.911340206,0.429487179,0.883054893
0.586466165,0.855319149,0.49343832,0.885205708,0.262857143,0.902654867,0.519480519,0.918067227,0.475,0.930120482
0.485074627,0.84434968,0.509234828,0.891198823,0.213414634,0.889848812,0.494897959,0.913894325,0.42,0.889411765
0.506410256,0.827740492,0.502525253,0.885513789,0.263959391,0.920930233,0.539534884,0.916666667,0.496598639,0.901869159
0.514285714,0.850971922,0.51039261,0.887468659,0.21978022,0.912359551,0.495495495,0.894845361,0.401574803,0.928571429
0.506849315,0.833698031,0.494033413,0.888676001,0.21686747,0.889370933,0.527659574,0.921610169,0.441176471,0.911111111
0.569536424,0.809734513,0.513924051,0.886108249,0.212643678,0.89183223,0.563981043,0.901209677,0.447674419,0.908188586
0.524475524,0.77826087,0.544186047,0.884585136,0.260638298,0.911161731,0.504347826,0.928721174,0.484076433,0.899521531
0.444444444,0.821350763,0.504,0.884896318,0.236180905,0.859813084,0.524038462,0.927855711,0.4625,0.903614458
0.415584416,0.830734967,0.541561713,0.888256367,0.167664671,0.910869565,0.568527919,0.882352941,0.463768116,0.922196796
0.549668874,0.816371681,0.538271605,0.886592371,0.209580838,0.917391304,0.508695652,0.880503145,0.428571429,0.9125
0.458015267,0.847457627,0.511111111,0.887819726,0.208121827,0.886046512,0.596412556,0.892561983,0.418181818,0.890243902
0.509677419,0.830357143,0.441102757,0.888147239,0.186746988,0.915401302,0.536585366,0.914342629,0.401315789,0.917257683
0.461038961,0.859688196,0.555269923,0.886779495,0.227272727,0.88248337,0.542857143,0.901408451,0.483660131,0.912322275
0.543478261,0.853763441,0.5,0.883262941,0.198924731,0.911564626,0.535545024,0.901209677,0.522222222,0.911392405
0.545454545,0.828767123,0.533163265,0.887204396,0.211956522,0.884875847,0.511312217,0.911522634,0.487179487,0.91646778
0.474358974,0.838926174,0.505263158,0.885652643,0.263959391,0.890697674,0.545454545,0.919678715,0.458333333,0.882063882
0.491428571,0.808411215,0.534210526,0.890261842,0.258241758,0.901123596,0.558685446,0.906882591,0.509677419,0.94047619
0.570175439,0.830265849,0.495024876,0.886854506,0.275362319,0.89047619,0.5,0.927536232,0.538961039,0.919239905
0.544117647,0.822269807,0.519230769,0.885892524,0.2,0.910755149,0.504273504,0.906976744,0.494117647,0.903703704
0.443609023,0.842553191,0.502403846,0.883780332,0.23655914,0.87755102,0.527027027,0.911340206,0.49044586,0.90430622
0.542253521,0.848156182,0.50913242,0.886555862,0.224719101,0.919821826,0.530864198,0.896551724,0.45323741,0.892201835
0.448275862,0.829694323,0.5025,0.888190831,0.232804233,0.897260274,0.563063063,0.93814433,0.466666667,0.903529412
0.481012658,0.815730337,0.485933504,0.890104499,0.212290503,0.895089286,0.547244094,0.894039735,0.466216216,0.878220141
0.496350365,0.834763948,0.530612245,0.884505937,0.208092486,0.9030837,0.559471366,0.910416667,0.486842105,0.907801418
0.55704698,0.810572687,0.492957746,0.887212502,0.223404255,0.922551253,0.582938389,0.901209677,0.436619718,0.898383372
0.417322835,0.852941176,0.515294118,0.888250037,0.288770053,0.886363636,0.531380753,0.895299145,0.433333333,0.908235294
0.488372093,0.88185654,0.529255319,0.882929699,0.227979275,0.898617512,0.530516432,0.935222672,0.34591195,0.90625
0.60130719,0.826666667,0.475247525,0.889592538,0.241935484,0.886621315,0.545023697,0.899193548,0.517241379,0.876744186
0.565517241,0.818777293,0.515306122,0.889951918,0.228723404,0.876993166,0.511415525,0.905737705,0.426666667,0.922352941
0.534722222,0.816993464,0.497630332,0.88497445,0.25,0.89578714,0.520618557,0.929824561,0.409722222,0.890951276
0.466216216,0.830769231,0.501278772,0.887602414,0.228070175,0.879385965,0.466063348,0.917695473,0.446540881,0.896634615
0.52027027,0.826373626,0.491048593,0.890693225,0.229508197,0.878378378,0.515283843,0.90167364,0.543352601,0.92039801
0.535714286,0.848812095,0.509569378,0.887158577,0.241573034,0.904231626,0.49047619,0.91750503,0.455696203,0.880095923
0.5,0.825708061,0.516629712,0.892535551,0.240223464,0.875,0.534782609,0.905660377,0.490566038,0.889423077
0.549668874,0.838495575,0.543175487,0.883125153,0.231213873,0.894273128,0.555023923,0.927710843,0.462025316,0.889688249
0.509677419,0.830357143,0.492105263,0.887221732,0.216374269,0.912280702,0.546666667,0.898340249,0.428571429,0.8675
0.563758389,0.814977974,0.502439024,0.886515419,0.21182266,0.905660377,0.515021459,0.911392405,0.380645161,0.90952381
0.54248366,0.828888889,0.482939633,0.885843181,0.261363636,0.898004435,0.545064378,0.921940928,0.413173653,0.901960784
0.493589744,0.812080537,0.486997636,0.881627438,0.254054054,0.900452489,0.536170213,0.915254237,0.450980392,0.907582938
0.479166667,0.849673203,0.519906323,0.887305254,0.25433526,0.905286344,0.545045045,0.919587629,0.48,0.894117647
0.506666667,0.805739514,0.514942529,0.888293426,0.247058824,0.912472648,0.581497797,0.9125,0.453416149,0.917874396
0.522058824,0.837259101,0.483116883,0.888959733,0.265536723,0.911111111,0.543859649,0.901878914,0.49044586,0.918660287
0.509090909,0.849315068,0.464824121,0.888054574,0.269461078,0.886956522,0.546255507,0.889583333,0.445945946,0.901639344
0.43537415,0.842105263,0.533505155,0.886245463,0.218181818,0.878787879,0.495652174,0.905660377,0.434782609,0.905797101
0.535211268,0.830802603,0.542579075,0.884545499,0.292397661,0.921052632,0.495575221,0.914760915,0.395061728,0.89346247
0.51744186,0.83062645,0.494818653,0.887826172,0.2,0.878718535,0.5,0.918580376,0.467455621,0.886699507
0.52739726,0.829321663,0.502512563,0.887514723,0.226993865,0.915948276,0.531400966,0.922,0.5,0.909975669
0.472222222,0.814814815,0.515738499,0.887137174,0.260638298,0.865603645,0.553191489,0.88559322,0.452830189,0.911057692
0.540540541,0.861538462,0.519607843,0.884316999,0.244565217,0.884875847,0.538812785,0.915983607,0.448484848,0.919512195
0.453900709,0.83982684,0.504132231,0.887315663,0.254054054,0.891402715,0.551111111,0.904564315,0.52,0.894117647
0.539568345,0.827586207,0.525065963,0.883696985,0.265822785,0.891257996,0.504273504,0.921775899,0.459627329,0.900966184
0.512195122,0.829166667,0.481900452,0.885943341,0.170616114,0.887019231,0.586538462,0.895791583,0.472868217,0.919282511
0.598802395,0.834862385,0.517426273,0.888828979,0.220430108,0.879818594,0.548245614,0.90605428,0.492957746,0.907621247
0.474025974,0.821826281,0.507075472,0.885110565,0.239130435,0.88261851,0.533936652,0.899176955,0.430555556,0.890951276
0.467948718,0.823266219,0.519138756,0.884260169,0.147540984,0.891891892,0.546341463,0.896414343,0.455696203,0.896882494
0.564417178,0.856818182,0.54009434,0.888452088,0.247126437,0.894039735,0.537037037,0.912423625,0.442857143,0.889655172
0.49382716,0.850340136,0.470588235,0.885046775,0.202312139,0.942731278,0.568281938,0.9,0.435294118,0.918518519
0.481927711,0.819221968,0.5,0.88592782,0.24852071,0.919213974,0.525210084,0.910447761,0.420731707,0.924574209
0.532846715,0.832618026,0.476426799,0.889941584,0.236263736,0.914606742,0.455,0.915187377,0.459119497,0.887019231
0.414285714,0.794816415,0.556085919,0.88725129,0.231182796,0.879818594,0.523809524,0.923541247,0.410958904,0.895104895
0.510067114,0.803964758,0.515970516,0.890803751,0.205714286,0.89159292,0.51417004,0.915217391,0.452941176,0.916049383
0.506756757,0.804395604,0.519704433,0.885850353,0.284023669,0.890829694,0.557768924,0.914473684,0.496453901,0.923963134
0.543046358,0.82079646,0.505720824,0.884447067,0.209677419,0.888888889,0.535211268,0.892712551,0.433823529,0.895216401
0.47826087,0.852941176,0.496062992,0.891237189,0.25433526,0.883259912,0.511627907,0.928861789,0.446043165,0.905963303
0.575342466,0.822757112,0.513447433,0.884605942,0.186440678,0.897777778,0.575107296,0.905063291,0.463576159,0.889150943
0.456953642,0.85840708,0.47761194,0.887345376,0.180327869,0.885135135,0.507246377,0.894,0.479041916,0.897058824
0.438709677,0.839285714,0.501234568,0.885905052,0.207100592,0.917030568,0.534562212,0.918367347,0.439490446,0.870813397
0.510791367,0.834051724,0.562929062,0.886020554,0.251282051,0.891203704,0.49339207,0.908333333,0.376712329,0.909090909
0.557823129,0.813596491,0.486810552,0.884216731,0.247126437,0.885209713,0.54587156,0.90593047,0.425675676,0.885245902
0.564935065,0.830734967,0.467171717,0.888507214,0.323529412,0.914893617,0.506382979,0.927966102,0.397660819,0.893564356
0.451612903,0.805803571,0.507281553,0.886455162,0.258426966,0.884187082,0.570093458,0.914807302,0.485380117,0.918316832
0.516129032,0.861607143,0.48019802,0.88856161,0.192090395,0.897777778,0.5,0.893528184,0.430463576,0.924528302
0.514084507,0.828633406,0.533333333,0.888654328,0.26519337,0.896860987,0.556451613,0.919389978,0.445859873,0.913875598
0.51048951,0.82826087,0.481865285,0.885717088,0.277173913,0.909706546,0.517699115,0.904365904,0.470588235,0.883950617
0.503401361,0.835526316,0.505966587,0.887300418,0.194871795,0.914351852,0.57918552,0.901234568,0.455696203,0.904076739
0.556451613,0.847599165,0.52367688,0.883663973,0.260115607,0.883259912,0.566523605,0.892405063,0.493150685,0.913752914
0.503401361,0.85745614,0.484507042,0.886674176,0.214723926,0.918103448,0.551724138,0.924603175,0.436781609,0.940149626
0.507352941,0.822269807,0.496163683,0.890644164,0.194594595,0.866515837,0.510638298,0.913135593,0.453038674,0.921319797
0.552795031,0.825791855,0.493734336,0.888932515,0.258426966,0.89532294,0.495798319,0.89978678,0.415662651,0.904645477
0.51552795,0.843891403,0.495049505,0.883701522,0.228395062,0.905376344,0.581081081,0.948453608,0.390410959,0.906759907
0.523178808,0.807522124,0.534031414,0.887602982,0.235897436,0.912037037,0.526066351,0.927419355,0.47133758,0.923444976
0.571428571,0.836170213,0.514492754,0.884577603,0.264705882,0.910284464,0.546728972,0.904665314,0.458064516,0.911904762
0.541935484,0.845982143,0.489949749,0.886385944,0.20441989,0.874439462,0.545064378,0.91350211,0.467532468,0.904988124
0.515337423,0.85,0.503957784,0.885952439,0.247311828,0.884353741,0.464788732,0.896761134,0.435714286,0.92183908
0.473282443,0.813559322,0.536842105,0.884230656,0.268041237,0.88221709,0.542986425,0.9218107,0.503401361,0.897196262
0.460526316,0.853658537,0.515765766,0.887702902,0.245810056,0.908482143,0.529953917,0.910204082,0.510067114,0.892018779
0.539473684,0.842572062,0.510344828,0.890997591,0.212435233,0.884792627,0.532188841,0.9092827,0.471830986,0.909930716
0.489932886,0.81938326,0.459207459,0.890439912,0.255952381,0.925925926,0.525641026,0.915433404,0.464968153,0.88277512
0.493243243,0.850549451,0.497727273,0.886544703,0.189349112,0.901746725,0.507462687,0.922924901,0.454545455,0.929268293
0.474820144,0.834051724,0.482269504,0.889636873,0.210843373,0.885032538,0.553191489,0.94279661,0.452054795,0.909090909
0.45323741,0.840517241,0.496332518,0.884949669,0.23699422,0.90969163,0.542288557,0.907114625,0.461538462,0.898148148
0.533783784,0.789010989,0.498855835,0.888282441,0.240223464,0.901785714,0.49339207,0.910416667,0.383561644,0.8997669
0.455223881,0.805970149,0.511688312,0.886605523,0.209302326,0.896703297,0.470588235,0.909465021,0.452941176,0.908641975
0.571428571,0.801781737,0.537878788,0.885415644,0.270718232,0.905829596,0.545454545,0.903614458,0.375,0.900232019
0.496774194,0.837053571,0.54245283,0.886732187,0.24852071,0.901746725,0.561702128,0.908898305,0.481707317,0.892944039
0.512658228,0.820224719,0.538653367,0.883227802,0.227027027,0.911764706,0.507177033,0.895582329,0.536423841,0.919811321
0.52173913,0.83655914,0.482191781,0.887696604,0.211340206,0.884526559,0.488888889,0.921161826,0.483221477,0.908450704
0.457142857,0.838012959,0.525462963,0.884278832,0.25388601,0.877880184,0.538793103,0.924210526,0.441558442,0.857482185
0.496453901,0.813852814,0.512328767,0.886912637,0.234375,0.889655172,0.532188841,0.91350211,0.41875,0.913253012
0.551470588,0.839400428,0.476315789,0.890457978,0.273743017,0.897321429,0.505154639,0.916179337,0.386206897,0.897674419
0.477419355,0.8125,0.484261501,0.885565542,0.259887006,0.891111111,0.502283105,0.903688525,0.506944444,0.883990719
0.559210526,0.824833703,0.542528736,0.885294262,0.245614035,0.912280702,0.550925926,0.898167006,0.460992908,0.912442396
0.532051282,0.825503356,0.531553398,0.880316275,0.274111675,0.911627907,0.50462963,0.914460285,0.421383648,0.925480769
0.523529412,0.84295612,0.482758621,0.888599764,0.241935484,0.891156463,0.53125,0.913043478,0.432432432,0.906323185
0.451851852,0.83974359,0.506361323,0.888278298,0.25136612,0.905405405,0.567307692,0.911823647,0.456375839,0.887323944
0.55,0.820734341,0.477040816,0.884947503,0.216216216,0.868778281,0.550458716,0.893660532,0.413580247,0.917675545
0.483221477,0.854625551,0.46778043,0.885237042,0.245283019,0.89957265,0.519148936,0.913135593,0.445783133,0.921760391
0.484848485,0.844748858,0.498701299,0.886850753,0.16751269,0.934883721,0.572052402,0.933054393,0.471698113,0.903846154
0.535211268,0.839479393,0.490521327,0.885760613,0.21978022,0.88988764,0.490825688,0.91206544,0.43315508,0.907216495
0.589403974,0.845132743,0.505,0.890841268,0.161290323,0.879818594,0.555066079,0.927083333,0.471698113,0.894230769
0.453900709,0.833333333,0.485714286,0.888621401,0.238888889,0.912751678,0.543778802,0.912244898,0.512987013,0.883610451
0.493589744,0.81655481,0.486810552,0.888637815,0.203703704,0.888172043,0.441558442,0.924369748,0.467455621,0.899014778
0.517241379,0.831877729,0.471502591,0.887728075,0.25,0.857142857,0.53539823,0.923076923,0.446666667,0.910588235
0.496598639,0.833333333,0.485639687,0.88642048,0.22513089,0.894495413,0.5625,0.914563107,0.483221477,0.915492958
0.506410256,0.845637584,0.482288828,0.886607537,0.234972678,0.887387387,0.539419087,0.918454936,0.453333333,0.870588235
0.509202454,0.811363636,0.521028037,0.888282709,0.235632184,0.911699779,0.533333333,0.91750503,0.506024096,0.909535452
0.451612903,0.825892857,0.491990847,0.890249299,0.262032086,0.904545455,0.561983471,0.901075269,0.471428571,0.898850575
0.523489933,0.828193833,0.511335013,0.882809049,0.276836158,0.9,0.554545455,0.893223819,0.452229299,0.901913876
0.560810811,0.832967033,0.479057592,0.886180855,0.234939759,0.876355748,0.575342466,0.911885246,0.433121019,0.925837321
0.528169014,0.819956616,0.482191781,0.883139791,0.203389831,0.897777778,0.509009009,0.915463918,0.515151515,0.882926829
0.581081081,0.841758242,0.456359102,0.885976538,0.244680851,0.91571754,0.527027027,0.917525773,0.430379747,0.923261391
0.574324324,0.835164835,0.544303797,0.88659895,0.233160622,0.900921659,0.603448276,0.88,0.413580247,0.869249395
0.590062112,0.832579186,0.498721228,0.887062748,0.234636872,0.881696429,0.536231884,0.924,0.477124183,0.902843602
0.567375887,0.850649351,0.527149321,0.884320283,0.229411765,0.897155361,0.483568075,0.951417004,0.451388889,0.890951276
0.537414966,0.824561404,0.470308789,0.887191077,0.268156425,0.901785714,0.552036199,0.905349794,0.492957746,0.903002309
0.514492754,0.834408602,0.51843318,0.882743363,0.211180124,0.888412017,0.495412844,0.91206544,0.442307692,0.904534606
0.485074627,0.855010661,0.514705882,0.887164883,0.234636872,0.890625,0.550239234,0.921686747,0.411042945,0.924757282
0.493421053,0.820399113,0.514285714,0.884789231,0.221556886,0.902173913,0.542857143,0.903420523,0.530201342,0.896713615
0.53030303,0.861995754,0.45971564,0.881043632,0.195652174,0.873589165,0.518867925,0.917171717,0.382165605,0.909090909
0.52238806,0.831556503,0.489637306,0.886599961,0.275,0.905781585,0.502590674,0.914396887,0.5,0.902097902
0.45,0.822894168,0.498721228,0.884413482,0.229591837,0.90487239,0.506072874,0.904347826,0.461538462,0.896551724
0.5,0.822616408,0.48806366,0.888120802,0.221590909,0.913525499,0.495575221,0.885654886,0.428571429,0.90736342
0.525974026,0.815144766,0.503480278,0.888413705,0.233333333,0.897091723,0.579908676,0.907786885,0.438356164,0.8997669
0.455223881,0.837953092,0.477541371,0.887376542,0.202247191,0.875278396,0.596330275,0.928425358,0.455696203,0.899280576
0.468531469,0.815217391,0.51810585,0.886064169,0.196969697,0.904428904,0.548523207,0.921276596,0.489208633,0.899082569
0.484126984,0.849056604,0.505319149,0.885871164,0.209580838,0.913043478,0.511737089,0.888663968,0.5,0.89578714
0.574626866,0.865671642,0.522781775,0.890406248,0.178378378,0.882352941,0.542986425,0.938271605,0.48427673,0.915865385
0.567741935,0.845982143,0.563510393,0.887960277,0.233128834,0.907327586,0.566371681,0.891891892,0.493055556,0.877030162
0.556291391,0.862831858,0.498714653,0.886583272,0.223463687,0.904017857,0.520930233,0.924796748,0.453333333,0.903529412
0.524475524,0.839130435,0.490697674,0.888271726,0.22,0.899297424,0.551401869,0.93306288,0.507352941,0.91571754
0.513513514,0.824175824,0.528985507,0.889685658,0.236263736,0.916853933,0.5,0.906581741,0.428571429,0.885057471
0.408450704,0.837310195,0.49,0.886325709,0.286516854,0.890868597,0.522613065,0.915354331,0.467948718,0.909307876
0.513888889,0.836601307,0.488607595,0.892732715,0.197802198,0.903370787,0.570776256,0.903688525,0.465116279,0.913151365
0.514492754,0.853763441,0.483870968,0.886947131,0.204678363,0.914473684,0.573394495,0.91002045,0.492307692,0.91011236
0.563758389,0.830396476,0.541778976,0.884330736,0.215053763,0.89569161,0.555555556,0.914,0.462686567,0.902494331
0.588235294,0.806666667,0.522277228,0.888463427,0.211111111,0.908277405,0.526086957,0.92033543,0.48447205,0.90821256
0.487654321,0.863945578,0.467661692,0.888768898,0.202312139,0.900881057,0.600961538,0.921843687,0.410596026,0.896226415
0.493670886,0.835955056,0.491315136,0.889008885,0.176470588,0.904545455,0.509090909,0.9137577,0.469135802,0.924939467
0.496969697,0.810502283,0.486935867,0.887289343,0.239583333,0.908045977,0.504672897,0.937119675,0.58041958,0.907407407
0.488721805,0.810638298,0.515151515,0.886249877,0.27173913,0.909706546,0.514018692,0.906693712,0.44375,0.877108434
0.486842105,0.833702882,0.464668094,0.884670311,0.241545894,0.907142857,0.617511521,0.910204082,0.414965986,0.880841121
0.493055556,0.854030501,0.4921875,0.885924473,0.265536723,0.888888889,0.537444934,0.908333333,0.458064516,0.904761905
0.517482517,0.826086957,0.512755102,0.887302522,0.201970443,0.893867925,0.522123894,0.904365904,0.405555556,0.875949367
0.578947368,0.840354767,0.541062802,0.88629666,0.284023669,0.906113537,0.539534884,0.910569106,0.468965517,0.904651163
0.522875817,0.88,0.536912752,0.886997589,0.225,0.886509636,0.520833333,0.892933619,0.463576159,0.896226415
0.570422535,0.824295011,0.542372881,0.887659158,0.226744186,0.89010989,0.522727273,0.928131417,0.479289941,0.891625616
0.521126761,0.84164859,0.57493188,0.888371637,0.262569832,0.904017857,0.589285714,0.910973085,0.5,0.904076739
0.49068323,0.834841629,0.496453901,0.884133458,0.234636872,0.899553571,0.593137255,0.912524851,0.525,0.891566265
0.548780488,0.851936219,0.466501241,0.887585293,0.229299363,0.9,0.551569507,0.917355372,0.447368421,0.888888889
0.527950311,0.837104072,0.512077295,0.885166994,0.196629213,0.888641425,0.545,0.909270217,0.408163265,0.904205607
0.509933775,0.842920354,0.484455959,0.884638022,0.191616766,0.910869565,0.556074766,0.93306288,0.434482759,0.937209302
0.521126761,0.84164859,0.496402878,0.888441322,0.244444444,0.88590604,0.509090909,0.926078029,0.51497006,0.892156863
0.424460432,0.816810345,0.50617284,0.887672443,0.253968254,0.910958904,0.590909091,0.915811088,0.425149701,0.904411765
0.421428571,0.82937365,0.496183206,0.887444188,0.21978022,0.903370787,0.537735849,0.909090909,0.449367089,0.899280576
0.453947368,0.815964523,0.518796992,0.886822086,0.288043478,0.905191874,0.541284404,0.928425358,0.52,0.89
0.506329114,0.847191011,0.513784461,0.890846626,0.269005848,0.890350877,0.525641026,0.885835095,0.48,0.912941176
0.488188976,0.846638655,0.493403694,0.889433685,0.207865169,0.877505568,0.605150215,0.905063291,0.437908497,0.909952607
0.573333333,0.847682119,0.502463054,0.88589945,0.226804124,0.877598152,0.51980198,0.889108911,0.50887574,0.918719212
0.4625,0.841986456,0.531553398,0.885374718,0.205263158,0.887871854,0.602941176,0.916500994,0.457831325,0.877750611
0.604166667,0.836601307,0.511961722,0.884702299,0.235897436,0.895833333,0.548543689,0.880239521,0.409395973,0.892018779
0.548611111,0.812636166,0.45410628,0.88388998,0.234693878,0.900232019,0.548543689,0.906187625,0.520958084,0.879901961
0.48427673,0.808558559,0.533642691,0.888806961,0.268571429,0.869469027,0.526086957,0.914046122,0.45508982,0.933823529
0.460122699,0.854545455,0.493887531,0.883083722,0.238888889,0.883668904,0.542600897,0.917355372,0.425675676,0.911007026
0.492957746,0.85032538,0.533678756,0.888071415,0.276836158,0.902222222,0.551724138,0.878968254,0.437956204,0.922374429
0.465753425,0.794310722,0.524324324,0.888306214,0.25,0.93144208,0.512295082,0.928725702,0.476821192,0.91509434
0.448717949,0.841163311,0.528508772,0.885963185,0.190243902,0.907582938,0.494949495,0.907662083,0.475903614,0.897310513
0.475308642,0.820861678,0.5,0.883155106,0.281081081,0.902714932,0.525821596,0.902834008,0.470588235,0.913439636
0.469798658,0.850220264,0.517814727,0.883899179,0.291457286,0.887850467,0.563318777,0.89748954,0.477419355,0.902380952
0.496644295,0.859030837,0.421182266,0.887372349,0.18134715,0.8640553,0.523404255,0.913135593,0.462585034,0.908878505
0.493670886,0.853932584,0.478835979,0.8879192,0.24,0.884955752,0.576923077,0.911205074,0.493421053,0.919621749
0.452830189,0.835585586,0.493702771,0.886440595,0.293478261,0.900677201,0.525581395,0.924796748,0.487179487,0.906921241
0.493589744,0.812080537,0.471962617,0.885776074,0.172413793,0.902869757,0.528888889,0.87966805,0.490797546,0.912621359
0.515923567,0.831838565,0.465060241,0.885161354,0.244186047,0.901098901,0.535864979,0.919148936,0.51048951,0.909722222
0.447552448,0.82826087,0.516483516,0.884246272,0.212765957,0.872437358,0.482587065,0.893280632,0.481012658,0.918465228
0.540372671,0.798642534,0.480916031,0.889504931,0.195652174,0.891647856,0.477272727,0.926078029,0.425925926,0.927360775
0.483660131,0.828888889,0.495844875,0.886150982,0.22513089,0.896788991,0.524229075,0.929166667,0.466216216,0.927400468
0.5,0.819956616,0.510895884,0.886695152,0.198895028,0.876681614,0.581497797,0.929166667,0.462585034,0.904205607
0.511627907,0.841772152,0.471604938,0.884186754,0.220994475,0.912556054,0.560869565,0.92033543,0.467455621,0.911330049
0.404761905,0.838574423,0.512562814,0.881625442,0.234042553,0.892938497,0.511013216,0.910416667,0.496732026,0.912322275
0.411764706,0.842222222,0.482939633,0.884421125,0.274725275,0.894382022,0.519607843,0.930417495,0.398876404,0.891687657
0.488721805,0.825531915,0.464935065,0.887586444,0.189944134,0.910714286,0.554585153,0.924686192,0.452702703,0.93911007
0.506849315,0.822757112,0.510638298,0.891553241,0.220779221,0.906976744,0.588235294,0.897654584,0.503355705,0.894366197
0.47826087,0.825806452,0.43,0.887847256,0.278409091,0.873614191,0.52,0.908713693,0.425373134,0.916099773
0.51875,0.823927765,0.533505155,0.889335819,0.23699422,0.892070485,0.547511312,0.923868313,0.439759036,0.882640587
0.452054795,0.857768053,0.465686275,0.887557694,0.244318182,0.902439024,0.551111111,0.908713693,0.385620915,0.907582938
0.496503497,0.810869565,0.46,0.883380779,0.281609195,0.878587196,0.581818182,0.909650924,0.440251572,0.882211538
0.4,0.816777042,0.481751825,0.890143888,0.235294118,0.899343545,0.575757576,0.919449902,0.482758621,0.882793017
0.462809917,0.829875519,0.5,0.88805531,0.28125,0.886509636,0.569444444,0.887983707,0.482517483,0.916666667
0.521472393,0.847727273,0.495098039,0.887263086,0.236263736,0.905617978,0.522321429,0.904761905,0.355421687,0.877750611
0.546099291,0.818181818,0.483009709,0.889303605,0.264516129,0.896186441,0.525821596,0.914979757,0.447552448,0.935185185
0.544827586,0.84279476,0.506297229,0.885311871,0.25698324,0.881696429,0.562770563,0.901260504,0.473372781,0.913793103
0.523809524,0.842105263,0.510752688,0.887805117,0.281081081,0.902714932,0.552511416,0.907786885,0.483660131,0.895734597
0.519083969,0.847457627,0.505076142,0.886800785,0.238341969,0.873271889,0.529411765,0.928429423,0.535031847,0.916267943
0.439189189,0.828571429,0.481958763,0.888550966,0.233532934,0.852173913,0.537815126,0.89978678,0.468926554,0.90201005
0.579268293,0.840546697,0.51793722,0.885478158,0.212643678,0.876379691,0.537037037,0.898167006,0.527607362,0.893203883
0.467741935,0.841336117,0.454773869,0.885011779,0.247191011,0.915367483,0.534246575,0.926229508,0.432098765,0.898305085
0.56,0.816777042,0.486284289,0.885387523,0.20212766,0.888382688,0.565217391,0.895178197,0.475,0.901204819
0.59602649,0.814159292,0.46875,0.889232734,0.206185567,0.893764434,0.513513514,0.907216495,0.489655172,0.876744186
0.450704225,0.837310195,0.492788462,0.885008351,0.251231527,0.903301887,0.502538071,0.915686275,0.469135802,0.907990315
0.532051282,0.838926174,0.498630137,0.886667647,0.244565217,0.88261851,0.537815126,0.910447761,0.434782609,0.88647343
0.454545455,0.808695652,0.553846154,0.885302198,0.174863388,0.896396396,0.49122807,0.931106472,0.459854015,0.901826484
0.523489933,0.845814978,0.529113924,0.888365474,0.210810811,0.884615385,0.557692308,0.891783567,0.444444444,0.890909091
0.464285714,0.848812095,0.474299065,0.88818441,0.225433526,0.929515419,0.578947368,0.949799197,0.446666667,0.905882353
0.469798658,0.832599119,0.496470588,0.887611185,0.273224044,0.914414414,0.570175439,0.901878914,0.414201183,0.9408867
0.5125,0.821670429,0.521518987,0.881691938,0.246073298,0.880733945,0.582959641,0.900826446,0.412903226,0.895238095
0.566929134,0.827731092,0.489051095,0.885822325,0.229813665,0.884120172,0.544680851,0.919491525,0.525,0.884337349
0.578313253,0.826086957,0.532019704,0.885653967,0.22513089,0.883027523,0.555066079,0.90625,0.523178808,0.865566038
0.523178808,0.829646018,0.481927711,0.891841446,0.216374269,0.901315789,0.472103004,0.911392405,0.476510067,0.910798122
0.43902439,0.822916667,0.5,0.89184293,0.235632184,0.887417219,0.578680203,0.92745098,0.469230769,0.905617978
0.594202899,0.812903226,0.469333333,0.884111966,0.236363636,0.887445887,0.549295775,0.896761134,0.41509434,0.903846154
0.510791367,0.8125,0.459057072,0.888272544,0.158469945,0.867117117,0.587962963,0.936863544,0.401360544,0.904205607
0.566666667,0.838852097,0.513824885,0.886578171,0.195530726,0.875,0.587962963,0.924643585,0.414285714,0.898850575
0.427536232,0.834408602,0.50129199,0.886790602,0.256097561,0.881209503,0.594142259,0.923076923,0.459459459,0.899297424
0.503355705,0.825991189,0.4775,0.884853244,0.235294118,0.909090909,0.558685446,0.925101215,0.454545455,0.909722222
0.450980392,0.822222222,0.501333333,0.887445463,0.233532934,0.889130435,0.506382979,0.898305085,0.514285714,0.896551724
0.510067114,0.850220264,0.488888889,0.886439677,0.229050279,0.868303571,0.540669856,0.911646586,0.493975904,0.88997555
0.512987013,0.846325167,0.512820513,0.887245023,0.298342541,0.878923767,0.520930233,0.904471545,0.450980392,0.90521327
0.465909091,0.817330211,0.5,0.887773097,0.213483146,0.868596882,0.55,0.907597536,0.492857143,0.891954023
0.418918919,0.832967033,0.489583333,0.888376655,0.205405405,0.904977376,0.53164557,0.906382979,0.472972973,0.915690867
0.524390244,0.838268793,0.472584856,0.890294738,0.230337079,0.875278396,0.517699115,0.914760915,0.475524476,0.914351852
0.554794521,0.833698031,0.506203474,0.885621717,0.234636872,0.921875,0.484716157,0.914225941,0.407894737,0.90070922
0.465753425,0.809628009,0.467391304,0.883955699,0.211340206,0.893764434,0.591549296,0.921052632,0.490797546,0.919902913
0.513513514,0.848351648,0.533498759,0.885572628,0.229508197,0.916666667,0.548672566,0.88981289,0.537974684,0.918465228
0.496551724,0.860262009,0.524390244,0.890787665,0.260606061,0.887445887,0.518987342,0.9,0.490196078,0.928909953
0.535433071,0.836134454,0.481840194,0.889199941,0.243386243,0.908675799,0.551219512,0.898406375,0.476190476,0.920560748
0.509090909,0.831050228,0.516509434,0.883783784,0.233333333,0.899328859,0.554545455,0.897330595,0.527272727,0.917073171
0.559701493,0.786780384,0.512626263,0.883747178,0.227777778,0.868008949,0.566037736,0.905050505,0.459627329,0.893719807
0.517857143,0.820689655,0.533498759,0.88778165,0.217142857,0.898230088,0.558510638,0.899807322,0.454545455,0.919239905
0.473333333,0.847682119,0.50913242,0.887883556,0.207317073,0.909287257,0.493087558,0.908163265,0.467948718,0.894988067
0.5,0.843137255,0.508353222,0.886907394,0.255434783,0.884875847,0.5,0.906187625,0.492753623,0.908466819
0.440789474,0.858093126,0.49343832,0.890599716,0.235294118,0.886214442,0.541125541,0.924369748,0.438709677,0.904761905
0.496296296,0.814102564,0.533665835,0.884307662,0.253968254,0.915525114,0.545454545,0.880903491,0.482993197,0.89953271
0.52739726,0.807439825,0.504587156,0.891975612,0.285714286,0.883990719,0.567307692,0.919839679,0.477419355,0.914285714
0.46969697,0.821656051,0.436842105,0.884622928,0.154320988,0.903225806,0.529953917,0.924489796,0.5,0.913253012
0.540145985,0.830472103,0.5075,0.884460587,0.252808989,0.879732739,0.486111111,0.900203666,0.51552795,0.905797101
0.48125,0.83972912,0.524050633,0.88679523,0.227272727,0.900221729,0.489795918,0.925636008,0.452054795,0.909090909
0.624113475,0.82034632,0.486238532,0.88440358,0.255681818,0.904656319,0.574074074,0.922606925,0.475862069,0.906976744
0.5,0.833684211,0.471389646,0.888910668,0.275449102,0.92173913,0.552884615,0.931863727,0.464285714,0.906633907
0.452054795,0.833698031,0.502777778,0.886744391,0.242105263,0.869565217,0.564593301,0.90562249,0.50887574,0.871921182
0.594594595,0.830769231,0.466830467,0.887170423,0.272727273,0.904545455,0.467889908,0.924335378,0.49375,0.927710843
0.530612245,0.800438596,0.528061224,0.884456874,0.251461988,0.896929825,0.553571429,0.915113872,0.50931677,0.927536232
0.486842105,0.842572062,0.494923858,0.883218842,0.224137931,0.880794702,0.477272727,0.915811088,0.394557823,0.908878505
0.55862069,0.847161572,0.508557457,0.8891726,0.162790698,0.894505495,0.537777778,0.904564315,0.44375,0.913253012
0.566929134,0.825630252,0.503759398,0.886282209,0.215053763,0.916099773,0.534412955,0.906521739,0.485875706,0.894472362
0.48,0.822175732,0.505434783,0.890081349,0.282051282,0.902777778,0.527272727,0.928131417,0.426751592,0.928229665
0.460606061,0.831050228,0.505995204,0.88996414,0.237569061,0.896860987,0.482758621,0.896842105,0.472392638,0.898058252
0.522012579,0.842342342,0.498823529,0.88790604,0.216494845,0.875288684,0.492822967,0.907630522,0.416666667,0.875894988
0.503225806,0.825892857,0.471014493,0.889194499,0.248648649,0.907239819,0.497757848,0.921487603,0.46835443,0.887290168
0.450819672,0.844074844,0.5390625,0.890534576,0.175824176,0.894382022,0.579710145,0.932,0.394366197,0.896073903
0.482014388,0.8125,0.46898263,0.888910706,0.264367816,0.889624724,0.506976744,0.908536585,0.490196078,0.895734597
0.529411765,0.865702479,0.480719794,0.886583272,0.2,0.887871854,0.611607143,0.921325052,0.435582822,0.919902913
0.514705882,0.837259101,0.519480519,0.885477463,0.19895288,0.896788991,0.52173913,0.914046122,0.426666667,0.898823529
0.5375,0.830699774,0.464190981,0.888856204,0.264044944,0.899777283,0.493333333,0.917012448,0.467105263,0.88179669
0.490566038,0.855855856,0.478070175,0.891573974,0.226804124,0.926096998,0.558704453,0.902173913,0.417142857,0.91
0.456790123,0.820861678,0.497512438,0.887296289,0.265536723,0.9,0.455882353,0.918489066,0.481203008,0.877828054
0.530201342,0.81938326,0.556994819,0.885717088,0.239361702,0.892938497,0.583333333,0.906796117,0.496932515,0.890776699
0.49375,0.826185102,0.446078431,0.885544535,0.210843373,0.904555315,0.52244898,0.906926407,0.408805031,0.908653846
0.507042254,0.8329718,0.479899497,0.892520612,0.236686391,0.899563319,0.5215311,0.935742972,0.428571429,0.928746929
0.538961039,0.837416481,0.5,0.885491312,0.278947368,0.894736842,0.525345622,0.887755102,0.506097561,0.931873479
0.517006803,0.850877193,0.454545455,0.885526509,0.193370166,0.883408072,0.537815126,0.925373134,0.521428571,0.928735632
0.44516129,0.834821429,0.464197531,0.88507045,0.260606061,0.930735931,0.537117904,0.920502092,0.460606061,0.912195122
0.541401274,0.822869955,0.539719626,0.8898555,0.268156425,0.888392857,0.495535714,0.908902692,0.538461538,0.91646778
0.520547945,0.846827133,0.519181586,0.885787176,0.260606061,0.880952381,0.522522523,0.894845361,0.508982036,0.901960784
0.503225806,0.834821429,0.504,0.885827737,0.232432432,0.902714932,0.576576577,0.913402062,0.464788732,0.889145497
0.538461538,0.815217391,0.487179487,0.886507741,0.217142857,0.909292035,0.542735043,0.915433404,0.420689655,0.904651163
0.466666667,0.831196581,0.505747126,0.891243424,0.255681818,0.89135255,0.5625,0.905811623,0.475308642,0.905569007
0.512658228,0.808988764,0.503597122,0.890504495,0.239583333,0.885057471,0.541284404,0.91002045,0.483221477,0.917840376
0.503267974,0.848888889,0.50877193,0.888752937,0.20441989,0.899103139,0.5,0.945031712,0.547297297,0.894613583
0.517482517,0.823913043,0.505,0.887503681,0.254143646,0.892376682,0.611374408,0.905241935,0.439716312,0.896313364
0.486111111,0.849673203,0.511312217,0.882648042,0.218934911,0.912663755,0.569444444,0.924643585,0.481707317,0.895377129
0.427631579,0.800443459,0.527446301,0.888970769,0.237569061,0.878923767,0.514563107,0.898203593,0.450867052,0.890547264
0.509933775,0.849557522,0.536312849,0.885628918,0.25443787,0.895196507,0.460176991,0.88981289,0.422360248,0.925120773
0.459459459,0.828571429,0.486552567,0.890940339,0.227027027,0.895927602,0.579399142,0.915611814,0.483660131,0.900473934
0.475524476,0.85,0.502604167,0.889210397,0.277777778,0.88590604,0.519148936,0.915254237,0.443113772,0.921568627
0.5,0.81655481,0.5,0.887436099,0.25,0.911308204,0.553488372,0.930894309,0.472392638,0.895631068
0.581081081,0.808791209,0.496296296,0.888556139,0.167597765,0.890625,0.547511312,0.897119342,0.407894737,0.90070922
0.395973154,0.843612335,0.561538462,0.884811617,0.32183908,0.887417219,0.504545455,0.907597536,0.4375,0.889156627
0.526315789,0.849223947,0.483009709,0.891710048,0.232804233,0.908675799,0.532110092,0.877300613,0.463087248,0.91314554
0.547297297,0.804395604,0.508313539,0.886601484,0.2,0.906323185,0.485714286,0.911468813,0.398734177,0.896882494
0.490566038,0.84009009,0.524804178,0.882840469,0.202185792,0.900900901,0.524038462,0.927855711,0.46875,0.915662651
0.518248175,0.869098712,0.478672986,0.890182783,0.190184049,0.885775862,0.545918367,0.913894325,0.469135802,0.891041162
0.5,0.85260771,0.489690722,0.893112921,0.206349206,0.869863014,0.47979798,0.925343811,0.4,0.886746988
0.5,0.828571429,0.491566265,0.885505182,0.221621622,0.889140271,0.474418605,0.904471545,0.431952663,0.918719212
0.510638298,0.837662338,0.493297587,0.884270379,0.264705882,0.888402626,0.564102564,0.923828125,0.493243243,0.911007026
0.544827586,0.851528384,0.501228501,0.886581234,0.217877095,0.883928571,0.513761468,0.936605317,0.416666667,0.901719902
0.573426573,0.873913043,0.483173077,0.888545044,0.245810056,0.895089286,0.521186441,0.900212314,0.427631579,0.914893617
0.586466165,0.831914894,0.523316062,0.888414754,0.245508982,0.886956522,0.481481481,0.894093686,0.470588235,0.917061611
0.55,0.825053996,0.508684864,0.893279662,0.220430108,0.900226757,0.514767932,0.90212766,0.376712329,0.909090909
0.465277778,0.825708061,0.515,0.886963777,0.192513369,0.902272727,0.528384279,0.907949791,0.435064935,0.90736342
0.517241379,0.836244541,0.431168831,0.889548286,0.202020202,0.874125874,0.544186047,0.888211382,0.431952663,0.896551724
0.51572327,0.84009009,0.517241379,0.888169829,0.224719101,0.89532294,0.533936652,0.919753086,0.531914894,0.914746544
0.517730496,0.811688312,0.537313433,0.885578245,0.229050279,0.892857143,0.516431925,0.925101215,0.457317073,0.892944039
0.57615894,0.772123894,0.474327628,0.886324576,0.274725275,0.894382022,0.497925311,0.884120172,0.45625,0.910843373
0.539007092,0.83982684,0.48974359,0.887460754,0.261363636,0.893569845,0.560386473,0.908,0.431818182,0.889724311
0.539568345,0.825431034,0.477647059,0.889232886,0.24137931,0.911699779,0.506912442,0.92244898,0.444444444,0.929782082
0.511111111,0.833333333,0.512562814,0.886974872,0.223529412,0.914660832,0.480769231,0.887775551,0.449101796,0.904411765
0.478571429,0.801295896,0.504065041,0.887772605,0.253807107,0.906976744,0.53271028,0.926977688,0.421686747,0.892420538
0.531914894,0.805194805,0.482843137,0.882451144,0.284090909,0.87804878,0.524017467,0.905857741,0.491017964,0.919117647
0.525179856,0.8125,0.498734177,0.882967761,0.2,0.892448513,0.492227979,0.904669261,0.492537313,0.911564626
0.524822695,0.831168831,0.507177033,0.887748084,0.222222222,0.938596491,0.537037037,0.912423625,0.472222222,0.90487239
0.5375,0.832957111,0.507653061,0.885977824,0.296296296,0.901826484,0.508403361,0.89978678,0.453947368,0.891252955
0.507936508,0.813417191,0.513513514,0.885304659,0.206030151,0.906542056,0.517391304,0.895178197,0.45751634,0.898104265
0.496644295,0.852422907,0.488943489,0.886581234,0.202185792,0.864864865,0.495614035,0.899791232,0.509433962,0.903846154
0.426829268,0.833712984,0.515294118,0.889871738,0.232044199,0.901345291,0.530434783,0.922431866,0.464705882,0.935802469
0.535947712,0.873333333,0.485639687,0.890834192,0.255813953,0.892307692,0.546341463,0.918326693,0.466216216,0.908665105
0.512820513,0.818791946,0.488888889,0.884383131,0.278947368,0.890160183,0.502304147,0.908163265,0.467532468,0.90023753
0.431654676,0.806034483,0.48989899,0.887672981,0.215789474,0.885583524,0.517073171,0.914342629,0.532163743,0.905940594
0.438271605,0.836734694,0.497619048,0.882922276,0.240641711,0.890909091,0.569506726,0.904958678,0.479532164,0.903465347
0.514492754,0.815053763,0.473945409,0.884836287,0.216374269,0.899122807,0.474885845,0.905737705,0.464285714,0.91954023
0.526666667,0.812362031,0.475113122,0.884221916,0.226744186,0.892307692,0.611374408,0.933467742,0.404255319,0.894009217
0.507042254,0.830802603,0.487113402,0.88575493,0.183783784,0.900452489,0.545454545,0.924024641,0.459119497,0.908653846
0.577922078,0.828507795,0.47146402,0.887290756,0.226519337,0.892376682,0.476851852,0.900203666,0.454545455,0.890736342
0.485294118,0.832976445,0.456575682,0.886750773,0.245508982,0.882608696,0.546255507,0.895833333,0.486842105,0.910165485
0.496503497,0.823913043,0.473429952,0.88870334,0.182320442,0.883408072,0.50877193,0.922755741,0.485714286,0.89
0.521126761,0.867678959,0.47826087,0.887082515,0.259067358,0.905529954,0.528037383,0.939148073,0.472727273,0.897560976
0.496644295,0.828193833,0.520833333,0.892103973,0.198795181,0.893709328,0.474654378,0.914285714,0.514084507,0.898383372
0.470149254,0.827292111,0.533163265,0.884947503,0.218274112,0.9,0.557692308,0.897795591,0.45890411,0.916083916
0.512658228,0.815730337,0.481481481,0.888408857,0.236686391,0.903930131,0.513761468,0.934560327,0.454022989,0.922693267
0.441176471,0.837259101,0.507425743,0.887972509,0.255681818,0.873614191,0.533898305,0.925690021,0.502994012,0.914215686
0.532846715,0.836909871,0.540909091,0.890036392,0.2,0.912037037,0.508695652,0.897274633,0.465838509,0.903381643
0.496774194,0.832589286,0.508196721,0.883918071,0.287292818,0.894618834,0.481132075,0.927272727,0.452830189,0.915865385
0.503067485,0.795454545,0.474327628,0.882199853,0.210526316,0.901315789,0.561946903,0.914760915,0.49689441,0.905797101
0.536723164,0.849765258,0.476683938,0.885079459,0.242774566,0.887665198,0.502242152,0.907024793,0.52027027,0.892271663
0.492063492,0.796645702,0.471014493,0.887229862,0.19047619,0.910675381,0.578199052,0.931451613,0.532544379,0.935960591
0.471428571,0.835853132,0.497747748,0.886473192,0.197969543,0.86744186,0.574561404,0.897703549,0.453900709,0.889400922
0.526315789,0.853191489,0.494791667,0.886856302,0.203488372,0.923076923,0.446511628,0.914634146,0.503067485,0.915048544
0.486842105,0.838137472,0.536866359,0.884316618,0.229508197,0.916666667,0.611111111,0.919449902,0.436619718,0.909930716
0.557971014,0.797849462,0.477434679,0.885913625,0.196808511,0.895216401,0.530864198,0.926724138,0.43575419,0.893939394
0.523489933,0.817180617,0.475247525,0.886352479,0.248677249,0.892694064,0.515873016,0.914285714,0.530864198,0.915254237
0.395061728,0.845804989,0.519607843,0.889963665,0.277777778,0.876957494,0.506976744,0.902439024,0.413793103,0.930174564
0.483221477,0.828193833,0.528409091,0.886984624,0.241830065,0.88185654,0.48,0.894190871,0.369047619,0.891891892
0.548611111,0.849673203,0.46572104,0.887130854,0.291891892,0.893665158,0.513274336,0.918918919,0.484076433,0.916267943
0.530612245,0.859649123,0.474666667,0.885435561,0.222222222,0.888143177,0.490990991,0.913402062,0.497005988,0.894607843
0.527559055,0.817226891,0.448369565,0.886356954,0.3,0.859060403,0.438016529,0.91827957,0.454545455,0.933491686
0.455882353,0.802997859,0.457002457,0.883193401,0.197740113,0.893333333,0.537383178,0.898580122,0.416666667,0.935560859
0.5625,0.799097065,0.515544041,0.888316657,0.191011236,0.884187082,0.560185185,0.920570265,0.483870968,0.904761905
0.583333333,0.821656051,0.524875622,0.890732378,0.2,0.880562061,0.534246575,0.913934426,0.459302326,0.910669975
0.527607362,0.834090909,0.534146341,0.889609114,0.241176471,0.910284464,0.621848739,0.921108742,0.50625,0.896385542
0.484076433,0.813901345,0.48655914,0.888785413,0.23655914,0.875283447,0.470338983,0.925690021,0.497109827,0.912935323
0.489795918,0.807017544,0.463291139,0.883458462,0.267080745,0.903433476,0.535714286,0.921325052,0.459259259,0.915909091
0.473684211,0.851441242,0.455497382,0.885494311,0.25136612,0.903153153,0.527777778,0.908350305,0.432926829,0.897810219
0.458064516,0.868303571,0.489208633,0.884855332,0.273224044,0.925675676,0.481481481,0.906313646,0.492753623,0.901601831
0.5390625,0.823157895,0.47597254,0.892363672,0.231182796,0.902494331,0.513043478,0.911949686,0.428571429,0.891891892
0.503875969,0.831223629,0.509302326,0.889058199,0.178571429,0.872389791,0.502304147,0.930612245,0.450331126,0.889150943
0.489361702,0.850649351,0.508557457,0.886324576,0.220338983,0.897777778,0.525,0.892933619,0.429487179,0.906921241
0.555555556,0.804444444,0.520782396,0.887945004,0.211764706,0.914660832,0.576576577,0.927835052,0.47133758,0.897129187
0.489795918,0.820175439,0.481865285,0.886992348,0.19047619,0.897260274,0.523809524,0.905462185,0.496855346,0.887019231
0.537313433,0.835820896,0.480417755,0.888284047,0.223404255,0.883826879,0.582222222,0.890041494,0.455782313,0.89953271
0.532374101,0.82112069,0.506775068,0.887772605,0.313829787,0.913439636,0.536363636,0.921971253,0.3875,0.903614458
0.512195122,0.815489749,0.469816273,0.88682391,0.197740113,0.913333333,0.524271845,0.888223553,0.379518072,0.902200489
0.493333333,0.841059603,0.480487805,0.886859163,0.287581699,0.896624473,0.550660793,0.91875,0.463855422,0.887530562
0.533783784,0.830769231,0.505263158,0.886486221,0.237864078,0.883610451,0.527918782,0.917647059,0.440251572,0.915865385
0.543478261,0.804301075,0.466666667,0.887884445,0.25,0.904656319,0.563876652,0.922916667,0.427710843,0.91198044
0.526315789,0.80212766,0.510752688,0.888295265,0.193717277,0.919724771,0.5,0.926004228,0.455172414,0.895348837
0.478571429,0.844492441,0.515706806,0.889221263,0.26344086,0.900226757,0.551401869,0.902636917,0.416107383,0.887323944
0.530120482,0.835240275,0.509234828,0.888502084,0.213836478,0.886752137,0.544680851,0.902542373,0.41958042,0.895833333
0.452830189,0.824324324,0.447570332,0.886474022,0.184357542,0.879464286,0.488986784,0.91875,0.437086093,0.898584906
0.485915493,0.845986985,0.515789474,0.887123664,0.238341969,0.882488479,0.488372093,0.904471545,0.461038961,0.893111639
0.598802395,0.880733945,0.49103139,0.884937033,0.228571429,0.920353982,0.564444444,0.900414938,0.444444444,0.903465347
0.536764706,0.850107066,0.515151515,0.884875847,0.211640212,0.888127854,0.468181818,0.917864476,0.510344828,0.897674419
0.513513514,0.806593407,0.525179856,0.885493933,0.201086957,0.893905192,0.54028436,0.909274194,0.518072289,0.914425428
0.463087248,0.797356828,0.498777506,0.888583354,0.263803681,0.885775862,0.502415459,0.9,0.447204969,0.900966184
0.568345324,0.82112069,0.516746411,0.890548241,0.222797927,0.903225806,0.526970954,0.935622318,0.490322581,0.923809524
0.5875,0.823927765,0.493857494,0.887563215,0.240837696,0.910550459,0.565217391,0.903563941,0.483443709,0.898584906
0.516556291,0.827433628,0.491484185,0.885674999,0.229050279,0.883928571,0.530516432,0.906882591,0.469512195,0.922141119
0.52,0.82781457,0.456730769,0.88761175,0.282608696,0.900677201,0.511520737,0.904081633,0.480769231,0.933174224
0.493055556,0.843137255,0.478672986,0.884483097,0.218934911,0.8930131,0.511415525,0.891393443,0.418181818,0.890243902
0.591240876,0.817596567,0.516209476,0.888970697,0.211764706,0.916849015,0.574879227,0.906,0.386666667,0.917647059
0.506944444,0.840958606,0.45915493,0.88476419,0.223404255,0.897494305,0.539130435,0.893081761,0.486486486,0.889929742
0.52739726,0.840262582,0.484693878,0.885487195,0.261363636,0.89135255,0.546610169,0.910828025,0.418439716,0.912442396
0.557692308,0.832214765,0.473429952,0.887180747,0.196891192,0.884792627,0.5,0.898969072,0.482517483,0.902777778
0.534591195,0.84009009,0.522727273,0.888261851,0.2,0.892933619,0.564102564,0.919661734,0.51572327,0.908653846
0.493333333,0.843267108,0.482939633,0.887314275,0.273195876,0.884526559,0.512315271,0.930555556,0.478527607,0.905339806
0.50625,0.830699774,0.507894737,0.890065706,0.207865169,0.86636971,0.502164502,0.926470588,0.514124294,0.889447236
0.489795918,0.820175439,0.473684211,0.884063667,0.247252747,0.887640449,0.470588235,0.878600823,0.458598726,0.889952153
0.5,0.837259101,0.504608295,0.89193707,0.27672956,0.88034188,0.541284404,0.928425358,0.394904459,0.899521531
0.520547945,0.831509847,0.487437186,0.886140558,0.245810056,0.897321429,0.545851528,0.89958159,0.421052632,0.904977376
0.496240602,0.8,0.476076555,0.889811358,0.201149425,0.87196468,0.539823009,0.941787942,0.420689655,0.909302326
0.492537313,0.848614072,0.538095238,0.884150536,0.2,0.877944325,0.510822511,0.905462185,0.460606061,0.904878049
0.453900709,0.826839827,0.533156499,0.882482718,0.229050279,0.886160714,0.552511416,0.911885246,0.401360544,0.925233645
0.522292994,0.849775785,0.49754902,0.883236767,0.227777778,0.883668904,0.548523207,0.923404255,0.420382166,0.901913876
0.465277778,0.845315904,0.515081206,0.883252224,0.280898876,0.902004454,0.585152838,0.912133891,0.462025316,0.923261391
0.496688742,0.85619469,0.512626263,0.88649524,0.245901639,0.903153153,0.580188679,0.907070707,0.465277778,0.923433875
0.527027027,0.81978022,0.475638051,0.887283095,0.25,0.894252874,0.505,0.911242604,0.429577465,0.900692841
0.435582822,0.875,0.4625,0.885785805,0.270408163,0.883990719,0.568075117,0.914979757,0.476821192,0.884433962
0.52173913,0.84516129,0.511568123,0.889575668,0.19760479,0.893478261,0.581497797,0.916666667,0.441558442,0.885985748
0.52173913,0.838709677,0.476635514,0.886808218,0.226804124,0.905311778,0.558685446,0.908906883,0.48255814,0.895781638
0.490322581,0.8125,0.469387755,0.890393484,0.228723404,0.897494305,0.538461538,0.906976744,0.439759036,0.902200489
0.536423841,0.849557522,0.512585812,0.889315042,0.229411765,0.892778993,0.506912442,0.920408163,0.535031847,0.928229665
0.528571429,0.79049676,0.466666667,0.886332418,0.279187817,0.9,0.535433071,0.927152318,0.478787879,0.904878049
0.492537313,0.846481876,0.478571429,0.886066621,0.251461988,0.912280702,0.506122449,0.883116883,0.466257669,0.895631068
0.470588235,0.82012848,0.456756757,0.887767104,0.23655914,0.870748299,0.509009009,0.921649485,0.411764706,0.902843602
0.476190476,0.833333333,0.524296675,0.887896777,0.251497006,0.895652174,0.564202335,0.924444444,0.44,0.882352941
0.520547945,0.81619256,0.469767442,0.890434526,0.225806452,0.900226757,0.533057851,0.929032258,0.448051948,0.90736342
0.548148148,0.816239316,0.516129032,0.887487114,0.188888889,0.874720358,0.567099567,0.901260504,0.464516129,0.895238095
0.513888889,0.825708061,0.512820513,0.887982305,0.192546584,0.886266094,0.626168224,0.929006085,0.426751592,0.899521531
0.432432432,0.859340659,0.494252874,0.888195093,0.227272727,0.888111888,0.495412844,0.91002045,0.457746479,0.939953811
0.52739726,0.870897155,0.488943489,0.883635292,0.197740113,0.893333333,0.491525424,0.910828025,0.445205479,0.906759907
0.506756757,0.802197802,0.563084112,0.888626757,0.234482759,0.89626556,0.533333333,0.925053533,0.457746479,0.907621247
0.45323741,0.801724138,0.502525253,0.882912945,0.230769231,0.903370787,0.497959184,0.904761905,0.482758621,0.910224439
0.479041916,0.823394495,0.520094563,0.885902413,0.259459459,0.902714932,0.612440191,0.921686747,0.5,0.930715935
0.519480519,0.819599109,0.486175115,0.888151426,0.175438596,0.885964912,0.461883408,0.91322314,0.447552448,0.900462963
0.554140127,0.838565022,0.497716895,0.886359166,0.214285714,0.911832947,0.511627907,0.910569106,0.428571429,0.871264368
0.436619718,0.839479393,0.483627204,0.884870197,0.242038217,0.876595745,0.504132231,0.901075269,0.401234568,0.910411622
0.503448276,0.840611354,0.519379845,0.889292196,0.245901639,0.90990991,0.531100478,0.917670683,0.423312883,0.898058252
0.483660131,0.857777778,0.517241379,0.886621761,0.238993711,0.920940171,0.509259259,0.892057026,0.391025641,0.878281623
0.519736842,0.822616408,0.514739229,0.887817833,0.1875,0.88248337,0.521367521,0.923890063,0.45751634,0.888625592
0.464285714,0.818574514,0.513020833,0.88656204,0.213483146,0.906458797,0.537037037,0.932790224,0.43956044,0.926208651
0.49068323,0.84841629,0.520697168,0.885404873,0.254143646,0.905829596,0.515695067,0.91322314,0.42384106,0.900943396
0.483443709,0.845132743,0.501138952,0.889353332,0.281914894,0.895216401,0.50862069,0.905263158,0.539568345,0.915137615
0.547169811,0.795045045,0.501193317,0.88651437,0.262857143,0.898230088,0.527027027,0.917525773,0.427745665,0.880597015
0.482269504,0.848484848,0.510582011,0.887330849,0.193370166,0.896860987,0.509174312,0.914110429,0.493589744,0.878281623
0.452054795,0.831509847,0.479452055,0.888431574,0.214723926,0.92887931,0.577405858,0.908119658,0.496688742,0.877358491
0.524137931,0.820960699,0.494949495,0.886642458,0.214285714,0.903370787,0.477272727,0.878850103,0.442176871,0.922897196
0.560283688,0.833333333,0.503597122,0.886525519,0.205882353,0.90809628,0.615023474,0.910931174,0.496644295,0.920187793
0.551724138,0.840611354,0.460240964,0.885406945,0.173684211,0.885583524,0.520325203,0.898047722,0.46961326,0.906091371
0.421428571,0.827213823,0.463942308,0.888102957,0.177142857,0.900442478,0.549356223,0.917721519,0.512987013,0.904988124
0.540880503,0.842342342,0.498746867,0.88392638,0.248618785,0.896860987,0.592105263,0.926931106,0.45751634,0.886255924
0.592592593,0.811965812,0.481296758,0.88632013,0.216666667,0.894854586,0.536945813,0.904761905,0.459119497,0.920673077
0.435064935,0.821826281,0.495169082,0.887426326,0.246153846,0.905092593,0.50678733,0.882716049,0.491525424,0.90201005
0.54,0.823399558,0.547314578,0.88617966,0.25698324,0.870535714,0.554054054,0.896907216,0.479452055,0.925407925
0.503546099,0.822510823,0.497395833,0.883815596,0.236842105,0.913043478,0.567307692,0.945891784,0.497076023,0.918316832
0.525179856,0.849137931,0.47654321,0.890765379,0.213414634,0.896328294,0.544554455,0.904950495,0.422360248,0.905797101
0.489051095,0.819742489,0.495169082,0.891306483,0.226744186,0.903296703,0.544642857,0.894409938,0.453416149,0.925120773
0.575,0.838509317,0.448687351,0.886809138,0.191011236,0.888641425,0.514018692,0.896551724,0.483660131,0.888625592
0.524137931,0.85371179,0.525700935,0.889167404,0.225609756,0.902807775,0.567961165,0.904191617,0.469387755,0.901869159
0.589403974,0.814159292,0.533163265,0.888823472,0.251396648,0.90625,0.513157895,0.899791232,0.472972973,0.908665105
0.503816794,0.813559322,0.516746411,0.889074474,0.205882353,0.88179669,0.49122807,0.910229645,0.395209581,0.904411765
0.519736842,0.851441242,0.522277228,0.884928817,0.185,0.911007026,0.49122807,0.924843424,0.532544379,0.901477833
0.5,0.831533477,0.517766497,0.885475957,0.202185792,0.907657658,0.488789238,0.919421488,0.438596491,0.910891089
0.526666667,0.845474614,0.512135922,0.886209606,0.240506329,0.908315565,0.527272727,0.919917864,0.450980392,0.909952607
0.468965517,0.831877729,0.473684211,0.888736196,0.2,0.913043478,0.585585586,0.909278351,0.427586207,0.909302326
0.535483871,0.859375,0.532994924,0.888469087,0.269430052,0.8640553,0.54589372,0.928,0.422818792,0.887323944
0.566433566,0.823913043,0.503432494,0.891183557,0.269230769,0.891719745,0.589108911,0.922772277,0.460122699,0.88592233
0.5,0.838012959,0.494708995,0.889733281,0.24,0.898230088,0.565853659,0.920318725,0.467948718,0.897374702
0.476821192,0.842920354,0.511002445,0.889123496,0.215116279,0.874725275,0.56937799,0.903614458,0.455128205,0.890214797
0.595092025,0.829545455,0.511392405,0.885666618,0.2,0.884368308,0.475490196,0.904572565,0.489361702,0.910138249
0.459854015,0.836909871,0.492574257,0.8880216,0.221674877,0.903301887,0.542600897,0.931818182,0.493506494,0.90736342
0.493975904,0.828375286,0.49543379,0.884343037,0.230337079,0.926503341,0.463114754,0.920086393,0.487012987,0.921615202
0.506410256,0.832214765,0.533678756,0.885226604,0.306358382,0.883259912,0.516260163,0.902386117,0.476190476,0.918224299
0.511450382,0.838983051,0.527093596,0.885997643,0.228723404,0.879271071,0.587443946,0.923553719,0.331034483,0.923255814
0.507246377,0.840860215,0.496277916,0.884443572,0.24,0.882743363,0.474885845,0.907786885,0.388535032,0.925837321
0.533742331,0.811363636,0.503759398,0.888441718,0.209424084,0.896788991,0.523809524,0.915966387,0.377142857,0.91
0.443661972,0.824295011,0.504716981,0.883636364,0.225988701,0.882222222,0.525210084,0.910447761,0.413333333,0.894117647
0.546666667,0.858719647,0.53,0.88068126,0.294117647,0.886214442,0.506329114,0.891489362,0.409090909,0.914489311
0.579881657,0.804147465,0.508474576,0.885369088,0.266304348,0.905191874,0.502415459,0.908,0.406451613,0.904761905
0.542857143,0.794816415,0.517676768,0.89037197,0.28,0.914046122,0.592760181,0.899176955,0.530726257,0.896464646
0.515151515,0.823779193,0.502369668,0.886497642,0.185393258,0.917594655,0.579908676,0.905737705,0.461038961,0.921615202
0.547297297,0.828571429,0.476772616,0.890400196,0.214285714,0.905617978,0.504587156,0.889570552,0.430656934,0.920091324
0.468531469,0.82173913,0.537878788,0.883943468,0.224852071,0.890829694,0.515021459,0.898734177,0.465408805,0.901442308
0.493333333,0.816777042,0.502439024,0.886613632,0.258883249,0.91627907,0.532751092,0.90167364,0.414965986,0.906542056
0.50955414,0.867713004,0.486075949,0.885568477,0.205405405,0.873303167,0.534883721,0.914634146,0.50931677,0.903381643
0.535031847,0.802690583,0.454320988,0.886690559,0.25,0.869074492,0.551401869,0.9168357,0.45751634,0.909952607
0.450704225,0.837310195,0.494871795,0.885743721,0.241935484,0.897959184,0.520361991,0.907407407,0.461077844,0.916666667
0.521126761,0.852494577,0.456692913,0.885303781,0.26519337,0.892376682,0.531400966,0.89,0.398601399,0.900462963
0.527131783,0.820675105,0.514851485,0.884634266,0.225806452,0.886621315,0.546728972,0.918864097,0.437086093,0.889150943
0.493150685,0.831509847,0.468137255,0.885593636,0.227513228,0.910958904,0.522522523,0.913402062,0.474820144,0.892201835
0.535294118,0.852193995,0.5,0.886776697,0.252525253,0.881118881,0.537037037,0.912423625,0.414965986,0.908878505
0.475903614,0.835240275,0.504761905,0.889112705,0.182857143,0.878318584,0.547085202,0.898760331,0.485380117,0.913366337
0.407643312,0.825112108,0.498759305,0.883952678,0.228070175,0.88377193,0.488479263,0.918367347,0.458015267,0.880630631
0.521428571,0.827213823,0.510050251,0.880251276,0.218446602,0.904988124,0.456140351,0.922755741,0.410852713,0.883408072
0.492857143,0.835853132,0.478696742,0.88603681,0.233128834,0.903017241,0.54950495,0.899009901,0.503225806,0.885714286
0.541935484,0.857142857,0.488431877,0.885749325,0.271276596,0.890660592,0.533018868,0.929292929,0.503496503,0.895833333
0.5,0.825263158,0.488888889,0.889439835,0.215909091,0.87804878,0.495327103,0.90872211,0.429487179,0.918854415
0.529032258,0.830357143,0.494505495,0.887898089,0.254658385,0.875536481,0.536036036,0.909278351,0.470967742,0.907142857
0.535031847,0.81838565,0.517564403,0.88755099,0.248554913,0.898678414,0.507109005,0.891129032,0.426829268,0.880778589
0.581699346,0.844444444,0.509661836,0.89111002,0.261111111,0.926174497,0.529661017,0.921443737,0.44375,0.901204819
0.524137931,0.807860262,0.510538642,0.886568044,0.216374269,0.905701754,0.521126761,0.921052632,0.395522388,0.920634921
0.440298507,0.814498934,0.487437186,0.885257165,0.159574468,0.904328018,0.515283843,0.930962343,0.464052288,0.900473934
0.506756757,0.81978022,0.498746867,0.887754601,0.25,0.892008639,0.535545024,0.923387097,0.401273885,0.899521531
0.451388889,0.838779956,0.5,0.888948919,0.172043011,0.886621315,0.447368421,0.903966597,0.423076923,0.911694511
0.48447205,0.79638009,0.496296296,0.883106682,0.245614035,0.875,0.57,0.905325444,0.456375839,0.924882629
0.4625,0.828442438,0.455470738,0.889504931,0.202020202,0.906759907,0.563559322,0.919320594,0.450867052,0.89800995
0.576923077,0.811839323,0.4609375,0.88656204,0.227777778,0.888143177,0.57079646,0.9002079,0.489795918,0.873831776
0.570469799,0.839207048,0.510204082,0.885683446,0.244680851,0.913439636,0.529661017,0.906581741,0.468208092,0.907960199
0.506410256,0.81655481,0.489795918,0.88219998,0.238372093,0.89010989,0.508928571,0.917184265,0.451388889,0.914153132
0.474820144,0.840517241,0.495238095,0.886950968,0.235,0.908665105,0.567839196,0.929133858,0.394904459,0.925837321
0.458333333,0.849673203,0.481561822,0.885787427,0.205714286,0.898230088,0.541284404,0.924335378,0.460526316,0.907801418
0.506578947,0.818181818,0.513715711,0.883522309,0.215,0.894613583,0.502439024,0.914342629,0.490322581,0.883333333
0.496503497,0.823913043,0.47979798,0.887378545,0.252808989,0.899777283,0.530864198,0.898706897,0.470238095,0.891891892
0.503144654,0.826576577,0.486979167,0.88911231,0.266009852,0.884433962,0.584474886,0.903688525,0.388235294,0.871604938
0.553956835,0.799568966,0.490813648,0.887020056,0.191616766,0.9,0.527777778,0.908350305,0.384615385,0.906921241
0.549019608,0.82,0.518763797,0.886226072,0.188888889,0.910514541,0.46728972,0.886409736,0.418181818,0.917073171
0.480263158,0.813747228,0.529085873,0.883505609,0.183431953,0.903930131,0.547413793,0.905263158,0.538961039,0.90736342
0.540740741,0.852564103,0.48989899,0.885513789,0.220125786,0.893162393,0.550420168,0.904051173,0.44375,0.927710843
0.526315789,0.814893617,0.495,0.89064494,0.225806452,0.907029478,0.541322314,0.903225806,0.464088398,0.883248731
0.522292994,0.811659193,0.515970516,0.889232582,0.247474747,0.8997669,0.547945205,0.907786885,0.470198675,0.903301887
0.538461538,0.826086957,0.508997429,0.887907775,0.247191011,0.902004454,0.504716981,0.917171717,0.44,0.898823529
0.461538462,0.812080537,0.509950249,0.885578245,0.248554913,0.898678414,0.519148936,0.900423729,0.377483444,0.919811321
0.539473684,0.849223947,0.447115385,0.882896159,0.220338983,0.913333333,0.518867925,0.901010101,0.514084507,0.914549654
0.452054795,0.835886214,0.504,0.888621991,0.244897959,0.886310905,0.51627907,0.910569106,0.484662577,0.88592233
0.503649635,0.834763948,0.471321696,0.88911795,0.235602094,0.908256881,0.538116592,0.900826446,0.475609756,0.895377129
0.367088608,0.826966292,0.496240602,0.890208589,0.194444444,0.897091723,0.513157895,0.903966597,0.405263158,0.914285714
0.553191489,0.837662338,0.465393795,0.885482682,0.24691358,0.877419355,0.556053812,0.921487603,0.477987421,0.889423077
0.457746479,0.824295011,0.497536946,0.886979576,0.27607362,0.872844828,0.562790698,0.892276423,0.525974026,0.885985748
0.568493151,0.807439825,0.52967033,0.885427432,0.220994475,0.885650224,0.461864407,0.910828025,0.44137931,0.906976744
0.439716312,0.833333333,0.496062992,0.886480655,0.228571429,0.882743363,0.561320755,0.901010101,0.510638298,0.868663594
0.488188976,0.834033613,0.48974359,0.888589089,0.25,0.901565996,0.572687225,0.914583333,0.475177305,0.866359447
0.601226994,0.838636364,0.49754902,0.883138564,0.192982456,0.885964912,0.54954955,0.907216495,0.363057325,0.918660287
0.503759398,0.840425532,0.47979798,0.886446167,0.289156627,0.89154013,0.55,0.915811088,0.406666667,0.915294118
0.525974026,0.85077951,0.516746411,0.885144429,0.223404255,0.892938497,0.547413793,0.905263158,0.486842105,0.90070922
0.469387755,0.846491228,0.5075,0.887307353,0.216080402,0.89953271,0.513513514,0.909278351,0.492647059,0.879271071
0.405405405,0.828571429,0.445273632,0.882976635,0.209302326,0.892307692,0.548245614,0.901878914,0.440789474,0.893617021
0.523809524,0.811403509,0.469230769,0.887411695,0.188481675,0.908256881,0.592783505,0.920077973,0.402366864,0.908866995
0.488888889,0.83974359,0.51653944,0.886855405,0.224719101,0.875278396,0.535545024,0.901209677,0.402684564,0.903755869
0.51048951,0.823913043,0.52345679,0.889783495,0.208791209,0.901123596,0.568376068,0.902748414,0.451388889,0.909512761
0.492857143,0.827213823,0.509756098,0.884845806,0.177514793,0.8930131,0.49790795,0.905982906,0.433333333,0.901176471
0.519736842,0.822616408,0.509389671,0.884607824,0.18579235,0.867117117,0.542857143,0.921529175,0.458333333,0.909090909
0.516778523,0.854625551,0.5,0.885960615,0.251184834,0.860576923,0.596153846,0.897795591,0.425806452,0.880952381
0.468085106,0.83982684,0.537530266,0.889052601,0.209424084,0.892201835,0.649193548,0.912854031,0.468208092,0.92039801
0.615942029,0.843010753,0.489528796,0.890790506,0.229166667,0.859770115,0.559405941,0.922772277,0.432432432,0.925058548
0.49044586,0.843049327,0.494897959,0.884456874,0.233695652,0.887133183,0.557077626,0.928278689,0.404761905,0.906633907
0.503355705,0.830396476,0.477832512,0.887765122,0.196428571,0.869281046,0.566502463,0.938492063,0.50931677,0.898550725
0.506756757,0.832967033,0.518159806,0.883453661,0.238372093,0.89010989,0.528384279,0.918410042,0.527777778,0.893271462
0.581699346,0.826666667,0.514563107,0.884687162,0.244047619,0.875816993,0.581818182,0.911704312,0.440993789,0.934782609
0.487341772,0.82247191,0.486005089,0.88450027,0.197740113,0.873333333,0.533936652,0.919753086,0.469512195,0.909975669
0.590277778,0.830065359,0.470588235,0.884560663,0.229813665,0.854077253,0.583333333,0.900203666,0.487179487,0.894988067
0.51875,0.851015801,0.481108312,0.886735044,0.242774566,0.9030837,0.56,0.912863071,0.463235294,0.89977221
0.489655172,0.820960699,0.480719794,0.885553103,0.237288136,0.895555556,0.491666667,0.897216274,0.411764706,0.89977221
0.605633803,0.819956616,0.513580247,0.887476067,0.174863388,0.88963964,0.53125,0.908902692,0.408163265,0.911214953
0.481481481,0.839002268,0.455696203,0.884096374,0.264864865,0.875565611,0.54,0.885601578,0.475,0.889156627
0.562913907,0.814159292,0.454767726,0.893150012,0.229166667,0.905747126,0.616071429,0.927536232,0.379084967,0.947867299
0.537414966,0.835526316,0.465174129,0.886609071,0.212560386,0.902380952,0.541125541,0.913865546,0.397058824,0.913439636
0.528169014,0.852494577,0.511688312,0.88464368,0.267045455,0.884700665,0.528138528,0.890756303,0.471590909,0.90726817
0.487341772,0.806741573,0.543209877,0.890028966,0.220994475,0.890134529,0.52020202,0.903732809,0.5,0.885644769
0.439189189,0.837362637,0.519138756,0.88612694,0.257142857,0.89159292,0.484018265,0.922131148,0.391025641,0.91646778
0.525925926,0.837606838,0.504807692,0.887415267,0.220338983,0.884444444,0.514423077,0.929859719,0.433333333,0.911392405
0.510067114,0.845814978,0.488549618,0.883077376,0.254054054,0.925339367,0.568888889,0.919087137,0.455128205,0.902147971
0.5,0.835140998,0.457345972,0.885760613,0.191489362,0.902050114,0.576190476,0.90945674,0.527131783,0.903587444
0.506666667,0.843267108,0.492890995,0.885269261,0.209039548,0.897777778,0.593886463,0.89958159,0.426136364,0.922305764
0.554744526,0.847639485,0.529262087,0.893577351,0.233128834,0.907327586,0.537383178,0.90872211,0.425806452,0.926190476
0.58041958,0.841304348,0.488491049,0.886817446,0.216049383,0.903225806,0.435555556,0.885892116,0.419753086,0.891041162
0.567741935,0.828125,0.490521327,0.887087264,0.2,0.907079646,0.568888889,0.927385892,0.5390625,0.92393736
0.506578947,0.800443459,0.488997555,0.886029953,0.222222222,0.911421911,0.472906404,0.904761905,0.457627119,0.924623116
0.5,0.820224719,0.442211055,0.881380055,0.248618785,0.912556054,0.549586777,0.905376344,0.376623377,0.902612827
0.526315789,0.862527716,0.529268293,0.887890395,0.252873563,0.854304636,0.506849315,0.887295082,0.422360248,0.903381643
0.458064516,0.841517857,0.440443213,0.889139274,0.219653179,0.852422907,0.513274336,0.906444906,0.401360544,0.904205607
0.454545455,0.817330211,0.531553398,0.885816717,0.213483146,0.897550111,0.472972973,0.898969072,0.538461538,0.897374702
0.476190476,0.798245614,0.485507246,0.885019646,0.230769231,0.898876404,0.525581395,0.914634146,0.467948718,0.890214797
0.5,0.80369515,0.464102564,0.885547488,0.213483146,0.881959911,0.519607843,0.918489066,0.486486486,0.908665105
0.496688742,0.840707965,0.508515815,0.886460738,0.25136612,0.887387387,0.565217391,0.916,0.460526316,0.93144208
0.583333333,0.800894855,0.4875,0.886669284,0.230769231,0.887640449,0.538812785,0.924180328,0.48427673,0.870192308
0.48447205,0.794117647,0.502590674,0.886698058,0.222222222,0.875,0.587962963,0.916496945,0.4375,0.901204819
0.542857143,0.825053996,0.491048593,0.888730805,0.248648649,0.914027149,0.56744186,0.93902439,0.523178808,0.922169811
0.448717949,0.836689038,0.468671679,0.885104294,0.196891192,0.882488479,0.593457944,0.890466531,0.496732026,0.907582938
0.509933775,0.838495575,0.514745308,0.886868291,0.233918129,0.901315789,0.544642857,0.927536232,0.440993789,0.876811594
0.44966443,0.814977974,0.507772021,0.890229547,0.18579235,0.858108108,0.590909091,0.9137577,0.478787879,0.909756098
0.519230769,0.845637584,0.504132231,0.888981432,0.209677419,0.888888889,0.569506726,0.896694215,0.46,0.908235294
