,LAS_sens_nonElderly,LAS_spec_nonElderly,MATTS_sens_nonElderly,MATTS_spec_nonElderly,WMAS_sens_nonElderly,WMAS_spec_nonElderly,YAS_sens_nonElderly,YAS_spec_nonElderly,SWAST_sens_nonElderly,SWAST_spec_nonElderly,LAS_sens_Elderly,LAS_spec_Elderly,MATTS_sens_Elderly,MATTS_spec_Elderly,WMAS_sens_Elderly,WMAS_spec_Elderly,YAS_sens_Elderly,YAS_spec_Elderly,SWAST_sens_Elderly,SWAST_spec_Elderly
1,0.668367347,0.832692308,0.489795918,0.928846154,0.581632653,0.861538462,0.591836735,0.832692308,0.426020408,0.938461538,0.429775281,0.881818182,0.261235955,0.967045455,0.348314607,0.896590909,0.412921348,0.881818182,0.235955056,0.957954545
2,0.67,0.8515625,0.44,0.935546875,0.6,0.880859375,0.5925,0.8515625,0.4,0.935546875,0.435233161,0.862352941,0.274611399,0.968235294,0.373056995,0.878823529,0.411917098,0.862352941,0.259067358,0.96
3,0.676767677,0.810077519,0.487373737,0.937984496,0.613636364,0.858527132,0.606060606,0.810077519,0.424242424,0.939922481,0.456582633,0.905574516,0.266106443,0.971558589,0.352941176,0.911262799,0.448179272,0.905574516,0.235294118,0.971558589
4,0.702412869,0.857142857,0.485254692,0.93877551,0.63002681,0.890538033,0.632707775,0.857142857,0.439678284,0.944341373,0.438016529,0.886597938,0.275482094,0.96792669,0.371900826,0.899198167,0.415977961,0.886597938,0.236914601,0.964490263
5,0.658031088,0.849809886,0.518134715,0.937262357,0.585492228,0.8878327,0.567357513,0.849809886,0.46373057,0.94486692,0.414698163,0.877192982,0.291338583,0.970760234,0.354330709,0.898245614,0.401574803,0.877192982,0.230971129,0.952046784
6,0.674796748,0.836095764,0.498644986,0.924493554,0.593495935,0.861878453,0.615176152,0.836095764,0.395663957,0.944751381,0.391304348,0.8640553,0.220108696,0.949308756,0.331521739,0.881336406,0.375,0.8640553,0.214673913,0.938940092
7,0.69047619,0.84082397,0.518518519,0.926966292,0.605820106,0.878277154,0.605820106,0.84082397,0.439153439,0.938202247,0.393939394,0.883002208,0.236363636,0.965783664,0.306060606,0.886313466,0.378787879,0.883002208,0.206060606,0.951434879
8,0.663414634,0.846613546,0.490243902,0.940239044,0.541463415,0.852589641,0.607317073,0.846613546,0.392682927,0.940239044,0.515406162,0.880546075,0.302521008,0.969283276,0.420168067,0.893060296,0.492997199,0.880546075,0.305322129,0.961319681
9,0.646753247,0.842504744,0.467532468,0.933586338,0.548051948,0.872865275,0.579220779,0.842504744,0.397402597,0.948766603,0.459064327,0.880313199,0.283625731,0.96196868,0.35380117,0.880313199,0.432748538,0.880313199,0.263157895,0.948545861
10,0.696022727,0.816071429,0.528409091,0.923214286,0.585227273,0.848214286,0.610795455,0.816071429,0.448863636,0.942857143,0.424418605,0.8867713,0.270348837,0.966367713,0.354651163,0.915919283,0.401162791,0.8867713,0.255813953,0.959641256
11,0.684210526,0.823308271,0.521052632,0.917293233,0.581578947,0.853383459,0.581578947,0.823308271,0.465789474,0.934210526,0.426900585,0.871364653,0.298245614,0.960850112,0.350877193,0.884787472,0.418128655,0.871364653,0.257309942,0.951901566
12,0.687344913,0.829076621,0.493796526,0.907662083,0.573200993,0.852652259,0.635235732,0.829076621,0.449131514,0.933202358,0.360215054,0.891203704,0.25,0.96875,0.287634409,0.908564815,0.341397849,0.891203704,0.239247312,0.962962963
13,0.687179487,0.825670498,0.502564103,0.931034483,0.58974359,0.862068966,0.592307692,0.825670498,0.435897436,0.940613027,0.452941176,0.871651786,0.282352941,0.965401786,0.361764706,0.880580357,0.429411765,0.871651786,0.267647059,0.949776786
14,0.624378109,0.843137255,0.452736318,0.933333333,0.509950249,0.858823529,0.549751244,0.843137255,0.355721393,0.939215686,0.446685879,0.876265467,0.265129683,0.964004499,0.34870317,0.894263217,0.423631124,0.876265467,0.221902017,0.955005624
15,0.644278607,0.854901961,0.502487562,0.947058824,0.532338308,0.88627451,0.529850746,0.854901961,0.430348259,0.949019608,0.435028249,0.887755102,0.299435028,0.967120181,0.367231638,0.910430839,0.423728814,0.887755102,0.285310734,0.955782313
16,0.641148325,0.836032389,0.483253589,0.94534413,0.555023923,0.884615385,0.552631579,0.836032389,0.423444976,0.949392713,0.410764873,0.884484711,0.269121813,0.977349943,0.342776204,0.886749717,0.396600567,0.884484711,0.23796034,0.971687429
17,0.655172414,0.839252336,0.458885942,0.945794393,0.546419098,0.865420561,0.578249337,0.839252336,0.387267905,0.94953271,0.421965318,0.892134831,0.257225434,0.975280899,0.349710983,0.906741573,0.395953757,0.892134831,0.248554913,0.969662921
18,0.712737127,0.819521179,0.509485095,0.924493554,0.658536585,0.85267035,0.653116531,0.819521179,0.409214092,0.933701657,0.446575342,0.881745121,0.282191781,0.979334099,0.331506849,0.904707233,0.42739726,0.881745121,0.246575342,0.966704937
19,0.671834625,0.841904762,0.50129199,0.927619048,0.617571059,0.872380952,0.602067183,0.841904762,0.431524548,0.937142857,0.413043478,0.873271889,0.247282609,0.955069124,0.326086957,0.900921659,0.399456522,0.873271889,0.25,0.948156682
20,0.637532134,0.86042065,0.467866324,0.931166348,0.573264781,0.887189293,0.555269923,0.86042065,0.406169666,0.948374761,0.416422287,0.864804469,0.258064516,0.951955307,0.337243402,0.884916201,0.407624633,0.864804469,0.246334311,0.946368715
21,0.667621777,0.840142096,0.504297994,0.937833037,0.573065903,0.886323268,0.575931232,0.840142096,0.455587393,0.953818828,0.452722063,0.88162345,0.275071633,0.978579481,0.346704871,0.90529876,0.435530086,0.88162345,0.23782235,0.967305524
22,0.708624709,0.842650104,0.501165501,0.935817805,0.594405594,0.879917184,0.622377622,0.842650104,0.463869464,0.935817805,0.442307692,0.883027523,0.293956044,0.971330275,0.35989011,0.895642202,0.425824176,0.883027523,0.263736264,0.962155963
23,0.686842105,0.821428571,0.492105263,0.915413534,0.607894737,0.834586466,0.607894737,0.821428571,0.439473684,0.92481203,0.43452381,0.887777778,0.24702381,0.968888889,0.330357143,0.903333333,0.419642857,0.887777778,0.220238095,0.965555556
24,0.685929648,0.844357977,0.474874372,0.929961089,0.570351759,0.848249027,0.59798995,0.844357977,0.417085427,0.924124514,0.422096317,0.890147225,0.257790368,0.963759909,0.328611898,0.898074745,0.402266289,0.890147225,0.257790368,0.961494904
25,0.670050761,0.822393822,0.5,0.930501931,0.565989848,0.855212355,0.586294416,0.822393822,0.449238579,0.938223938,0.426934097,0.878241263,0.263610315,0.961668546,0.318051576,0.888387824,0.421203438,0.878241263,0.197707736,0.958286359
26,0.670951157,0.826003824,0.526992288,0.923518164,0.57840617,0.883365201,0.59125964,0.826003824,0.429305913,0.938814532,0.43943662,0.90692395,0.264788732,0.973893303,0.369014085,0.914869467,0.416901408,0.90692395,0.230985915,0.960272418
27,0.671641791,0.819607843,0.514925373,0.92745098,0.587064677,0.866666667,0.572139303,0.819607843,0.445273632,0.933333333,0.41322314,0.886597938,0.23415978,0.963344788,0.308539945,0.901489118,0.385674931,0.886597938,0.20661157,0.95532646
28,0.753056235,0.82306163,0.540342298,0.946322068,0.630806846,0.856858847,0.662591687,0.82306163,0.457212714,0.950298211,0.430481283,0.880510441,0.256684492,0.97099768,0.35026738,0.885150812,0.398395722,0.880510441,0.229946524,0.959396752
29,0.666666667,0.803809524,0.527131783,0.900952381,0.568475452,0.832380952,0.57881137,0.803809524,0.454780362,0.92,0.42506812,0.880322209,0.283378747,0.96547756,0.359673025,0.906789413,0.400544959,0.880322209,0.253405995,0.960874568
30,0.624378109,0.862745098,0.47761194,0.937254902,0.559701493,0.880392157,0.559701493,0.862745098,0.415422886,0.941176471,0.402857143,0.89503386,0.271428571,0.968397291,0.354285714,0.909706546,0.38,0.89503386,0.237142857,0.957110609
31,0.667546174,0.853658537,0.511873351,0.934333959,0.562005277,0.868667917,0.601583113,0.853658537,0.408970976,0.941838649,0.445121951,0.871145374,0.262195122,0.97246696,0.365853659,0.896475771,0.432926829,0.871145374,0.231707317,0.955947137
32,0.667464115,0.850202429,0.45215311,0.947368421,0.583732057,0.886639676,0.59569378,0.850202429,0.380382775,0.95951417,0.449035813,0.89347079,0.26446281,0.977090493,0.371900826,0.895761741,0.44077135,0.89347079,0.23415978,0.97021764
33,0.679586563,0.841904762,0.532299742,0.916190476,0.558139535,0.855238095,0.573643411,0.841904762,0.457364341,0.92,0.436260623,0.892412231,0.252124646,0.973952435,0.348441926,0.907134768,0.407932011,0.892412231,0.240793201,0.969422424
34,0.677871148,0.836036036,0.481792717,0.945945946,0.582633053,0.879279279,0.596638655,0.836036036,0.425770308,0.951351351,0.384831461,0.894318182,0.230337079,0.961363636,0.351123596,0.898863636,0.376404494,0.894318182,0.216292135,0.959090909
35,0.652849741,0.840304183,0.476683938,0.939163498,0.593264249,0.868821293,0.593264249,0.840304183,0.393782383,0.948669202,0.419786096,0.880510441,0.235294118,0.964037123,0.371657754,0.897911833,0.409090909,0.880510441,0.251336898,0.954756381
36,0.63840399,0.825831703,0.486284289,0.931506849,0.541147132,0.878669276,0.558603491,0.825831703,0.399002494,0.941291585,0.394230769,0.880952381,0.253205128,0.953463203,0.330128205,0.893939394,0.391025641,0.880952381,0.230769231,0.945887446
37,0.723039216,0.839285714,0.522058824,0.920634921,0.634803922,0.851190476,0.632352941,0.839285714,0.443627451,0.932539683,0.404761905,0.885555556,0.25,0.968888889,0.297619048,0.895555556,0.389880952,0.885555556,0.214285714,0.963333333
38,0.651948052,0.829222011,0.441558442,0.925996205,0.579220779,0.859582543,0.594805195,0.829222011,0.379220779,0.943074004,0.425,0.865720524,0.275,0.959606987,0.365625,0.878820961,0.40625,0.865720524,0.2625,0.949781659
39,0.696969697,0.84496124,0.532828283,0.926356589,0.583333333,0.885658915,0.606060606,0.84496124,0.449494949,0.947674419,0.377142857,0.889390519,0.22,0.972911964,0.297142857,0.911963883,0.368571429,0.889390519,0.191428571,0.965011287
40,0.619647355,0.831067961,0.445843829,0.926213592,0.539042821,0.848543689,0.549118388,0.831067961,0.382871537,0.918446602,0.426183844,0.877993158,0.278551532,0.972633979,0.39275766,0.895096921,0.412256267,0.877993158,0.253481894,0.96009122
41,0.657534247,0.828153565,0.460273973,0.910420475,0.550684932,0.859232176,0.550684932,0.828153565,0.416438356,0.932358318,0.420485175,0.882080925,0.25606469,0.966473988,0.342318059,0.898265896,0.398921833,0.882080925,0.23180593,0.959537572
42,0.680589681,0.847524752,0.501228501,0.928712871,0.5995086,0.867326733,0.624078624,0.847524752,0.452088452,0.942574257,0.448179272,0.869169511,0.263305322,0.970420933,0.389355742,0.901023891,0.431372549,0.869169511,0.257703081,0.963594994
43,0.709273183,0.83625731,0.561403509,0.929824561,0.644110276,0.861598441,0.634085213,0.83625731,0.481203008,0.943469786,0.454545455,0.882016037,0.303030303,0.969072165,0.391184573,0.899198167,0.438016529,0.882016037,0.256198347,0.956471936
44,0.661616162,0.819767442,0.492424242,0.914728682,0.555555556,0.84496124,0.578282828,0.819767442,0.444444444,0.934108527,0.43697479,0.879408419,0.285714286,0.967007964,0.344537815,0.905574516,0.411764706,0.879408419,0.25210084,0.963594994
45,0.662436548,0.828185328,0.47715736,0.930501931,0.604060914,0.847490347,0.598984772,0.828185328,0.431472081,0.932432432,0.449567723,0.871766029,0.270893372,0.973003375,0.337175793,0.886389201,0.432276657,0.871766029,0.236311239,0.96287964
46,0.659793814,0.856870229,0.476804124,0.93129771,0.572164948,0.88740458,0.595360825,0.856870229,0.417525773,0.948473282,0.434173669,0.870307167,0.277310924,0.965870307,0.344537815,0.897610922,0.420168067,0.870307167,0.238095238,0.962457338
47,0.668407311,0.84120983,0.498694517,0.945179584,0.597911227,0.865784499,0.590078329,0.84120983,0.430809399,0.937618147,0.408839779,0.887871854,0.23480663,0.964530892,0.32320442,0.900457666,0.403314917,0.887871854,0.20718232,0.949656751
48,0.6796875,0.840909091,0.4921875,0.931818182,0.5703125,0.869318182,0.588541667,0.840909091,0.447916667,0.946969697,0.438888889,0.886986301,0.266666667,0.966894977,0.344444444,0.897260274,0.422222222,0.886986301,0.244444444,0.949771689
49,0.672456576,0.844793713,0.493796526,0.925343811,0.602977667,0.866404715,0.600496278,0.844793713,0.41439206,0.937131631,0.42228739,0.898324022,0.234604106,0.969832402,0.340175953,0.91396648,0.395894428,0.898324022,0.234604106,0.958659218
50,0.642487047,0.86121673,0.448186528,0.939163498,0.582901554,0.870722433,0.575129534,0.86121673,0.401554404,0.948669202,0.414492754,0.877665544,0.269565217,0.970819304,0.330434783,0.88664422,0.385507246,0.877665544,0.246376812,0.955106622
51,0.698019802,0.787401575,0.524752475,0.88976378,0.589108911,0.818897638,0.608910891,0.787401575,0.452970297,0.909448819,0.438172043,0.873842593,0.258064516,0.969907407,0.35483871,0.87962963,0.419354839,0.873842593,0.247311828,0.952546296
52,0.670103093,0.826335878,0.489690722,0.923664122,0.572164948,0.858778626,0.577319588,0.826335878,0.427835052,0.925572519,0.430594901,0.889014723,0.257790368,0.971687429,0.365439093,0.904869762,0.402266289,0.889014723,0.240793201,0.964892412
53,0.688946015,0.829827916,0.5218509,0.948374761,0.614395887,0.868068834,0.619537275,0.829827916,0.4781491,0.952198853,0.426997245,0.864833906,0.269972452,0.969072165,0.355371901,0.886597938,0.407713499,0.864833906,0.245179063,0.956471936
54,0.676844784,0.840077071,0.498727735,0.928709056,0.582697201,0.876685934,0.603053435,0.840077071,0.41475827,0.94026975,0.418732782,0.909507446,0.236914601,0.972508591,0.349862259,0.918671249,0.393939394,0.909507446,0.236914601,0.962199313
55,0.72195122,0.836653386,0.548780488,0.938247012,0.62195122,0.866533865,0.66097561,0.836653386,0.43902439,0.952191235,0.461748634,0.888505747,0.240437158,0.977011494,0.371584699,0.91954023,0.453551913,0.888505747,0.232240437,0.968965517
56,0.677165354,0.796610169,0.509186352,0.926553672,0.590551181,0.870056497,0.577427822,0.796610169,0.464566929,0.926553672,0.370689655,0.879504505,0.235632184,0.96509009,0.324712644,0.902027027,0.359195402,0.879504505,0.204022989,0.962837838
57,0.669191919,0.84496124,0.482323232,0.932170543,0.601010101,0.860465116,0.583333333,0.84496124,0.421717172,0.926356589,0.41971831,0.868331442,0.270422535,0.970488082,0.332394366,0.880817253,0.405633803,0.868331442,0.245070423,0.953461975
58,0.663129973,0.831775701,0.474801061,0.938317757,0.591511936,0.876635514,0.591511936,0.831775701,0.424403183,0.94953271,0.43442623,0.873563218,0.262295082,0.966666667,0.371584699,0.895402299,0.423497268,0.873563218,0.256830601,0.954022989
59,0.665024631,0.830039526,0.495073892,0.922924901,0.549261084,0.855731225,0.588669951,0.830039526,0.443349754,0.922924901,0.414285714,0.876975169,0.257142857,0.965011287,0.36,0.890519187,0.405714286,0.876975169,0.245714286,0.953724605
60,0.6425,0.84375,0.4475,0.939453125,0.5675,0.8671875,0.5825,0.84375,0.3675,0.951171875,0.385245902,0.865517241,0.218579235,0.96091954,0.292349727,0.883908046,0.371584699,0.865517241,0.224043716,0.952873563
61,0.689655172,0.833992095,0.497536946,0.928853755,0.598522167,0.881422925,0.596059113,0.833992095,0.445812808,0.942687747,0.431693989,0.889655172,0.254098361,0.963218391,0.37704918,0.895402299,0.420765027,0.889655172,0.243169399,0.952873563
62,0.672588832,0.832046332,0.52284264,0.94015444,0.586294416,0.864864865,0.583756345,0.832046332,0.456852792,0.94015444,0.397877984,0.880093132,0.24403183,0.976717113,0.318302387,0.895227008,0.381962865,0.880093132,0.196286472,0.958090803
63,0.663212435,0.844106464,0.523316062,0.942965779,0.577720207,0.899239544,0.554404145,0.844106464,0.46373057,0.960076046,0.418994413,0.88952164,0.262569832,0.969248292,0.343575419,0.894077449,0.407821229,0.88952164,0.226256983,0.949886105
64,0.677835052,0.847328244,0.50257732,0.935114504,0.569587629,0.86259542,0.569587629,0.847328244,0.458762887,0.948473282,0.485207101,0.877505568,0.292899408,0.971046771,0.402366864,0.908685969,0.461538462,0.877505568,0.278106509,0.95545657
65,0.64229765,0.824196597,0.433420366,0.924385633,0.55613577,0.852551985,0.595300261,0.824196597,0.38381201,0.924385633,0.423684211,0.878504673,0.242105263,0.96728972,0.392105263,0.88317757,0.413157895,0.878504673,0.257894737,0.964953271
66,0.672043011,0.82037037,0.454301075,0.907407407,0.588709677,0.85,0.596774194,0.82037037,0.427419355,0.935185185,0.443526171,0.873997709,0.280991736,0.971363116,0.371900826,0.882016037,0.432506887,0.873997709,0.239669421,0.958762887
67,0.704787234,0.824626866,0.507978723,0.927238806,0.609042553,0.860074627,0.625,0.824626866,0.462765957,0.936567164,0.399425287,0.881756757,0.235632184,0.958333333,0.301724138,0.885135135,0.382183908,0.881756757,0.221264368,0.948198198
68,0.625,0.840384615,0.448979592,0.965384615,0.512755102,0.867307692,0.543367347,0.840384615,0.382653061,0.963461538,0.436842105,0.898364486,0.276315789,0.966121495,0.342105263,0.912383178,0.421052632,0.898364486,0.263157895,0.955607477
69,0.659574468,0.838445808,0.482269504,0.952965235,0.61465721,0.867075665,0.579196217,0.838445808,0.432624113,0.959100204,0.399463807,0.876013905,0.217158177,0.962920046,0.332439678,0.885283893,0.386058981,0.876013905,0.227882038,0.961761298
70,0.67012987,0.812144213,0.524675325,0.918406072,0.592207792,0.855787476,0.579220779,0.812144213,0.457142857,0.931688805,0.416438356,0.866819747,0.24109589,0.965556831,0.304109589,0.893226177,0.408219178,0.866819747,0.21369863,0.967853042
71,0.682539683,0.842696629,0.481481481,0.941947566,0.571428571,0.88576779,0.595238095,0.842696629,0.423280423,0.936329588,0.396600567,0.8799547,0.23796034,0.963759909,0.328611898,0.893544734,0.379603399,0.8799547,0.212464589,0.951302378
72,0.64037123,0.810810811,0.464037123,0.925155925,0.540603248,0.858627859,0.56612529,0.810810811,0.380510441,0.925155925,0.449848024,0.858875413,0.270516717,0.964718853,0.386018237,0.884233738,0.425531915,0.858875413,0.240121581,0.952590959
73,0.663185379,0.807183365,0.511749347,0.90926276,0.561357702,0.84120983,0.569190601,0.807183365,0.449086162,0.937618147,0.415472779,0.883878241,0.252148997,0.972942503,0.335243553,0.895152198,0.406876791,0.883878241,0.217765043,0.969560316
74,0.666666667,0.84180791,0.498687664,0.934086629,0.595800525,0.875706215,0.608923885,0.84180791,0.45144357,0.949152542,0.460490463,0.886075949,0.247956403,0.972382048,0.38147139,0.897583429,0.449591281,0.886075949,0.220708447,0.962025316
75,0.683544304,0.833655706,0.486075949,0.930367505,0.589873418,0.86073501,0.594936709,0.833655706,0.440506329,0.930367505,0.451895044,0.856662934,0.265306122,0.969764838,0.33819242,0.875699888,0.43148688,0.856662934,0.21574344,0.955207167
76,0.670673077,0.868951613,0.475961538,0.947580645,0.591346154,0.866935484,0.591346154,0.868951613,0.423076923,0.943548387,0.427184466,0.8802589,0.27184466,0.964401294,0.336569579,0.889967638,0.420711974,0.8802589,0.200647249,0.9600863
77,0.635416667,0.852272727,0.455729167,0.9375,0.5703125,0.867424242,0.565104167,0.852272727,0.403645833,0.950757576,0.418539326,0.871590909,0.264044944,0.9625,0.337078652,0.882954545,0.387640449,0.871590909,0.230337079,0.952272727
78,0.671018277,0.827977316,0.527415144,0.930056711,0.61618799,0.84120983,0.608355091,0.827977316,0.493472585,0.933837429,0.429333333,0.889663182,0.264,0.975609756,0.336,0.911730546,0.408,0.889663182,0.218666667,0.965156794
79,0.662269129,0.821763602,0.482849604,0.911819887,0.556728232,0.868667917,0.63060686,0.821763602,0.353562005,0.953095685,0.439678284,0.870220162,0.262734584,0.968713789,0.35924933,0.889918888,0.420911528,0.870220162,0.238605898,0.950173812
80,0.66507177,0.82388664,0.461722488,0.931174089,0.586124402,0.844129555,0.598086124,0.82388664,0.413875598,0.939271255,0.468144044,0.856,0.271468144,0.965714286,0.376731302,0.884571429,0.451523546,0.856,0.263157895,0.949714286
81,0.647201946,0.866267465,0.481751825,0.932135729,0.576642336,0.882235529,0.562043796,0.866267465,0.413625304,0.9500998,0.444759207,0.898074745,0.280453258,0.968289921,0.376770538,0.909399773,0.433427762,0.898074745,0.249291785,0.95583239
82,0.642857143,0.829588015,0.489417989,0.943820225,0.566137566,0.846441948,0.579365079,0.829588015,0.457671958,0.936329588,0.415977961,0.892325315,0.258953168,0.971363116,0.308539945,0.895761741,0.393939394,0.892325315,0.231404959,0.961053837
83,0.684895833,0.850378788,0.515625,0.928030303,0.596354167,0.854166667,0.614583333,0.850378788,0.416666667,0.929924242,0.413597734,0.877689694,0.280453258,0.968289921,0.371104816,0.884484711,0.393767705,0.877689694,0.252124646,0.960362401
84,0.710723192,0.821917808,0.556109726,0.931506849,0.630922693,0.861056751,0.635910224,0.821917808,0.466334165,0.947162427,0.433242507,0.87456847,0.234332425,0.970080552,0.365122616,0.888377445,0.414168937,0.87456847,0.207084469,0.962025316
85,0.671957672,0.870786517,0.44973545,0.945692884,0.584656085,0.906367041,0.605820106,0.870786517,0.402116402,0.940074906,0.415204678,0.891498881,0.263157895,0.975391499,0.292397661,0.903803132,0.388888889,0.891498881,0.219298246,0.972035794
86,0.667493797,0.811394892,0.488833747,0.931237721,0.570719603,0.833005894,0.58808933,0.811394892,0.429280397,0.935166994,0.471428571,0.891647856,0.291428571,0.961625282,0.371428571,0.908577878,0.454285714,0.891647856,0.254285714,0.965011287
87,0.677165354,0.826741996,0.490813648,0.941619586,0.553805774,0.853107345,0.590551181,0.826741996,0.385826772,0.945386064,0.408333333,0.874429224,0.288888889,0.95890411,0.344444444,0.888127854,0.391666667,0.874429224,0.258333333,0.948630137
88,0.658354115,0.847358121,0.493765586,0.929549902,0.588528678,0.870841487,0.578553616,0.847358121,0.416458853,0.947162427,0.398826979,0.869273743,0.2228739,0.970949721,0.328445748,0.897206704,0.381231672,0.869273743,0.225806452,0.960893855
89,0.699751861,0.815324165,0.511166253,0.921414538,0.637717122,0.860510806,0.605459057,0.815324165,0.481389578,0.921414538,0.395415473,0.883878241,0.23782235,0.961668546,0.286532951,0.892897407,0.383954155,0.883878241,0.189111748,0.957158963
90,0.618320611,0.840077071,0.44783715,0.936416185,0.554707379,0.876685934,0.544529262,0.840077071,0.404580153,0.949903661,0.385057471,0.888513514,0.227011494,0.983108108,0.298850575,0.903153153,0.364942529,0.888513514,0.206896552,0.963963964
91,0.685785536,0.851272016,0.503740648,0.945205479,0.581047382,0.892367906,0.618453865,0.851272016,0.406483791,0.953033268,0.42032967,0.877293578,0.230769231,0.970183486,0.31043956,0.888761468,0.409340659,0.877293578,0.222527473,0.962155963
92,0.669312169,0.812734082,0.492063492,0.913857678,0.55026455,0.86329588,0.613756614,0.812734082,0.391534392,0.93071161,0.442896936,0.879133409,0.239554318,0.972633979,0.359331476,0.904218928,0.428969359,0.879133409,0.236768802,0.963511973
93,0.675949367,0.814313346,0.503797468,0.914893617,0.579746835,0.87040619,0.579746835,0.814313346,0.440506329,0.928433269,0.405797101,0.87654321,0.252173913,0.955106622,0.368115942,0.892255892,0.391304348,0.87654321,0.237681159,0.950617284
94,0.594666667,0.82867784,0.418666667,0.934823091,0.528,0.867783985,0.541333333,0.82867784,0.368,0.940409683,0.410187668,0.88760139,0.297587131,0.972190035,0.343163539,0.893395133,0.399463807,0.88760139,0.268096515,0.958285052
95,0.666666667,0.820809249,0.506361323,0.936416185,0.557251908,0.845857418,0.580152672,0.820809249,0.442748092,0.94026975,0.467741935,0.876157407,0.301075269,0.956018519,0.346774194,0.895833333,0.430107527,0.876157407,0.252688172,0.951388889
96,0.670050761,0.849420849,0.489847716,0.944015444,0.565989848,0.88996139,0.563451777,0.849420849,0.418781726,0.959459459,0.389240506,0.882608696,0.240506329,0.972826087,0.291139241,0.902173913,0.379746835,0.882608696,0.205696203,0.95326087
97,0.673469388,0.840384615,0.512755102,0.934615385,0.556122449,0.863461538,0.573979592,0.840384615,0.428571429,0.934615385,0.415204678,0.891498881,0.271929825,0.973154362,0.339181287,0.909395973,0.385964912,0.891498881,0.236842105,0.970917226
98,0.697560976,0.832669323,0.517073171,0.942231076,0.590243902,0.860557769,0.614634146,0.832669323,0.429268293,0.948207171,0.421652422,0.872316384,0.239316239,0.95819209,0.336182336,0.88700565,0.401709402,0.872316384,0.216524217,0.949152542
99,0.651948052,0.823529412,0.477922078,0.935483871,0.568831169,0.85199241,0.566233766,0.823529412,0.412987013,0.94686907,0.442528736,0.884009009,0.25862069,0.969594595,0.390804598,0.886261261,0.42816092,0.884009009,0.235632184,0.949324324
100,0.601023018,0.846449136,0.450127877,0.930902111,0.542199488,0.882917466,0.547314578,0.846449136,0.383631714,0.946257198,0.415549598,0.884125145,0.252010724,0.969872538,0.35924933,0.899188876,0.399463807,0.884125145,0.227882038,0.960602549
101,0.665803109,0.844106464,0.481865285,0.937262357,0.577720207,0.872623574,0.611398964,0.844106464,0.419689119,0.937262357,0.383561644,0.88978186,0.219178082,0.969001148,0.320547945,0.893226177,0.37260274,0.88978186,0.202739726,0.950631458
102,0.678571429,0.824817518,0.513736264,0.927007299,0.571428571,0.863138686,0.615384615,0.824817518,0.406593407,0.928832117,0.444444444,0.909817352,0.266666667,0.979452055,0.372222222,0.914383562,0.425,0.909817352,0.222222222,0.974885845
103,0.710997442,0.811900192,0.498721228,0.919385797,0.601023018,0.852207294,0.639386189,0.811900192,0.434782609,0.919385797,0.445054945,0.885321101,0.266483516,0.961009174,0.35989011,0.885321101,0.428571429,0.885321101,0.241758242,0.947247706
104,0.720108696,0.821691176,0.516304348,0.943014706,0.586956522,0.851102941,0.635869565,0.821691176,0.461956522,0.939338235,0.424019608,0.88647343,0.25,0.972222222,0.321078431,0.903381643,0.397058824,0.88647343,0.200980392,0.966183575
105,0.638461538,0.837164751,0.446153846,0.950191571,0.574358974,0.877394636,0.574358974,0.837164751,0.394871795,0.961685824,0.440443213,0.88,0.249307479,0.976,0.371191136,0.896,0.432132964,0.88,0.232686981,0.962285714
106,0.694369973,0.86270872,0.501340483,0.957328386,0.597855228,0.892393321,0.619302949,0.86270872,0.436997319,0.964749536,0.435897436,0.858757062,0.270655271,0.966101695,0.378917379,0.884745763,0.421652422,0.858757062,0.247863248,0.95819209
107,0.638242894,0.851428571,0.480620155,0.944761905,0.596899225,0.895238095,0.57881137,0.851428571,0.431524548,0.948571429,0.445378151,0.883959044,0.271708683,0.969283276,0.350140056,0.894197952,0.431372549,0.883959044,0.240896359,0.955631399
108,0.636363636,0.833663366,0.454545455,0.916831683,0.562653563,0.84950495,0.562653563,0.833663366,0.378378378,0.922772277,0.435828877,0.857308585,0.211229947,0.955916473,0.334224599,0.87587007,0.42513369,0.857308585,0.213903743,0.94199536
109,0.654794521,0.831809872,0.473972603,0.92321755,0.6,0.857404022,0.591780822,0.831809872,0.4,0.936014625,0.444751381,0.878718535,0.281767956,0.966819222,0.361878453,0.897025172,0.419889503,0.878718535,0.259668508,0.957665904
110,0.660621762,0.83460076,0.489637306,0.929657795,0.564766839,0.863117871,0.582901554,0.83460076,0.430051813,0.931558935,0.435261708,0.890034364,0.242424242,0.97021764,0.380165289,0.903780069,0.424242424,0.890034364,0.228650138,0.949599084
111,0.687664042,0.84180791,0.530183727,0.917137476,0.6167979,0.854990584,0.622047244,0.84180791,0.427821522,0.939736347,0.412256267,0.877993158,0.267409471,0.966932725,0.359331476,0.897377423,0.401114206,0.877993158,0.228412256,0.952109464
112,0.648058252,0.832,0.444174757,0.928,0.567961165,0.85,0.575242718,0.832,0.417475728,0.944,0.407713499,0.885452463,0.256198347,0.958762887,0.316804408,0.89117984,0.391184573,0.885452463,0.214876033,0.946162658
113,0.681372549,0.839285714,0.482843137,0.93452381,0.56127451,0.845238095,0.595588235,0.839285714,0.424019608,0.944444444,0.382857143,0.874717833,0.248571429,0.966139955,0.297142857,0.887133183,0.374285714,0.874717833,0.197142857,0.959367946
114,0.684596577,0.840954274,0.496332518,0.922465209,0.572127139,0.878727634,0.611246944,0.840954274,0.415647922,0.932405567,0.443478261,0.885521886,0.298550725,0.971941639,0.35942029,0.901234568,0.417391304,0.885521886,0.246376812,0.961840629
115,0.635,0.841796875,0.48,0.9296875,0.5825,0.880859375,0.5825,0.841796875,0.4,0.947265625,0.428176796,0.878718535,0.320441989,0.964530892,0.356353591,0.902745995,0.408839779,0.878718535,0.254143646,0.964530892
116,0.639593909,0.828185328,0.489847716,0.922779923,0.573604061,0.868725869,0.540609137,0.828185328,0.456852792,0.936293436,0.433048433,0.882485876,0.245014245,0.963841808,0.37037037,0.903954802,0.421652422,0.882485876,0.207977208,0.95480226
117,0.662371134,0.824427481,0.466494845,0.914122137,0.554123711,0.841603053,0.595360825,0.824427481,0.391752577,0.935114504,0.449152542,0.868480726,0.257062147,0.958049887,0.358757062,0.878684807,0.435028249,0.868480726,0.240112994,0.942176871
118,0.644736842,0.834586466,0.452631579,0.930451128,0.542105263,0.859022556,0.563157895,0.834586466,0.392105263,0.937969925,0.442073171,0.90969163,0.24695122,0.970264317,0.31097561,0.93061674,0.423780488,0.90969163,0.234756098,0.964757709
119,0.712793734,0.809073724,0.527415144,0.905482042,0.61618799,0.822306238,0.639686684,0.809073724,0.44386423,0.918714556,0.421333333,0.87456446,0.245333333,0.970963995,0.354666667,0.893147503,0.392,0.87456446,0.245333333,0.951219512
120,0.625628141,0.838521401,0.472361809,0.939688716,0.545226131,0.86381323,0.542713568,0.838521401,0.417085427,0.957198444,0.411931818,0.878959276,0.241477273,0.963800905,0.360795455,0.89479638,0.392045455,0.878959276,0.224431818,0.954751131
121,0.620689655,0.839920949,0.426108374,0.928853755,0.554187192,0.855731225,0.551724138,0.839920949,0.386699507,0.938735178,0.392370572,0.884925201,0.245231608,0.962025316,0.332425068,0.907940161,0.376021798,0.884925201,0.231607629,0.948216341
122,0.679104478,0.862745098,0.517412935,0.943137255,0.621890547,0.888235294,0.57960199,0.862745098,0.472636816,0.945098039,0.43956044,0.881880734,0.25,0.963302752,0.346153846,0.902522936,0.414835165,0.881880734,0.233516484,0.969036697
123,0.665822785,0.798839458,0.491139241,0.903288201,0.607594937,0.825918762,0.567088608,0.798839458,0.443037975,0.914893617,0.448275862,0.896396396,0.252873563,0.962837838,0.362068966,0.900900901,0.41954023,0.896396396,0.224137931,0.954954955
124,0.696891192,0.828897338,0.520725389,0.925855513,0.595854922,0.857414449,0.624352332,0.828897338,0.42746114,0.927756654,0.406077348,0.884439359,0.223756906,0.970251716,0.328729282,0.899313501,0.392265193,0.884439359,0.223756906,0.95194508
125,0.618357488,0.841365462,0.449275362,0.947791165,0.541062802,0.855421687,0.528985507,0.841365462,0.405797101,0.949799197,0.413173653,0.890243902,0.284431138,0.974501109,0.332335329,0.900221729,0.392215569,0.890243902,0.239520958,0.961197339
126,0.669191919,0.829457364,0.505050505,0.916666667,0.575757576,0.846899225,0.590909091,0.829457364,0.434343434,0.932170543,0.421333333,0.8757259,0.266666667,0.959349593,0.365333333,0.890824623,0.402666667,0.8757259,0.242666667,0.948896632
127,0.635897436,0.814176245,0.423076923,0.923371648,0.548717949,0.844827586,0.553846154,0.814176245,0.369230769,0.929118774,0.413597734,0.882219706,0.266288952,0.961494904,0.351274788,0.890147225,0.410764873,0.882219706,0.260623229,0.950169875
128,0.663129973,0.831775701,0.51193634,0.936448598,0.607427056,0.874766355,0.602122016,0.831775701,0.440318302,0.942056075,0.478991597,0.897610922,0.274509804,0.970420933,0.383753501,0.899886234,0.464985994,0.897610922,0.254901961,0.960182025
129,0.68956743,0.842003854,0.473282443,0.93256262,0.600508906,0.87283237,0.610687023,0.842003854,0.419847328,0.947976879,0.436923077,0.881448957,0.307692308,0.964873765,0.372307692,0.885839737,0.421538462,0.881448957,0.295384615,0.956092206
130,0.69035533,0.814671815,0.487309645,0.911196911,0.609137056,0.833976834,0.644670051,0.814671815,0.411167513,0.922779923,0.411764706,0.882821388,0.271708683,0.965870307,0.31092437,0.898748578,0.397759104,0.882821388,0.221288515,0.946530148
131,0.680387409,0.825651303,0.513317191,0.935871743,0.566585956,0.863727455,0.576271186,0.825651303,0.440677966,0.933867735,0.412698413,0.896270396,0.283068783,0.973193473,0.30952381,0.896270396,0.391534392,0.896270396,0.23015873,0.963869464
132,0.642857143,0.841463415,0.476190476,0.945121951,0.588095238,0.865853659,0.569047619,0.841463415,0.430952381,0.943089431,0.445945946,0.879907621,0.254054054,0.958429561,0.372972973,0.897228637,0.443243243,0.879907621,0.22972973,0.951501155
133,0.619402985,0.847058824,0.460199005,0.941176471,0.519900498,0.87254902,0.544776119,0.847058824,0.39800995,0.937254902,0.45974026,0.887191539,0.293506494,0.976498237,0.376623377,0.905992949,0.433766234,0.887191539,0.267532468,0.961222092
134,0.673913043,0.845588235,0.467391304,0.928308824,0.578804348,0.863970588,0.608695652,0.845588235,0.394021739,0.9375,0.430167598,0.894077449,0.262569832,0.970387244,0.332402235,0.89977221,0.416201117,0.894077449,0.220670391,0.948747153
135,0.679586563,0.836190476,0.465116279,0.937142857,0.627906977,0.866666667,0.635658915,0.836190476,0.436692506,0.965714286,0.465909091,0.867647059,0.315340909,0.969457014,0.355113636,0.891402715,0.448863636,0.867647059,0.252840909,0.955882353
136,0.645783133,0.837022133,0.469879518,0.941649899,0.559036145,0.861167002,0.578313253,0.837022133,0.392771084,0.947686117,0.433333333,0.876712329,0.288888889,0.96803653,0.347222222,0.893835616,0.408333333,0.876712329,0.252777778,0.957762557
137,0.67146283,0.862626263,0.510791367,0.95959596,0.604316547,0.898989899,0.589928058,0.862626263,0.443645084,0.965656566,0.442528736,0.886261261,0.304597701,0.977477477,0.390804598,0.894144144,0.425287356,0.886261261,0.272988506,0.960585586
138,0.682038835,0.85,0.514563107,0.936,0.577669903,0.872,0.582524272,0.85,0.475728155,0.946,0.403361345,0.87258248,0.212885154,0.955631399,0.296918768,0.886234357,0.386554622,0.87258248,0.193277311,0.948805461
139,0.618320611,0.83044316,0.452926209,0.936416185,0.544529262,0.874759152,0.549618321,0.83044316,0.384223919,0.951830443,0.419161677,0.871396896,0.233532934,0.966740576,0.341317365,0.896895787,0.404191617,0.871396896,0.22754491,0.951219512
140,0.661057692,0.8125,0.483173077,0.913306452,0.581730769,0.836693548,0.610576923,0.8125,0.413461538,0.91733871,0.411931818,0.886877828,0.272727273,0.96719457,0.332386364,0.899321267,0.389204545,0.886877828,0.204545455,0.964932127
141,0.664197531,0.822485207,0.491358025,0.938856016,0.57037037,0.840236686,0.580246914,0.822485207,0.444444444,0.942800789,0.461318052,0.895152198,0.272206304,0.96843292,0.366762178,0.887260428,0.446991404,0.895152198,0.23495702,0.967305524
142,0.682989691,0.816793893,0.50257732,0.916030534,0.613402062,0.849236641,0.600515464,0.816793893,0.451030928,0.927480916,0.392105263,0.889018692,0.228947368,0.960280374,0.318421053,0.906542056,0.381578947,0.889018692,0.205263158,0.952102804
143,0.663185379,0.854442344,0.459530026,0.93194707,0.592689295,0.879017013,0.595300261,0.854442344,0.402088773,0.935727788,0.457142857,0.867945824,0.265714286,0.959367946,0.348571429,0.886004515,0.442857143,0.867945824,0.24,0.963882619
144,0.691729323,0.83625731,0.518796992,0.931773879,0.591478697,0.863547758,0.611528822,0.83625731,0.431077694,0.941520468,0.456043956,0.884174312,0.263736264,0.97706422,0.337912088,0.899082569,0.431318681,0.884174312,0.25,0.966743119
145,0.680519481,0.833017078,0.503896104,0.933586338,0.594805195,0.857685009,0.615584416,0.833017078,0.41038961,0.937381404,0.479338843,0.888888889,0.300275482,0.959908362,0.402203857,0.894616266,0.462809917,0.888888889,0.283746556,0.945017182
146,0.648989899,0.841085271,0.457070707,0.918604651,0.575757576,0.846899225,0.573232323,0.841085271,0.439393939,0.926356589,0.458213256,0.880764904,0.279538905,0.970753656,0.334293948,0.905511811,0.423631124,0.880764904,0.253602305,0.951631046
147,0.665775401,0.830855019,0.49197861,0.92936803,0.612299465,0.840148699,0.625668449,0.830855019,0.419786096,0.93866171,0.410810811,0.887990762,0.264864865,0.956120092,0.340540541,0.893764434,0.405405405,0.887990762,0.237837838,0.954965358
148,0.625,0.873076923,0.482142857,0.951923077,0.566326531,0.884615385,0.556122449,0.873076923,0.410714286,0.95,0.458579882,0.881959911,0.263313609,0.96325167,0.346153846,0.893095768,0.440828402,0.881959911,0.221893491,0.948775056
149,0.643705463,0.804480652,0.467933492,0.936863544,0.579572447,0.855397149,0.586698337,0.804480652,0.401425178,0.932790224,0.423188406,0.892255892,0.263768116,0.971941639,0.31884058,0.897867565,0.397101449,0.892255892,0.234782609,0.961840629
150,0.692722372,0.837338262,0.498652291,0.924214418,0.625336927,0.861367837,0.622641509,0.837338262,0.433962264,0.926062847,0.442577031,0.887372014,0.271708683,0.967007964,0.352941176,0.902161547,0.425770308,0.887372014,0.25210084,0.95221843
151,0.643203883,0.834,0.473300971,0.932,0.548543689,0.86,0.563106796,0.834,0.410194175,0.932,0.426136364,0.88800905,0.261363636,0.964932127,0.326704545,0.893665158,0.409090909,0.88800905,0.235795455,0.954751131
152,0.674540682,0.866290019,0.514435696,0.943502825,0.590551181,0.890772128,0.608923885,0.866290019,0.417322835,0.947269303,0.427440633,0.896149358,0.277044855,0.970828471,0.361477573,0.920653442,0.408970976,0.896149358,0.26121372,0.964994166
153,0.680412371,0.812977099,0.494845361,0.916030534,0.567010309,0.830152672,0.585051546,0.812977099,0.402061856,0.919847328,0.447222222,0.872146119,0.275,0.962328767,0.375,0.882420091,0.425,0.872146119,0.25,0.948630137
154,0.665012407,0.825147348,0.501240695,0.915520629,0.553349876,0.850687623,0.580645161,0.825147348,0.429280397,0.933202358,0.406432749,0.860178971,0.245614035,0.96196868,0.350877193,0.870246085,0.394736842,0.860178971,0.222222222,0.944071588
155,0.672727273,0.842504744,0.483116883,0.920303605,0.574025974,0.869070209,0.6,0.842504744,0.405194805,0.937381404,0.425474255,0.883506344,0.265582656,0.973471742,0.33604336,0.899653979,0.406504065,0.883506344,0.249322493,0.964244521
156,0.655086849,0.805500982,0.486352357,0.925343811,0.535980149,0.858546169,0.570719603,0.805500982,0.429280397,0.927308448,0.447058824,0.875,0.270588235,0.973214286,0.382352941,0.878348214,0.435294118,0.875,0.258823529,0.963169643
157,0.68957346,0.83877551,0.547393365,0.930612245,0.58056872,0.857142857,0.604265403,0.83877551,0.443127962,0.932653061,0.414565826,0.881683732,0.24929972,0.970420933,0.308123249,0.901023891,0.403361345,0.881683732,0.215686275,0.960182025
158,0.696969697,0.825581395,0.515151515,0.908914729,0.595959596,0.854651163,0.601010101,0.825581395,0.457070707,0.936046512,0.451327434,0.885172798,0.283185841,0.962095875,0.359882006,0.886287625,0.424778761,0.885172798,0.271386431,0.963210702
159,0.693467337,0.846303502,0.489949749,0.943579767,0.610552764,0.875486381,0.633165829,0.846303502,0.417085427,0.941634241,0.459302326,0.880044843,0.287790698,0.971973094,0.35755814,0.893497758,0.436046512,0.880044843,0.270348837,0.957399103
160,0.692307692,0.852490421,0.5,0.948275862,0.564102564,0.900383142,0.61025641,0.852490421,0.428205128,0.961685824,0.40960452,0.89569161,0.248587571,0.975056689,0.31920904,0.901360544,0.403954802,0.89569161,0.225988701,0.962585034
161,0.632754342,0.84675835,0.456575682,0.923379175,0.545905707,0.870333988,0.555831266,0.84675835,0.41439206,0.925343811,0.37535014,0.858930603,0.226890756,0.965870307,0.31092437,0.883959044,0.361344538,0.858930603,0.210084034,0.953356086
162,0.686893204,0.846,0.466019417,0.936,0.611650485,0.87,0.623786408,0.846,0.376213592,0.938,0.419254658,0.869803063,0.251552795,0.969365427,0.354037267,0.898249453,0.400621118,0.869803063,0.236024845,0.960612691
163,0.6575,0.8203125,0.4925,0.921875,0.595,0.849609375,0.57,0.8203125,0.445,0.92578125,0.365168539,0.877272727,0.224719101,0.967045455,0.303370787,0.896590909,0.348314607,0.877272727,0.188202247,0.957954545
164,0.700251889,0.817475728,0.521410579,0.92815534,0.586901763,0.848543689,0.602015113,0.817475728,0.445843829,0.939805825,0.416422287,0.858100559,0.225806452,0.96424581,0.348973607,0.884916201,0.404692082,0.858100559,0.225806452,0.941899441
165,0.656084656,0.812734082,0.473544974,0.923220974,0.568783069,0.853932584,0.566137566,0.812734082,0.412698413,0.928838951,0.411444142,0.899884925,0.267029973,0.967779056,0.335149864,0.909090909,0.403269755,0.899884925,0.231607629,0.960874568
166,0.65914787,0.830409357,0.468671679,0.927875244,0.56641604,0.849902534,0.5839599,0.830409357,0.418546366,0.927875244,0.435261708,0.883161512,0.289256198,0.972508591,0.35261708,0.89347079,0.418732782,0.883161512,0.292011019,0.958762887
167,0.656324582,0.823529412,0.484486874,0.920892495,0.596658711,0.868154158,0.579952267,0.823529412,0.412887828,0.92494929,0.451149425,0.873873874,0.272988506,0.956081081,0.347701149,0.88963964,0.431034483,0.873873874,0.215517241,0.943693694
168,0.662436548,0.845559846,0.47715736,0.936293436,0.535532995,0.882239382,0.583756345,0.845559846,0.436548223,0.934362934,0.428571429,0.871676301,0.242587601,0.972254335,0.342318059,0.895953757,0.41509434,0.871676301,0.245283019,0.96416185
169,0.669879518,0.837022133,0.522891566,0.92555332,0.58313253,0.861167002,0.604819277,0.837022133,0.414457831,0.943661972,0.452926209,0.886120996,0.282442748,0.966785291,0.353689567,0.894424674,0.430025445,0.886120996,0.264631043,0.960854093
170,0.679706601,0.82306163,0.508557457,0.928429423,0.586797066,0.872763419,0.596577017,0.82306163,0.484107579,0.946322068,0.441860465,0.893497758,0.293604651,0.968609865,0.345930233,0.896860987,0.409883721,0.893497758,0.252906977,0.965246637
171,0.641304348,0.814338235,0.464673913,0.922794118,0.535326087,0.869485294,0.559782609,0.814338235,0.366847826,0.933823529,0.386819484,0.88951522,0.240687679,0.963923337,0.300859599,0.904171364,0.361031519,0.88951522,0.223495702,0.957158963
172,0.664160401,0.832358674,0.478696742,0.943469786,0.596491228,0.869395712,0.601503759,0.832358674,0.383458647,0.945419103,0.420612813,0.859749145,0.228412256,0.964652223,0.362116992,0.884834664,0.409470752,0.859749145,0.22005571,0.957810718
173,0.656836461,0.840445269,0.466487936,0.942486085,0.592493298,0.873840445,0.597855228,0.840445269,0.407506702,0.944341373,0.428571429,0.889277389,0.240740741,0.966200466,0.349206349,0.892773893,0.417989418,0.889277389,0.21957672,0.96037296
174,0.666666667,0.826741996,0.496062992,0.93220339,0.585301837,0.86252354,0.572178478,0.826741996,0.461942257,0.930320151,0.4375,0.880090498,0.286931818,0.961538462,0.357954545,0.893665158,0.414772727,0.880090498,0.255681818,0.959276018
175,0.643564356,0.828740157,0.487623762,0.923228346,0.54950495,0.850393701,0.566831683,0.828740157,0.425742574,0.937007874,0.444785276,0.882417582,0.236196319,0.974725275,0.401840491,0.897802198,0.426380368,0.882417582,0.233128834,0.971428571
176,0.651105651,0.792079208,0.496314496,0.906930693,0.557739558,0.805940594,0.57002457,0.792079208,0.41031941,0.920792079,0.399399399,0.892580288,0.249249249,0.96013289,0.315315315,0.904761905,0.381381381,0.892580288,0.219219219,0.957918051
177,0.669950739,0.83201581,0.502463054,0.920948617,0.593596059,0.861660079,0.591133005,0.83201581,0.443349754,0.928853755,0.432432432,0.887043189,0.315315315,0.96345515,0.339339339,0.906976744,0.411411411,0.887043189,0.276276276,0.96013289
178,0.651474531,0.820037106,0.461126005,0.912801484,0.525469169,0.840445269,0.584450402,0.820037106,0.388739946,0.910946197,0.402144772,0.865585168,0.257372654,0.966396292,0.313672922,0.877172654,0.383378016,0.865585168,0.230563003,0.951332561
179,0.617128463,0.817475728,0.473551637,0.924271845,0.549118388,0.848543689,0.531486146,0.817475728,0.41813602,0.933980583,0.390581717,0.878857143,0.282548476,0.968,0.307479224,0.893714286,0.362880886,0.878857143,0.252077562,0.966857143
180,0.650273224,0.842490842,0.489071038,0.943223443,0.576502732,0.886446886,0.592896175,0.842490842,0.407103825,0.956043956,0.405247813,0.881298992,0.256559767,0.969764838,0.329446064,0.883538634,0.376093294,0.881298992,0.2303207,0.955207167
181,0.676923077,0.827586207,0.5,0.929118774,0.597435897,0.862068966,0.612820513,0.827586207,0.435897436,0.940613027,0.433846154,0.858397366,0.249230769,0.956092206,0.335384615,0.882546652,0.424615385,0.858397366,0.215384615,0.953896817
182,0.621359223,0.84,0.466019417,0.94,0.555825243,0.85,0.524271845,0.84,0.42961165,0.95,0.444134078,0.88952164,0.259776536,0.965831435,0.357541899,0.89977221,0.427374302,0.88952164,0.215083799,0.951025057
183,0.718421053,0.84962406,0.521052632,0.928571429,0.657894737,0.864661654,0.663157895,0.84962406,0.468421053,0.921052632,0.442528736,0.852477477,0.235632184,0.952702703,0.373563218,0.869369369,0.433908046,0.852477477,0.252873563,0.936936937
184,0.705426357,0.859047619,0.493540052,0.937142857,0.625322997,0.87047619,0.640826873,0.859047619,0.449612403,0.942857143,0.460122699,0.896703297,0.282208589,0.965934066,0.377300613,0.896703297,0.438650307,0.896703297,0.263803681,0.956043956
185,0.684065934,0.822992701,0.483516484,0.925182482,0.612637363,0.852189781,0.615384615,0.822992701,0.453296703,0.932481752,0.404761905,0.882222222,0.235119048,0.957777778,0.333333333,0.895555556,0.404761905,0.882222222,0.223214286,0.951111111
186,0.654589372,0.837349398,0.504830918,0.937751004,0.594202899,0.855421687,0.577294686,0.837349398,0.43236715,0.937751004,0.429378531,0.884353741,0.237288136,0.970521542,0.327683616,0.89569161,0.420903955,0.884353741,0.209039548,0.958049887
187,0.693931398,0.814258912,0.519788918,0.926829268,0.609498681,0.836772983,0.606860158,0.814258912,0.427440633,0.930581614,0.430809399,0.873388042,0.292428198,0.969519343,0.342036554,0.899179367,0.409921671,0.873388042,0.240208877,0.969519343
188,0.64673913,0.832720588,0.486413043,0.917279412,0.595108696,0.847426471,0.576086957,0.832720588,0.456521739,0.931985294,0.437142857,0.899548533,0.277142857,0.981941309,0.36,0.90744921,0.411428571,0.899548533,0.262857143,0.963882619
189,0.700258398,0.828571429,0.519379845,0.931428571,0.599483204,0.838095238,0.638242894,0.828571429,0.428940568,0.942857143,0.416901408,0.887627696,0.245070423,0.980703746,0.34084507,0.901248581,0.405633803,0.887627696,0.222535211,0.968217934
190,0.66992665,0.807157058,0.466992665,0.914512922,0.584352078,0.844930417,0.599022005,0.807157058,0.381418093,0.930417495,0.406162465,0.880546075,0.224089636,0.965870307,0.327731092,0.901023891,0.403361345,0.880546075,0.226890756,0.953356086
191,0.643939394,0.848837209,0.482323232,0.920542636,0.542929293,0.877906977,0.560606061,0.848837209,0.411616162,0.94379845,0.453488372,0.891255605,0.244186047,0.963004484,0.354651163,0.8867713,0.450581395,0.891255605,0.223837209,0.957399103
192,0.645669291,0.813559322,0.469816273,0.924670433,0.614173228,0.86252354,0.577427822,0.813559322,0.42519685,0.941619586,0.412742382,0.885714286,0.221606648,0.972571429,0.354570637,0.900571429,0.404432133,0.885714286,0.20498615,0.956571429
193,0.665775401,0.821561338,0.483957219,0.916356877,0.572192513,0.847583643,0.598930481,0.821561338,0.398395722,0.92936803,0.434903047,0.881142857,0.254847645,0.972571429,0.371191136,0.904,0.429362881,0.881142857,0.221606648,0.961142857
194,0.664233577,0.828343313,0.476885645,0.926147705,0.564476886,0.866267465,0.608272506,0.828343313,0.416058394,0.938123752,0.443452381,0.891111111,0.273809524,0.96,0.375,0.898888889,0.428571429,0.891111111,0.235119048,0.957777778
195,0.666666667,0.860952381,0.485788114,0.939047619,0.607235142,0.88952381,0.607235142,0.860952381,0.441860465,0.948571429,0.405835544,0.87427241,0.24403183,0.967403958,0.312997347,0.878928987,0.387267905,0.87427241,0.225464191,0.955762515
196,0.679900744,0.831041257,0.481389578,0.917485265,0.602977667,0.84675835,0.622828784,0.831041257,0.406947891,0.909626719,0.409356725,0.884787472,0.236842105,0.969798658,0.347953216,0.900447427,0.388888889,0.884787472,0.210526316,0.956375839
197,0.67867036,0.822141561,0.476454294,0.918330309,0.612188366,0.845735027,0.609418283,0.822141561,0.409972299,0.927404719,0.418994413,0.875854214,0.268156425,0.970387244,0.30726257,0.892938497,0.402234637,0.875854214,0.226256983,0.949886105
198,0.690140845,0.860082305,0.488262911,0.948559671,0.612676056,0.878600823,0.615023474,0.860082305,0.443661972,0.950617284,0.436137072,0.871038251,0.22741433,0.965027322,0.370716511,0.885245902,0.429906542,0.871038251,0.196261682,0.951912568
199,0.682170543,0.843809524,0.54005168,0.933333333,0.581395349,0.860952381,0.57622739,0.843809524,0.478036176,0.940952381,0.446327684,0.888888889,0.268361582,0.9569161,0.333333333,0.896825397,0.435028249,0.888888889,0.242937853,0.951247166
200,0.698765432,0.814595661,0.498765432,0.923076923,0.580246914,0.861932939,0.622222222,0.814595661,0.42962963,0.940828402,0.458974359,0.898345154,0.294871795,0.968085106,0.31025641,0.897163121,0.435897436,0.898345154,0.246153846,0.962174941
201,0.711055276,0.846303502,0.512562814,0.935797665,0.610552764,0.865758755,0.640703518,0.846303502,0.414572864,0.953307393,0.422740525,0.882418813,0.250728863,0.966405375,0.303206997,0.902575588,0.413994169,0.882418813,0.201166181,0.956326988
202,0.713567839,0.842412451,0.530150754,0.928015564,0.600502513,0.869649805,0.628140704,0.842412451,0.41959799,0.924124514,0.458689459,0.877966102,0.256410256,0.95819209,0.387464387,0.896045198,0.441595442,0.877966102,0.242165242,0.944632768
203,0.664921466,0.843396226,0.471204188,0.950943396,0.565445026,0.871698113,0.617801047,0.843396226,0.403141361,0.947169811,0.437681159,0.864197531,0.257971014,0.95959596,0.307246377,0.890011223,0.417391304,0.864197531,0.202898551,0.952861953
204,0.671679198,0.824561404,0.481203008,0.923976608,0.563909774,0.85380117,0.5839599,0.824561404,0.438596491,0.933723197,0.454293629,0.892571429,0.249307479,0.973714286,0.351800554,0.910857143,0.434903047,0.892571429,0.229916898,0.950857143
205,0.705,0.818359375,0.555,0.919921875,0.635,0.85546875,0.63,0.818359375,0.5,0.9375,0.444126074,0.883878241,0.275071633,0.959413754,0.378223496,0.89740699,0.435530086,0.883878241,0.232091691,0.953776776
206,0.663414634,0.860557769,0.480487805,0.942231076,0.563414634,0.892430279,0.580487805,0.860557769,0.431707317,0.948207171,0.42032967,0.865825688,0.25,0.96559633,0.348901099,0.88646789,0.406593407,0.865825688,0.217032967,0.959862385
207,0.678191489,0.824626866,0.473404255,0.919776119,0.603723404,0.871268657,0.60106383,0.824626866,0.401595745,0.932835821,0.463483146,0.896590909,0.27247191,0.973863636,0.362359551,0.910227273,0.443820225,0.896590909,0.261235955,0.957954545
208,0.672727273,0.840607211,0.503896104,0.941176471,0.612987013,0.867172676,0.594805195,0.840607211,0.462337662,0.944971537,0.462686567,0.876803552,0.274626866,0.958934517,0.388059701,0.889012209,0.453731343,0.876803552,0.250746269,0.957824639
209,0.639686684,0.820415879,0.472584856,0.926275992,0.569190601,0.852551985,0.582245431,0.820415879,0.420365535,0.947069943,0.438547486,0.865603645,0.276536313,0.961275626,0.343575419,0.880410023,0.427374302,0.865603645,0.240223464,0.956719818
210,0.680589681,0.835643564,0.518427518,0.942574257,0.633906634,0.84950495,0.606879607,0.835643564,0.44963145,0.938613861,0.430939227,0.875286041,0.248618785,0.964530892,0.339779006,0.892448513,0.417127072,0.875286041,0.240331492,0.961098398
211,0.680306905,0.869481766,0.47826087,0.952015355,0.565217391,0.888675624,0.590792839,0.869481766,0.411764706,0.96353167,0.431818182,0.880090498,0.267045455,0.968325792,0.329545455,0.889140271,0.40625,0.880090498,0.235795455,0.958144796
212,0.68,0.865921788,0.504,0.936685289,0.597333333,0.873370577,0.597333333,0.865921788,0.429333333,0.936685289,0.435294118,0.8828125,0.252941176,0.964285714,0.338235294,0.886160714,0.408823529,0.8828125,0.217647059,0.955357143
213,0.697732997,0.831067961,0.506297229,0.914563107,0.617128463,0.840776699,0.61209068,0.831067961,0.435768262,0.937864078,0.37027027,0.884526559,0.237837838,0.967667436,0.264864865,0.896073903,0.335135135,0.884526559,0.197297297,0.966512702
214,0.6159601,0.835616438,0.436408978,0.935420744,0.548628429,0.861056751,0.543640898,0.835616438,0.403990025,0.951076321,0.425595238,0.89,0.267857143,0.972222222,0.354166667,0.905555556,0.407738095,0.89,0.235119048,0.955555556
215,0.679245283,0.828096118,0.514824798,0.922365989,0.622641509,0.835489834,0.601078167,0.828096118,0.447439353,0.946395564,0.419178082,0.881745121,0.252054795,0.978185993,0.353424658,0.893226177,0.402739726,0.881745121,0.246575342,0.958668197
216,0.673218673,0.83960396,0.515970516,0.934653465,0.58968059,0.859405941,0.616707617,0.83960396,0.425061425,0.936633663,0.412698413,0.876456876,0.23015873,0.967365967,0.325396825,0.897435897,0.407407407,0.876456876,0.182539683,0.958041958
217,0.680803571,0.851293103,0.5,0.935344828,0.571428571,0.862068966,0.582589286,0.851293103,0.419642857,0.941810345,0.389175258,0.904481132,0.231958763,0.97759434,0.337628866,0.905660377,0.371134021,0.904481132,0.219072165,0.972877358
218,0.607235142,0.834285714,0.444444444,0.925714286,0.545219638,0.864761905,0.555555556,0.834285714,0.366925065,0.92952381,0.393162393,0.881355932,0.242165242,0.95819209,0.321937322,0.882485876,0.376068376,0.881355932,0.207977208,0.962711864
219,0.672544081,0.850485437,0.508816121,0.930097087,0.604534005,0.873786408,0.607052897,0.850485437,0.420654912,0.941747573,0.432352941,0.885044643,0.235294118,0.972098214,0.323529412,0.904017857,0.4,0.885044643,0.211764706,0.964285714
220,0.657894737,0.821428571,0.484210526,0.932330827,0.584210526,0.87406015,0.581578947,0.821428571,0.426315789,0.926691729,0.432960894,0.883826879,0.251396648,0.9738041,0.346368715,0.892938497,0.402234637,0.883826879,0.251396648,0.966970387
221,0.63681592,0.837254902,0.472636816,0.911764706,0.537313433,0.866666667,0.569651741,0.837254902,0.383084577,0.943137255,0.413265306,0.886255924,0.260204082,0.966824645,0.354591837,0.901658768,0.403061224,0.886255924,0.24744898,0.960900474
222,0.665816327,0.801923077,0.484693878,0.911538462,0.56122449,0.813461538,0.604591837,0.801923077,0.426020408,0.915384615,0.389684814,0.883878241,0.252148997,0.970687711,0.35530086,0.898534386,0.372492837,0.883878241,0.223495702,0.962795941
223,0.67357513,0.811787072,0.458549223,0.91634981,0.590673575,0.847908745,0.613989637,0.811787072,0.401554404,0.942965779,0.457534247,0.888633754,0.252054795,0.969001148,0.364383562,0.910447761,0.435616438,0.888633754,0.246575342,0.962112514
224,0.652912621,0.83,0.468446602,0.93,0.558252427,0.854,0.577669903,0.83,0.419902913,0.932,0.453216374,0.888143177,0.257309942,0.975391499,0.356725146,0.916107383,0.438596491,0.888143177,0.242690058,0.972035794
225,0.678663239,0.843212237,0.496143959,0.946462715,0.588688946,0.871892925,0.586118252,0.843212237,0.434447301,0.954110899,0.417366947,0.863481229,0.232492997,0.955631399,0.333333333,0.862343572,0.406162465,0.863481229,0.204481793,0.946530148
226,0.680519481,0.827324478,0.509090909,0.918406072,0.633766234,0.869070209,0.6,0.827324478,0.449350649,0.944971537,0.425352113,0.871736663,0.23943662,0.963677639,0.34084507,0.876276958,0.414084507,0.871736663,0.225352113,0.953461975
227,0.665803109,0.846007605,0.471502591,0.941064639,0.613989637,0.874524715,0.611398964,0.846007605,0.437823834,0.942965779,0.428184282,0.885813149,0.257452575,0.964244521,0.35501355,0.899653979,0.414634146,0.885813149,0.235772358,0.959630911
228,0.675824176,0.874087591,0.491758242,0.95620438,0.565934066,0.879562044,0.587912088,0.874087591,0.42032967,0.96350365,0.399408284,0.886414254,0.25147929,0.959910913,0.310650888,0.898663697,0.387573964,0.886414254,0.210059172,0.951002227
229,0.643589744,0.850574713,0.443589744,0.929118774,0.556410256,0.867816092,0.561538462,0.850574713,0.4,0.944444444,0.44,0.888261851,0.26,0.963882619,0.385714286,0.90744921,0.425714286,0.888261851,0.262857143,0.958239278
230,0.644257703,0.843243243,0.462184874,0.936936937,0.546218487,0.888288288,0.574229692,0.843243243,0.364145658,0.940540541,0.427745665,0.869662921,0.274566474,0.966292135,0.375722543,0.892134831,0.407514451,0.869662921,0.239884393,0.960674157
231,0.703797468,0.839458414,0.511392405,0.926499033,0.6,0.872340426,0.612658228,0.839458414,0.460759494,0.940038685,0.430379747,0.8882283,0.248101266,0.96313912,0.339240506,0.897740785,0.405063291,0.8882283,0.237974684,0.953626635
232,0.692893401,0.828185328,0.510152284,0.922779923,0.614213198,0.866795367,0.601522843,0.828185328,0.469543147,0.930501931,0.430985915,0.88876277,0.267605634,0.96708286,0.371830986,0.901248581,0.402816901,0.88876277,0.247887324,0.961407491
233,0.660194175,0.838,0.509708738,0.93,0.560679612,0.876,0.541262136,0.838,0.45631068,0.928,0.435616438,0.885189437,0.252054795,0.972445465,0.309589041,0.892078071,0.408219178,0.885189437,0.216438356,0.949483352
234,0.660526316,0.853383459,0.463157895,0.928571429,0.544736842,0.87593985,0.581578947,0.853383459,0.386842105,0.936090226,0.41369863,0.872560276,0.268493151,0.964408726,0.342465753,0.885189437,0.402739726,0.872560276,0.249315068,0.951779564
235,0.69895288,0.832075472,0.505235602,0.928301887,0.607329843,0.858490566,0.612565445,0.832075472,0.429319372,0.922641509,0.400593472,0.879866518,0.24925816,0.967741935,0.359050445,0.903225806,0.397626113,0.879866518,0.243323442,0.961067853
236,0.650246305,0.841897233,0.524630542,0.92687747,0.591133005,0.877470356,0.571428571,0.841897233,0.480295567,0.946640316,0.412532637,0.862837046,0.279373368,0.964830012,0.365535248,0.886283705,0.399477807,0.862837046,0.245430809,0.956623681
237,0.704188482,0.833962264,0.5,0.926415094,0.612565445,0.864150943,0.623036649,0.833962264,0.426701571,0.932075472,0.399477807,0.878077374,0.255874674,0.964830012,0.328981723,0.890973036,0.368146214,0.878077374,0.229765013,0.96014068
238,0.707729469,0.821285141,0.526570048,0.927710843,0.596618357,0.871485944,0.637681159,0.821285141,0.468599034,0.931726908,0.467213115,0.882758621,0.254098361,0.966666667,0.366120219,0.895402299,0.43715847,0.882758621,0.245901639,0.96091954
239,0.640826873,0.851428571,0.503875969,0.923809524,0.589147287,0.866666667,0.552971576,0.851428571,0.426356589,0.92952381,0.42972973,0.901847575,0.259459459,0.968822171,0.340540541,0.903002309,0.416216216,0.901847575,0.213513514,0.961893764
240,0.655860349,0.84148728,0.478802993,0.937377691,0.605985037,0.863013699,0.596009975,0.84148728,0.443890274,0.941291585,0.527932961,0.903189066,0.310055866,0.968109339,0.413407821,0.90546697,0.502793296,0.903189066,0.262569832,0.955580866
241,0.634210526,0.82518797,0.502631579,0.913533835,0.594736842,0.860902256,0.576315789,0.82518797,0.442105263,0.92481203,0.447204969,0.869803063,0.295031056,0.969365427,0.375776398,0.888402626,0.431677019,0.869803063,0.248447205,0.968271335
242,0.669975186,0.787819253,0.481389578,0.899803536,0.563275434,0.819253438,0.59057072,0.787819253,0.401985112,0.903732809,0.402173913,0.8640553,0.255434783,0.959677419,0.3125,0.883640553,0.39673913,0.8640553,0.222826087,0.955069124
243,0.648854962,0.857418112,0.511450382,0.93256262,0.58524173,0.878612717,0.569974555,0.857418112,0.419847328,0.944123314,0.476712329,0.892078071,0.339726027,0.964408726,0.402739726,0.897818599,0.463013699,0.892078071,0.306849315,0.955223881
244,0.674074074,0.856015779,0.488888889,0.928994083,0.617283951,0.875739645,0.614814815,0.856015779,0.404938272,0.930966469,0.438016529,0.894616266,0.258953168,0.96792669,0.35261708,0.912943872,0.415977961,0.894616266,0.247933884,0.948453608
245,0.64116095,0.825515947,0.45646438,0.92120075,0.585751979,0.834896811,0.559366755,0.825515947,0.403693931,0.932457786,0.406432749,0.894854586,0.236842105,0.975391499,0.304093567,0.907158837,0.388888889,0.894854586,0.195906433,0.960850112
246,0.713554987,0.848368522,0.47314578,0.934740883,0.595907928,0.886756238,0.641943734,0.848368522,0.411764706,0.953934741,0.408963585,0.882821388,0.246498599,0.961319681,0.338935574,0.901023891,0.400560224,0.882821388,0.221288515,0.947667804
247,0.675531915,0.850746269,0.510638298,0.934701493,0.561170213,0.861940299,0.585106383,0.850746269,0.462765957,0.951492537,0.38147139,0.881472957,0.209809264,0.974683544,0.335149864,0.894131185,0.367847411,0.881472957,0.220708447,0.952819333
248,0.732620321,0.810408922,0.542780749,0.923791822,0.612299465,0.851301115,0.64171123,0.810408922,0.451871658,0.925650558,0.454787234,0.887209302,0.27393617,0.958139535,0.372340426,0.901162791,0.438829787,0.887209302,0.279255319,0.958139535
249,0.669789227,0.851546392,0.484777518,0.93814433,0.601873536,0.86185567,0.604215457,0.851546392,0.421545667,0.95257732,0.471751412,0.882086168,0.259887006,0.965986395,0.384180791,0.899092971,0.449152542,0.882086168,0.265536723,0.9569161
250,0.681933842,0.822736031,0.508905852,0.921001927,0.615776081,0.861271676,0.615776081,0.822736031,0.430025445,0.919075145,0.398876404,0.895454545,0.230337079,0.963636364,0.31741573,0.898863636,0.390449438,0.895454545,0.185393258,0.956818182
251,0.685138539,0.836893204,0.486146096,0.930097087,0.589420655,0.87184466,0.599496222,0.836893204,0.438287154,0.93592233,0.370165746,0.885583524,0.254143646,0.969107551,0.298342541,0.891304348,0.342541436,0.885583524,0.223756906,0.959954233
252,0.656565657,0.841085271,0.5,0.926356589,0.560606061,0.854651163,0.563131313,0.841085271,0.421717172,0.92248062,0.396782842,0.882966396,0.254691689,0.972190035,0.329758713,0.891077636,0.386058981,0.882966396,0.233243968,0.961761298
253,0.671794872,0.810344828,0.492307692,0.91954023,0.523076923,0.842911877,0.566666667,0.810344828,0.446153846,0.915708812,0.407202216,0.883428571,0.24099723,0.965714286,0.343490305,0.902857143,0.396121884,0.883428571,0.218836565,0.955428571
254,0.672897196,0.842975207,0.448598131,0.940082645,0.60046729,0.857438017,0.619158879,0.842975207,0.397196262,0.944214876,0.45,0.888127854,0.241666667,0.962328767,0.341666667,0.914383562,0.425,0.888127854,0.222222222,0.96347032
255,0.671604938,0.850098619,0.498765432,0.940828402,0.582716049,0.887573964,0.590123457,0.850098619,0.424691358,0.954635108,0.420588235,0.872767857,0.273529412,0.965401786,0.364705882,0.889508929,0.405882353,0.872767857,0.244117647,0.96875
256,0.720512821,0.842911877,0.541025641,0.932950192,0.643589744,0.877394636,0.653846154,0.842911877,0.451282051,0.944444444,0.442815249,0.890502793,0.246334311,0.974301676,0.348973607,0.910614525,0.431085044,0.890502793,0.2228739,0.967597765
257,0.681293303,0.839248434,0.503464203,0.929018789,0.605080831,0.864300626,0.609699769,0.839248434,0.45034642,0.954070981,0.417789757,0.878612717,0.229110512,0.96300578,0.358490566,0.884393064,0.396226415,0.878612717,0.245283019,0.943352601
258,0.736,0.819366853,0.536,0.929236499,0.602666667,0.860335196,0.656,0.819366853,0.434666667,0.932960894,0.435435435,0.887043189,0.234234234,0.970099668,0.345345345,0.908084164,0.429429429,0.887043189,0.231231231,0.966777409
259,0.618320611,0.818882466,0.480916031,0.930635838,0.544529262,0.843930636,0.539440204,0.818882466,0.402035623,0.928709056,0.421828909,0.881828317,0.265486726,0.962095875,0.327433628,0.89632107,0.398230088,0.881828317,0.241887906,0.963210702
260,0.670673077,0.830645161,0.466346154,0.9375,0.579326923,0.860887097,0.603365385,0.830645161,0.418269231,0.935483871,0.414705882,0.899553571,0.279411765,0.972098214,0.329411765,0.889508929,0.391176471,0.899553571,0.229411765,0.959821429
261,0.635135135,0.784132841,0.494594595,0.91697417,0.564864865,0.830258303,0.559459459,0.784132841,0.42972973,0.92804428,0.479674797,0.869665513,0.298102981,0.956170704,0.35501355,0.899653979,0.441734417,0.869665513,0.279132791,0.945790081
262,0.626146789,0.827731092,0.461009174,0.926470588,0.527522936,0.855042017,0.568807339,0.827731092,0.378440367,0.93487395,0.484419263,0.899207248,0.311614731,0.963759909,0.399433428,0.898074745,0.458923513,0.899207248,0.297450425,0.956964892
263,0.725925926,0.812623274,0.508641975,0.927021696,0.639506173,0.846153846,0.681481481,0.812623274,0.44691358,0.932938856,0.403743316,0.865429234,0.272727273,0.969837587,0.334224599,0.882830626,0.387700535,0.865429234,0.240641711,0.966357309
264,0.663072776,0.826247689,0.48787062,0.929759704,0.555256065,0.850277264,0.582210243,0.826247689,0.4393531,0.929759704,0.442857143,0.881489842,0.274285714,0.966139955,0.374285714,0.900677201,0.422857143,0.881489842,0.26,0.961625282
265,0.6625,0.814453125,0.5075,0.923828125,0.595,0.84765625,0.595,0.814453125,0.43,0.927734375,0.462857143,0.886004515,0.297142857,0.9751693,0.371428571,0.916478555,0.451428571,0.886004515,0.262857143,0.96275395
266,0.672727273,0.831119545,0.472727273,0.924098672,0.579220779,0.85199241,0.597402597,0.831119545,0.38961039,0.929791271,0.436532508,0.887185104,0.26006192,0.972617744,0.325077399,0.903614458,0.427244582,0.887185104,0.210526316,0.966046002
267,0.675531915,0.802238806,0.513297872,0.912313433,0.609042553,0.830223881,0.606382979,0.802238806,0.478723404,0.916044776,0.467567568,0.881062356,0.256756757,0.975750577,0.37027027,0.904157044,0.456756757,0.881062356,0.224324324,0.952655889
268,0.639473684,0.827067669,0.463157895,0.943609023,0.521052632,0.885338346,0.55,0.827067669,0.410526316,0.956766917,0.408955224,0.87236404,0.262686567,0.958934517,0.337313433,0.890122087,0.391044776,0.87236404,0.2,0.951165372
269,0.685185185,0.838951311,0.521164021,0.938202247,0.579365079,0.872659176,0.613756614,0.838951311,0.423280423,0.941947566,0.462395543,0.877993158,0.289693593,0.964652223,0.395543175,0.905359179,0.440111421,0.877993158,0.272980501,0.965792474
270,0.641752577,0.822519084,0.474226804,0.923664122,0.569587629,0.835877863,0.56443299,0.822519084,0.420103093,0.927480916,0.414084507,0.87400681,0.247887324,0.969353008,0.346478873,0.877412032,0.397183099,0.87400681,0.225352113,0.947786606
271,0.701530612,0.840384615,0.50255102,0.940384615,0.596938776,0.842307692,0.619897959,0.840384615,0.464285714,0.953846154,0.411111111,0.876712329,0.233333333,0.966894977,0.338888889,0.904109589,0.397222222,0.876712329,0.2,0.95890411
272,0.697916667,0.799242424,0.5,0.922348485,0.606770833,0.846590909,0.609375,0.799242424,0.450520833,0.935606061,0.454545455,0.885746606,0.278409091,0.979638009,0.360795455,0.90158371,0.420454545,0.885746606,0.25,0.975113122
273,0.630319149,0.850746269,0.473404255,0.932835821,0.550531915,0.873134328,0.566489362,0.850746269,0.414893617,0.934701493,0.445054945,0.884174312,0.266483516,0.963302752,0.332417582,0.905963303,0.434065934,0.884174312,0.203296703,0.957568807
274,0.685185185,0.848314607,0.510582011,0.923220974,0.608465608,0.870786517,0.595238095,0.848314607,0.455026455,0.936329588,0.447129909,0.882872928,0.259818731,0.970165746,0.365558912,0.902762431,0.429003021,0.882872928,0.226586103,0.960220994
275,0.69047619,0.822097378,0.497354497,0.93071161,0.611111111,0.874531835,0.645502646,0.822097378,0.431216931,0.943820225,0.430555556,0.874429224,0.238888889,0.966894977,0.344444444,0.898401826,0.405555556,0.874429224,0.227777778,0.960045662
276,0.656675749,0.787155963,0.517711172,0.913761468,0.523160763,0.836697248,0.591280654,0.787155963,0.414168937,0.92293578,0.44198895,0.878718535,0.298342541,0.958810069,0.342541436,0.891304348,0.433701657,0.878718535,0.229281768,0.948512586
277,0.664160401,0.838206628,0.476190476,0.927875244,0.581453634,0.875243665,0.593984962,0.838206628,0.4160401,0.935672515,0.420245399,0.883516484,0.291411043,0.967032967,0.346625767,0.893406593,0.401840491,0.883516484,0.257668712,0.962637363
278,0.62962963,0.848126233,0.459259259,0.938856016,0.548148148,0.881656805,0.558024691,0.848126233,0.407407407,0.938856016,0.426751592,0.886117137,0.26433121,0.970715835,0.328025478,0.899132321,0.410828025,0.886117137,0.229299363,0.956616052
279,0.645885287,0.835616438,0.486284289,0.937377691,0.551122195,0.851272016,0.57605985,0.835616438,0.394014963,0.927592955,0.408060453,0.879618594,0.261964736,0.970202622,0.34256927,0.893921335,0.392947103,0.879618594,0.229219144,0.958283671
280,0.663185379,0.858223062,0.501305483,0.945179584,0.605744125,0.890359168,0.592689295,0.858223062,0.438642298,0.948960302,0.375335121,0.891077636,0.230563003,0.965237543,0.308310992,0.896871379,0.361930295,0.891077636,0.190348525,0.960602549
281,0.671018277,0.84120983,0.480417755,0.937618147,0.584856397,0.867674858,0.605744125,0.84120983,0.422976501,0.939508507,0.404069767,0.878923767,0.25,0.966367713,0.325581395,0.896860987,0.38372093,0.878923767,0.235465116,0.956278027
282,0.648351648,0.844890511,0.480769231,0.923357664,0.563186813,0.881386861,0.557692308,0.844890511,0.445054945,0.936131387,0.448680352,0.854748603,0.24340176,0.957541899,0.381231672,0.883798883,0.428152493,0.854748603,0.249266862,0.947486034
283,0.652741514,0.839319471,0.477806789,0.928166352,0.597911227,0.865784499,0.587467363,0.839319471,0.409921671,0.941398866,0.445054945,0.871559633,0.271978022,0.956422018,0.343406593,0.88646789,0.43956044,0.871559633,0.236263736,0.955275229
284,0.661616162,0.846899225,0.48989899,0.926356589,0.580808081,0.887596899,0.590909091,0.846899225,0.401515152,0.951550388,0.435261708,0.883161512,0.26446281,0.97021764,0.358126722,0.900343643,0.432506887,0.883161512,0.247933884,0.962199313
285,0.678571429,0.8,0.517857143,0.923076923,0.571428571,0.846153846,0.581632653,0.8,0.477040816,0.934615385,0.394402036,0.889679715,0.236641221,0.962040332,0.318066158,0.897983393,0.389312977,0.889679715,0.231552163,0.950177936
286,0.62755102,0.828846154,0.469387755,0.934615385,0.525510204,0.865384615,0.528061224,0.828846154,0.413265306,0.936538462,0.411111111,0.888127854,0.25,0.960045662,0.297222222,0.898401826,0.383333333,0.888127854,0.219444444,0.953196347
287,0.711229947,0.849442379,0.529411765,0.921933086,0.614973262,0.87732342,0.628342246,0.849442379,0.42513369,0.942379182,0.428571429,0.88646789,0.252747253,0.972477064,0.357142857,0.895642202,0.406593407,0.88646789,0.247252747,0.972477064
288,0.648379052,0.818003914,0.488778055,0.921722114,0.551122195,0.872798434,0.583541147,0.818003914,0.406483791,0.947162427,0.401129944,0.884353741,0.217514124,0.962585034,0.333333333,0.900226757,0.378531073,0.884353741,0.211864407,0.9569161
289,0.656934307,0.838323353,0.491484185,0.924151697,0.586374696,0.874251497,0.581508516,0.838323353,0.430656934,0.938123752,0.473684211,0.876571429,0.279778393,0.968,0.332409972,0.904,0.465373961,0.876571429,0.24099723,0.957714286
290,0.672774869,0.828301887,0.479057592,0.922641509,0.602094241,0.854716981,0.591623037,0.828301887,0.413612565,0.941509434,0.458100559,0.880410023,0.25698324,0.962414579,0.349162011,0.890660592,0.441340782,0.880410023,0.226256983,0.949886105
291,0.678743961,0.833333333,0.497584541,0.931726908,0.586956522,0.855421687,0.61352657,0.833333333,0.420289855,0.927710843,0.446969697,0.889285714,0.275252525,0.970238095,0.330808081,0.9,0.424242424,0.889285714,0.237373737,0.954761905
292,0.646276596,0.850746269,0.481382979,0.932835821,0.553191489,0.873134328,0.561170213,0.850746269,0.417553191,0.951492537,0.418338109,0.874859076,0.240687679,0.957158963,0.338108883,0.882750846,0.40974212,0.874859076,0.212034384,0.954904171
293,0.676092545,0.801147228,0.511568123,0.921606119,0.560411311,0.837476099,0.598971722,0.801147228,0.42159383,0.92543021,0.457725948,0.858902576,0.282798834,0.963045913,0.326530612,0.872340426,0.422740525,0.858902576,0.27696793,0.942889138
294,0.633423181,0.842883549,0.469002695,0.924214418,0.557951482,0.868761553,0.557951482,0.842883549,0.442048518,0.93715342,0.431085044,0.872625698,0.281524927,0.976536313,0.375366569,0.910614525,0.404692082,0.872625698,0.269794721,0.968715084
295,0.650130548,0.805293006,0.454308094,0.911153119,0.55613577,0.843100189,0.579634465,0.805293006,0.373368146,0.935727788,0.472148541,0.867287544,0.289124668,0.969732247,0.379310345,0.88242142,0.440318302,0.867287544,0.25198939,0.949941793
296,0.674876847,0.814229249,0.475369458,0.93083004,0.598522167,0.849802372,0.620689655,0.814229249,0.406403941,0.934782609,0.440340909,0.885746606,0.275568182,0.961538462,0.34375,0.898190045,0.426136364,0.885746606,0.213068182,0.95361991
297,0.647208122,0.837837838,0.472081218,0.934362934,0.538071066,0.843629344,0.560913706,0.837837838,0.434010152,0.942084942,0.43452381,0.866666667,0.276785714,0.96,0.366071429,0.895555556,0.413690476,0.866666667,0.264880952,0.947777778
298,0.727735369,0.855491329,0.526717557,0.94026975,0.605597964,0.874759152,0.62086514,0.855491329,0.486005089,0.949903661,0.459459459,0.888150609,0.273273273,0.964562569,0.378378378,0.898117386,0.447447447,0.888150609,0.246246246,0.956810631
299,0.670050761,0.816602317,0.515228426,0.920849421,0.596446701,0.837837838,0.611675127,0.816602317,0.446700508,0.926640927,0.452380952,0.857777778,0.24702381,0.954444444,0.31547619,0.881111111,0.425595238,0.857777778,0.217261905,0.945555556
300,0.699453552,0.860805861,0.543715847,0.93956044,0.62568306,0.880952381,0.62295082,0.860805861,0.450819672,0.952380952,0.410526316,0.905373832,0.273684211,0.97546729,0.371052632,0.924065421,0.402631579,0.905373832,0.231578947,0.966121495
301,0.70074813,0.849315068,0.521197007,0.925636008,0.598503741,0.863013699,0.613466334,0.849315068,0.471321696,0.956947162,0.414634146,0.863898501,0.249322493,0.964244521,0.341463415,0.893886967,0.395663957,0.863898501,0.235772358,0.955017301
302,0.67539267,0.852830189,0.452879581,0.937735849,0.59947644,0.854716981,0.583769634,0.852830189,0.429319372,0.937735849,0.432225064,0.907692308,0.21483376,0.964497041,0.352941176,0.899408284,0.421994885,0.907692308,0.237851662,0.955029586
303,0.673076923,0.824817518,0.483516484,0.930656934,0.571428571,0.852189781,0.604395604,0.824817518,0.43956044,0.925182482,0.414084507,0.878547106,0.256338028,0.971623156,0.323943662,0.89784336,0.394366197,0.878547106,0.245070423,0.95800227
304,0.647519582,0.827977316,0.472584856,0.926275992,0.558746736,0.846880907,0.577023499,0.827977316,0.409921671,0.933837429,0.440677966,0.884353741,0.211864407,0.964852608,0.347457627,0.891156463,0.429378531,0.884353741,0.231638418,0.945578231
305,0.678284182,0.820037106,0.490616622,0.929499072,0.595174263,0.868274583,0.584450402,0.820037106,0.434316354,0.93135436,0.425595238,0.901111111,0.291666667,0.966666667,0.333333333,0.894444444,0.410714286,0.901111111,0.244047619,0.965555556
306,0.663978495,0.838888889,0.489247312,0.927777778,0.591397849,0.859259259,0.572580645,0.838888889,0.456989247,0.925925926,0.403409091,0.863122172,0.247159091,0.966063348,0.349431818,0.884615385,0.389204545,0.863122172,0.21875,0.950226244
307,0.603305785,0.808743169,0.424242424,0.910746812,0.515151515,0.837887067,0.52892562,0.808743169,0.358126722,0.927140255,0.419178082,0.887485649,0.257534247,0.965556831,0.356164384,0.909299656,0.397260274,0.887485649,0.238356164,0.962112514
308,0.669270833,0.863636364,0.46875,0.946969697,0.565104167,0.876893939,0.580729167,0.863636364,0.385416667,0.958333333,0.436950147,0.887150838,0.255131965,0.972067039,0.348973607,0.899441341,0.416422287,0.887150838,0.225806452,0.955307263
309,0.668435013,0.811214953,0.461538462,0.91588785,0.596816976,0.841121495,0.596816976,0.811214953,0.403183024,0.925233645,0.434782609,0.882488479,0.244565217,0.970046083,0.326086957,0.902073733,0.41576087,0.882488479,0.214673913,0.960829493
310,0.654135338,0.838206628,0.468671679,0.929824561,0.56641604,0.867446394,0.591478697,0.838206628,0.378446115,0.949317739,0.454293629,0.88,0.290858726,0.969142857,0.35734072,0.892571429,0.432132964,0.88,0.271468144,0.966857143
311,0.639473684,0.836466165,0.471052632,0.943609023,0.552631579,0.855263158,0.557894737,0.836466165,0.415789474,0.941729323,0.458333333,0.917808219,0.288888889,0.974885845,0.375,0.918949772,0.441666667,0.917808219,0.247222222,0.971461187
312,0.697435897,0.823754789,0.479487179,0.911877395,0.594871795,0.87164751,0.625641026,0.823754789,0.425641026,0.948275862,0.392670157,0.900468384,0.227748691,0.969555035,0.337696335,0.915690867,0.379581152,0.900468384,0.217277487,0.967213115
313,0.681012658,0.83172147,0.475949367,0.936170213,0.615189873,0.866537718,0.620253165,0.83172147,0.37721519,0.940038685,0.469273743,0.874715262,0.279329609,0.960136674,0.382681564,0.900911162,0.452513966,0.874715262,0.251396648,0.952164009
314,0.685138539,0.850485437,0.476070529,0.94368932,0.609571788,0.867961165,0.604534005,0.850485437,0.453400504,0.955339806,0.418803419,0.866666667,0.239316239,0.95480226,0.321937322,0.885875706,0.396011396,0.866666667,0.227920228,0.944632768
315,0.683060109,0.831501832,0.469945355,0.932234432,0.609289617,0.844322344,0.620218579,0.831501832,0.412568306,0.932234432,0.382352941,0.88863109,0.232620321,0.969837587,0.318181818,0.914153132,0.368983957,0.88863109,0.197860963,0.96287703
316,0.668367347,0.853846154,0.528061224,0.942307692,0.584183673,0.855769231,0.568877551,0.853846154,0.446428571,0.946153846,0.397694524,0.867266592,0.262247839,0.960629921,0.34870317,0.886389201,0.380403458,0.867266592,0.242074928,0.948256468
317,0.672371638,0.850894632,0.525672372,0.932405567,0.594132029,0.876739563,0.584352078,0.850894632,0.454767726,0.942345924,0.442528736,0.882882883,0.25862069,0.974099099,0.353448276,0.897522523,0.425287356,0.882882883,0.235632184,0.970720721
318,0.695961995,0.83706721,0.513064133,0.926680244,0.596199525,0.853360489,0.627078385,0.83706721,0.432304038,0.947046843,0.452722063,0.892897407,0.286532951,0.970687711,0.363896848,0.900789177,0.432664756,0.892897407,0.23782235,0.96843292
319,0.700534759,0.834572491,0.50802139,0.92936803,0.585561497,0.853159851,0.628342246,0.834572491,0.427807487,0.93866171,0.432065217,0.882488479,0.252717391,0.973502304,0.320652174,0.887096774,0.413043478,0.882488479,0.244565217,0.964285714
320,0.65625,0.789772727,0.505208333,0.893939394,0.546875,0.831439394,0.588541667,0.789772727,0.4140625,0.914772727,0.42032967,0.884174312,0.277472527,0.974770642,0.324175824,0.896788991,0.401098901,0.884174312,0.228021978,0.963302752
321,0.685421995,0.823416507,0.516624041,0.928982726,0.595907928,0.852207294,0.603580563,0.823416507,0.391304348,0.925143954,0.447592068,0.890147225,0.280453258,0.964892412,0.368271955,0.901472254,0.430594901,0.890147225,0.232294618,0.950169875
322,0.695652174,0.806985294,0.489130435,0.924632353,0.619565217,0.862132353,0.635869565,0.806985294,0.4375,0.939338235,0.445026178,0.882903981,0.253926702,0.963700234,0.369109948,0.905152225,0.416230366,0.882903981,0.253926702,0.960187354
323,0.69250646,0.843809524,0.519379845,0.925714286,0.609819121,0.851428571,0.622739018,0.843809524,0.449612403,0.940952381,0.449101796,0.885809313,0.239520958,0.971175166,0.368263473,0.905764967,0.437125749,0.885809313,0.221556886,0.954545455
324,0.689008043,0.823747681,0.517426273,0.912801484,0.616621984,0.853432282,0.603217158,0.823747681,0.445040214,0.936920223,0.469135802,0.872807018,0.283950617,0.962719298,0.37345679,0.888157895,0.450617284,0.872807018,0.268518519,0.960526316
325,0.643044619,0.824858757,0.461942257,0.939736347,0.543307087,0.871939736,0.582677165,0.824858757,0.401574803,0.939736347,0.41091954,0.890765766,0.25862069,0.974099099,0.316091954,0.906531532,0.396551724,0.890765766,0.218390805,0.962837838
326,0.675810474,0.831702544,0.503740648,0.935420744,0.566084788,0.876712329,0.578553616,0.831702544,0.436408978,0.951076321,0.432876712,0.886337543,0.263013699,0.967853042,0.389041096,0.904707233,0.416438356,0.886337543,0.252054795,0.950631458
327,0.693298969,0.820610687,0.528350515,0.921755725,0.621134021,0.864503817,0.62371134,0.820610687,0.456185567,0.935114504,0.409638554,0.875,0.256024096,0.963495575,0.34939759,0.89159292,0.379518072,0.875,0.222891566,0.952433628
328,0.656756757,0.856088561,0.505405405,0.939114391,0.575675676,0.876383764,0.583783784,0.856088561,0.413513514,0.955719557,0.438888889,0.880136986,0.230555556,0.969178082,0.347222222,0.892694064,0.430555556,0.880136986,0.227777778,0.952054795
329,0.641361257,0.843396226,0.455497382,0.930188679,0.557591623,0.849056604,0.583769634,0.843396226,0.413612565,0.939622642,0.416666667,0.886574074,0.228494624,0.966435185,0.360215054,0.899305556,0.397849462,0.886574074,0.233870968,0.962962963
330,0.678132678,0.81980198,0.513513514,0.924752475,0.58968059,0.841584158,0.577395577,0.81980198,0.447174447,0.932673267,0.411027569,0.869772999,0.278195489,0.966547192,0.353383459,0.896057348,0.403508772,0.869772999,0.250626566,0.952210275
331,0.711779449,0.838206628,0.513784461,0.927875244,0.629072682,0.869395712,0.636591479,0.838206628,0.448621554,0.945419103,0.45,0.878504673,0.260526316,0.961448598,0.363157895,0.889018692,0.444736842,0.878504673,0.234210526,0.948598131
332,0.633906634,0.835643564,0.474201474,0.914851485,0.582309582,0.869306931,0.572481572,0.835643564,0.422604423,0.942574257,0.418732782,0.871706758,0.236914601,0.977090493,0.358126722,0.89347079,0.41046832,0.871706758,0.225895317,0.959908362
333,0.701058201,0.853932584,0.523809524,0.93258427,0.608465608,0.878277154,0.619047619,0.853932584,0.462962963,0.93258427,0.459064327,0.879194631,0.292397661,0.964205817,0.365497076,0.907158837,0.441520468,0.879194631,0.271929825,0.953020134
334,0.669333333,0.813780261,0.490666667,0.918063315,0.594666667,0.851024209,0.605333333,0.813780261,0.429333333,0.927374302,0.453296703,0.899082569,0.252747253,0.975917431,0.368131868,0.903669725,0.436813187,0.899082569,0.236263736,0.96559633
335,0.673076923,0.856854839,0.480769231,0.933467742,0.555288462,0.872983871,0.584134615,0.856854839,0.420673077,0.947580645,0.394736842,0.889261745,0.254385965,0.964205817,0.339181287,0.902684564,0.383040936,0.889261745,0.230994152,0.963087248
336,0.664122137,0.820809249,0.519083969,0.919075145,0.592875318,0.8477842,0.58524173,0.820809249,0.450381679,0.928709056,0.464788732,0.900113507,0.290140845,0.975028377,0.374647887,0.911464245,0.45915493,0.900113507,0.247887324,0.968217934
337,0.674937965,0.805500982,0.46898263,0.921414538,0.595533499,0.84675835,0.610421836,0.805500982,0.389578164,0.929273084,0.424418605,0.880044843,0.284883721,0.97309417,0.337209302,0.896860987,0.412790698,0.880044843,0.223837209,0.958520179
338,0.723514212,0.805714286,0.54005168,0.912380952,0.658914729,0.838095238,0.643410853,0.805714286,0.478036176,0.908571429,0.43258427,0.890909091,0.230337079,0.971590909,0.334269663,0.909090909,0.421348315,0.890909091,0.216292135,0.965909091
339,0.666666667,0.82183908,0.523076923,0.942528736,0.561538462,0.848659004,0.574358974,0.82183908,0.433333333,0.946360153,0.444759207,0.860702152,0.260623229,0.970554926,0.371104816,0.870894677,0.42776204,0.860702152,0.246458924,0.953567384
340,0.669879518,0.839034205,0.465060241,0.941649899,0.56626506,0.869215292,0.575903614,0.839034205,0.41686747,0.943661972,0.434173669,0.874857793,0.268907563,0.961319681,0.341736695,0.890784983,0.403361345,0.874857793,0.254901961,0.947667804
341,0.666666667,0.837078652,0.489417989,0.93071161,0.560846561,0.867041199,0.566137566,0.837078652,0.415343915,0.945692884,0.432024169,0.879558011,0.265861027,0.971270718,0.401812689,0.891712707,0.419939577,0.879558011,0.265861027,0.960220994
342,0.656565657,0.848837209,0.494949495,0.926356589,0.578282828,0.852713178,0.580808081,0.848837209,0.454545455,0.941860465,0.444759207,0.893544734,0.249291785,0.969422424,0.351274788,0.893544734,0.42776204,0.893544734,0.243626062,0.959229898
343,0.677419355,0.831041257,0.513647643,0.923379175,0.617866005,0.870333988,0.612903226,0.831041257,0.461538462,0.939096267,0.444444444,0.886946387,0.26984127,0.967365967,0.330687831,0.891608392,0.425925926,0.886946387,0.243386243,0.961538462
344,0.670076726,0.84452975,0.470588235,0.921305182,0.588235294,0.848368522,0.606138107,0.84452975,0.396419437,0.953934741,0.443804035,0.894263217,0.244956772,0.971878515,0.34870317,0.902137233,0.423631124,0.894263217,0.216138329,0.96287964
345,0.669135802,0.818540434,0.516049383,0.91321499,0.590123457,0.834319527,0.597530864,0.818540434,0.414814815,0.921104536,0.489913545,0.86951631,0.259365994,0.964004499,0.389048991,0.898762655,0.472622478,0.86951631,0.239193084,0.953880765
346,0.668571429,0.838078292,0.477142857,0.939501779,0.554285714,0.861209964,0.6,0.838078292,0.42,0.957295374,0.433962264,0.889017341,0.283018868,0.967630058,0.374663073,0.914450867,0.417789757,0.889017341,0.242587601,0.947976879
347,0.653266332,0.826848249,0.492462312,0.931906615,0.575376884,0.861867704,0.572864322,0.826848249,0.439698492,0.924124514,0.388012618,0.892274211,0.230283912,0.981501632,0.305993691,0.897714908,0.378548896,0.892274211,0.195583596,0.966267682
348,0.695121951,0.852589641,0.509756098,0.940239044,0.62195122,0.894422311,0.626829268,0.852589641,0.463414634,0.948207171,0.414168937,0.878020713,0.27520436,0.962025316,0.38147139,0.902186421,0.403269755,0.878020713,0.283378747,0.951668585
349,0.730769231,0.852490421,0.528205128,0.938697318,0.615384615,0.883141762,0.633333333,0.852490421,0.438461538,0.95210728,0.395604396,0.880733945,0.225274725,0.962155963,0.32967033,0.893348624,0.384615385,0.880733945,0.181318681,0.952981651
350,0.691689008,0.827458256,0.501340483,0.912801484,0.608579088,0.838589981,0.608579088,0.827458256,0.450402145,0.933209647,0.420588235,0.873883929,0.270588235,0.962053571,0.329411765,0.891741071,0.414705882,0.873883929,0.217647059,0.953125
351,0.68134715,0.847908745,0.518134715,0.939163498,0.603626943,0.878326996,0.590673575,0.847908745,0.440414508,0.939163498,0.454293629,0.889142857,0.279778393,0.969142857,0.390581717,0.896,0.421052632,0.889142857,0.260387812,0.963428571
352,0.644067797,0.861723447,0.484261501,0.951903808,0.564164649,0.883767535,0.559322034,0.861723447,0.438256659,0.951903808,0.441011236,0.885227273,0.247191011,0.968181818,0.376404494,0.906818182,0.421348315,0.885227273,0.238764045,0.956818182
353,0.667539267,0.837735849,0.481675393,0.924528302,0.560209424,0.862264151,0.586387435,0.837735849,0.405759162,0.932075472,0.393767705,0.867497169,0.249291785,0.972819932,0.339943343,0.889014723,0.379603399,0.867497169,0.21529745,0.962627407
354,0.68,0.837988827,0.517333333,0.932960894,0.610666667,0.867783985,0.613333333,0.837988827,0.466666667,0.944134078,0.427374302,0.887243736,0.24301676,0.965831435,0.335195531,0.896355353,0.410614525,0.887243736,0.217877095,0.945330296
355,0.686868687,0.825581395,0.46969697,0.930232558,0.578282828,0.864341085,0.613636364,0.825581395,0.409090909,0.94379845,0.439093484,0.867497169,0.28611898,0.95583239,0.354107649,0.883352208,0.416430595,0.867497169,0.254957507,0.951302378
356,0.62,0.8359375,0.4425,0.923828125,0.5575,0.859375,0.5775,0.8359375,0.4225,0.927734375,0.405835544,0.871944121,0.25198939,0.972060536,0.315649867,0.903376019,0.389920424,0.871944121,0.225464191,0.965075669
357,0.689054726,0.82745098,0.492537313,0.929411765,0.554726368,0.880392157,0.594527363,0.82745098,0.425373134,0.945098039,0.450424929,0.886749717,0.257790368,0.964892412,0.354107649,0.904869762,0.436260623,0.886749717,0.212464589,0.959229898
358,0.662531017,0.858546169,0.47146402,0.94302554,0.59057072,0.889980354,0.593052109,0.858546169,0.426799007,0.952848723,0.432960894,0.870159453,0.276536313,0.9738041,0.365921788,0.895216401,0.410614525,0.870159453,0.237430168,0.969248292
359,0.647201946,0.81237525,0.496350365,0.914171657,0.557177616,0.848303393,0.557177616,0.81237525,0.411192214,0.928143713,0.446280992,0.878579611,0.305785124,0.965635739,0.366391185,0.900343643,0.429752066,0.878579611,0.278236915,0.962199313
360,0.686684073,0.846880907,0.522193211,0.933837429,0.613577023,0.869565217,0.61618799,0.846880907,0.462140992,0.950850662,0.440860215,0.87962963,0.268817204,0.967592593,0.362903226,0.91087963,0.430107527,0.87962963,0.244623656,0.958333333
361,0.662531017,0.807465619,0.503722084,0.921414538,0.550868486,0.850687623,0.553349876,0.807465619,0.46898263,0.931237721,0.392045455,0.886877828,0.198863636,0.972850679,0.318181818,0.909502262,0.383522727,0.886877828,0.213068182,0.96719457
362,0.685185185,0.831460674,0.481481481,0.93071161,0.626984127,0.853932584,0.621693122,0.831460674,0.425925926,0.940074906,0.434782609,0.888888889,0.255072464,0.96969697,0.327536232,0.900112233,0.423188406,0.888888889,0.220289855,0.952861953
363,0.678132678,0.837623762,0.476658477,0.926732673,0.5995086,0.861386139,0.592137592,0.837623762,0.425061425,0.936633663,0.420612813,0.887115165,0.256267409,0.966932725,0.3454039,0.908779932,0.398328691,0.887115165,0.253481894,0.956670468
364,0.695187166,0.840148699,0.497326203,0.934944238,0.622994652,0.875464684,0.636363636,0.840148699,0.409090909,0.944237918,0.414565826,0.881683732,0.257703081,0.965870307,0.358543417,0.891922639,0.400560224,0.881683732,0.240896359,0.949943117
365,0.639705882,0.851190476,0.487745098,0.93452381,0.583333333,0.876984127,0.556372549,0.851190476,0.448529412,0.942460317,0.437665782,0.888242142,0.236074271,0.969732247,0.334217507,0.885913853,0.427055703,0.888242142,0.190981432,0.945285215
366,0.675070028,0.8,0.467787115,0.90990991,0.596638655,0.843243243,0.613445378,0.8,0.403361345,0.922522523,0.454054054,0.890300231,0.305405405,0.967667436,0.362162162,0.909930716,0.440540541,0.890300231,0.259459459,0.961893764
367,0.69035533,0.818532819,0.5,0.928571429,0.606598985,0.859073359,0.616751269,0.818532819,0.446700508,0.94980695,0.362637363,0.875,0.21978022,0.96559633,0.307692308,0.895642202,0.343406593,0.875,0.192307692,0.951834862
368,0.664160401,0.828460039,0.511278195,0.933723197,0.586466165,0.867446394,0.601503759,0.828460039,0.43358396,0.95711501,0.432506887,0.870561283,0.286501377,0.962199313,0.341597796,0.884306987,0.415977961,0.870561283,0.242424242,0.951890034
369,0.642105263,0.836466165,0.476315789,0.922932331,0.555263158,0.870300752,0.576315789,0.836466165,0.407894737,0.930451128,0.444444444,0.879096045,0.267806268,0.969491525,0.376068376,0.884745763,0.41025641,0.879096045,0.273504274,0.955932203
370,0.707692308,0.795019157,0.51025641,0.915708812,0.579487179,0.833333333,0.617948718,0.795019157,0.438461538,0.944444444,0.463687151,0.86332574,0.282122905,0.970387244,0.379888268,0.888382688,0.438547486,0.86332574,0.254189944,0.958997722
371,0.669312169,0.844569288,0.489417989,0.938202247,0.592592593,0.874531835,0.574074074,0.844569288,0.46031746,0.945692884,0.444444444,0.873903509,0.262345679,0.968201754,0.351851852,0.879385965,0.429012346,0.873903509,0.228395062,0.962719298
372,0.663265306,0.813461538,0.466836735,0.926923077,0.596938776,0.865384615,0.594387755,0.813461538,0.431122449,0.944230769,0.480211082,0.892648775,0.279683377,0.971995333,0.382585752,0.910151692,0.46701847,0.892648775,0.253298153,0.95915986
373,0.659367397,0.856287425,0.474452555,0.948103792,0.581508516,0.884231537,0.579075426,0.856287425,0.428223844,0.952095808,0.439226519,0.8798627,0.256906077,0.971395881,0.328729282,0.891304348,0.414364641,0.8798627,0.229281768,0.949656751
374,0.675900277,0.836660617,0.48199446,0.938294011,0.573407202,0.887477314,0.601108033,0.836660617,0.443213296,0.945553539,0.398921833,0.849710983,0.242587601,0.958381503,0.323450135,0.863583815,0.380053908,0.849710983,0.237196765,0.94566474
375,0.679347826,0.841911765,0.502717391,0.930147059,0.58423913,0.858455882,0.589673913,0.841911765,0.453804348,0.946691176,0.472677596,0.875862069,0.267759563,0.966666667,0.346994536,0.897701149,0.445355191,0.875862069,0.240437158,0.959770115
376,0.661333333,0.819366853,0.48,0.91433892,0.568,0.852886406,0.589333333,0.819366853,0.413333333,0.931098696,0.414248021,0.84714119,0.242744063,0.964994166,0.329815303,0.880980163,0.403693931,0.84714119,0.203166227,0.956826138
377,0.641752577,0.830152672,0.484536082,0.917938931,0.597938144,0.885496183,0.572164948,0.830152672,0.43814433,0.944656489,0.433333333,0.877853881,0.275,0.965753425,0.344444444,0.902968037,0.4,0.877853881,0.244444444,0.955479452
378,0.694300518,0.828897338,0.505181347,0.937262357,0.629533679,0.840304183,0.626943005,0.828897338,0.448186528,0.931558935,0.431635389,0.858632677,0.230563003,0.957126304,0.372654155,0.884125145,0.415549598,0.858632677,0.233243968,0.958285052
379,0.68814433,0.826335878,0.492268041,0.916030534,0.608247423,0.853053435,0.62628866,0.826335878,0.445876289,0.938931298,0.441260745,0.894024803,0.277936963,0.975197294,0.318051576,0.901916573,0.441260745,0.894024803,0.206303725,0.958286359
380,0.673521851,0.820267686,0.503856041,0.936902486,0.570694087,0.841300191,0.604113111,0.820267686,0.434447301,0.940726577,0.436314363,0.889273356,0.279132791,0.970011534,0.363143631,0.903114187,0.414634146,0.889273356,0.257452575,0.963091119
381,0.629441624,0.847490347,0.474619289,0.944015444,0.527918782,0.884169884,0.543147208,0.847490347,0.431472081,0.947876448,0.404692082,0.87150838,0.24340176,0.960893855,0.346041056,0.896089385,0.390029326,0.87150838,0.208211144,0.94972067
382,0.688279302,0.829745597,0.518703242,0.933463796,0.598503741,0.851272016,0.608478803,0.829745597,0.448877805,0.943248532,0.426136364,0.85520362,0.255681818,0.964932127,0.335227273,0.88800905,0.417613636,0.85520362,0.227272727,0.945701357
383,0.669902913,0.864,0.497572816,0.946,0.597087379,0.87,0.582524272,0.864,0.468446602,0.95,0.412462908,0.896551724,0.264094955,0.971078977,0.367952522,0.89432703,0.400593472,0.896551724,0.243323442,0.963292547
384,0.673366834,0.844357977,0.457286432,0.935797665,0.572864322,0.86770428,0.587939698,0.844357977,0.422110553,0.947470817,0.407514451,0.895505618,0.242774566,0.974157303,0.326589595,0.913483146,0.395953757,0.895505618,0.208092486,0.970786517
385,0.690954774,0.86770428,0.530150754,0.941634241,0.605527638,0.89688716,0.613065327,0.86770428,0.467336683,0.951361868,0.448753463,0.878857143,0.265927978,0.970285714,0.368421053,0.888,0.434903047,0.878857143,0.232686981,0.964571429
386,0.646596859,0.854716981,0.497382199,0.928301887,0.552356021,0.873584906,0.565445026,0.854716981,0.442408377,0.941509434,0.45505618,0.861363636,0.283707865,0.957954545,0.359550562,0.880681818,0.424157303,0.861363636,0.25,0.935227273
387,0.66080402,0.844357977,0.502512563,0.924124514,0.522613065,0.873540856,0.570351759,0.844357977,0.417085427,0.935797665,0.441926346,0.881087203,0.283286119,0.971687429,0.359773371,0.899207248,0.419263456,0.881087203,0.274787535,0.966024915
388,0.632152589,0.833027523,0.46866485,0.926605505,0.536784741,0.856880734,0.555858311,0.833027523,0.367847411,0.937614679,0.391930836,0.890888639,0.221902017,0.973003375,0.308357349,0.916760405,0.371757925,0.890888639,0.193083573,0.970753656
389,0.670076726,0.840690979,0.491048593,0.932821497,0.601023018,0.865642994,0.583120205,0.840690979,0.457800512,0.934740883,0.417867435,0.881889764,0.265129683,0.968503937,0.319884726,0.897637795,0.406340058,0.881889764,0.253602305,0.957255343
390,0.683377309,0.806754221,0.480211082,0.92120075,0.569920844,0.834896811,0.617414248,0.806754221,0.424802111,0.915572233,0.398773006,0.876923077,0.217791411,0.968131868,0.337423313,0.906593407,0.386503067,0.876923077,0.220858896,0.958241758
391,0.623409669,0.840077071,0.44783715,0.924855491,0.529262087,0.855491329,0.539440204,0.840077071,0.394402036,0.934489403,0.467914439,0.856148492,0.270053476,0.953596288,0.387700535,0.886310905,0.451871658,0.856148492,0.245989305,0.945475638
392,0.667539267,0.839622642,0.460732984,0.926415094,0.565445026,0.867924528,0.589005236,0.839622642,0.403141361,0.926415094,0.462908012,0.872080089,0.255192878,0.963292547,0.359050445,0.886540601,0.448071217,0.872080089,0.240356083,0.948832036
393,0.632152589,0.83853211,0.438692098,0.935779817,0.542234332,0.869724771,0.57493188,0.83853211,0.384196185,0.937614679,0.398395722,0.881670534,0.22459893,0.969837587,0.315508021,0.897911833,0.374331551,0.881670534,0.211229947,0.97099768
394,0.712041885,0.826415094,0.507853403,0.922641509,0.609947644,0.866037736,0.633507853,0.826415094,0.442408377,0.937735849,0.412868633,0.858632677,0.233243968,0.972190035,0.302949062,0.891077636,0.399463807,0.858632677,0.18230563,0.949015064
395,0.662303665,0.871698113,0.465968586,0.950943396,0.615183246,0.88490566,0.59947644,0.871698113,0.416230366,0.964150943,0.399449036,0.87628866,0.253443526,0.963344788,0.338842975,0.895761741,0.388429752,0.87628866,0.225895317,0.957617411
396,0.67191601,0.847457627,0.469816273,0.939736347,0.598425197,0.883239171,0.606299213,0.847457627,0.401574803,0.952919021,0.425587467,0.887456038,0.240208877,0.958968347,0.321148825,0.893317702,0.409921671,0.887456038,0.195822454,0.958968347
397,0.676844784,0.832369942,0.491094148,0.936416185,0.600508906,0.876685934,0.569974555,0.832369942,0.450381679,0.953757225,0.396121884,0.870857143,0.24099723,0.966857143,0.324099723,0.875428571,0.371191136,0.870857143,0.213296399,0.949714286
398,0.682464455,0.826530612,0.502369668,0.936734694,0.582938389,0.853061224,0.585308057,0.826530612,0.424170616,0.948979592,0.438395415,0.895152198,0.286532951,0.972942503,0.383954155,0.908680947,0.406876791,0.895152198,0.286532951,0.969560316
399,0.64,0.8359375,0.465,0.92578125,0.57,0.87890625,0.59,0.8359375,0.42,0.9375,0.44591029,0.87747958,0.242744063,0.955659277,0.327176781,0.886814469,0.422163588,0.87747958,0.229551451,0.950991832
400,0.681818182,0.821705426,0.515151515,0.912790698,0.578282828,0.848837209,0.593434343,0.821705426,0.414141414,0.930232558,0.404129794,0.88851728,0.235988201,0.968784838,0.312684366,0.906354515,0.389380531,0.88851728,0.218289086,0.959866221
401,0.695331695,0.825742574,0.486486486,0.916831683,0.628992629,0.865346535,0.592137592,0.825742574,0.437346437,0.936633663,0.448369565,0.898617512,0.263586957,0.971198157,0.375,0.908986175,0.423913043,0.898617512,0.244565217,0.965437788
402,0.678947368,0.847744361,0.486842105,0.915413534,0.613157895,0.857142857,0.581578947,0.847744361,0.45,0.934210526,0.43575419,0.872437358,0.248603352,0.964692483,0.324022346,0.875854214,0.421787709,0.872437358,0.206703911,0.954441913
403,0.711864407,0.831663327,0.515738499,0.927855711,0.583535109,0.849699399,0.610169492,0.831663327,0.440677966,0.93987976,0.412979351,0.866220736,0.268436578,0.959866221,0.324483776,0.88851728,0.389380531,0.866220736,0.256637168,0.950947603
404,0.618581907,0.840954274,0.476772616,0.944333996,0.535452323,0.874751491,0.547677262,0.840954274,0.41809291,0.944333996,0.43452381,0.896666667,0.267857143,0.97,0.333333333,0.914444444,0.413690476,0.896666667,0.25,0.96
405,0.680203046,0.845559846,0.5,0.916988417,0.583756345,0.862934363,0.601522843,0.845559846,0.421319797,0.930501931,0.371830986,0.867196368,0.242253521,0.952326901,0.284507042,0.885357548,0.357746479,0.867196368,0.2,0.953461975
406,0.685785536,0.810176125,0.501246883,0.925636008,0.598503741,0.833659491,0.596009975,0.810176125,0.433915212,0.945205479,0.385714286,0.879232506,0.228571429,0.959367946,0.374285714,0.892776524,0.368571429,0.879232506,0.242857143,0.957110609
407,0.630541872,0.837944664,0.475369458,0.928853755,0.561576355,0.855731225,0.551724138,0.837944664,0.4408867,0.940711462,0.428571429,0.889017341,0.234501348,0.968786127,0.331536388,0.904046243,0.409703504,0.889017341,0.194070081,0.958381503
408,0.691747573,0.85,0.5,0.928,0.580097087,0.872,0.623786408,0.85,0.42961165,0.938,0.42776204,0.883352208,0.257790368,0.967157418,0.33427762,0.88788222,0.407932011,0.883352208,0.243626062,0.960362401
409,0.658974359,0.827586207,0.494871795,0.923371648,0.58974359,0.846743295,0.584615385,0.827586207,0.446153846,0.9348659,0.437308869,0.885588559,0.232415902,0.96919692,0.351681957,0.888888889,0.418960245,0.885588559,0.259938838,0.9559956
410,0.633074935,0.855238095,0.475452196,0.927619048,0.568475452,0.868571429,0.560723514,0.855238095,0.410852713,0.940952381,0.441340782,0.88952164,0.282122905,0.979498861,0.360335196,0.910022779,0.43575419,0.88952164,0.251396648,0.962414579
411,0.659400545,0.825688073,0.48773842,0.937614679,0.566757493,0.862385321,0.583106267,0.825688073,0.438692098,0.941284404,0.444134078,0.884965831,0.273743017,0.964692483,0.365921788,0.907744875,0.427374302,0.884965831,0.234636872,0.953302961
412,0.682795699,0.842592593,0.508064516,0.935185185,0.586021505,0.875925926,0.564516129,0.842592593,0.424731183,0.946296296,0.449315068,0.880597015,0.268493151,0.970149254,0.394520548,0.902411022,0.432876712,0.880597015,0.257534247,0.955223881
413,0.684350133,0.85046729,0.5066313,0.914018692,0.588859416,0.861682243,0.618037135,0.85046729,0.419098143,0.93271028,0.394179894,0.878787879,0.243386243,0.967365967,0.32010582,0.884615385,0.380952381,0.878787879,0.195767196,0.954545455
414,0.641089109,0.820866142,0.457920792,0.929133858,0.551980198,0.842519685,0.561881188,0.820866142,0.388613861,0.938976378,0.448571429,0.887133183,0.262857143,0.967268623,0.337142857,0.897291196,0.425714286,0.887133183,0.214285714,0.960496614
415,0.663366337,0.828740157,0.517326733,0.942913386,0.589108911,0.862204724,0.584158416,0.828740157,0.438118812,0.946850394,0.413994169,0.894736842,0.241982507,0.9731243,0.344023324,0.911534155,0.39941691,0.894736842,0.256559767,0.965285554
416,0.636828645,0.827255278,0.465473146,0.936660269,0.529411765,0.886756238,0.554987212,0.827255278,0.411764706,0.936660269,0.434316354,0.891077636,0.278820375,0.968713789,0.380697051,0.906141367,0.420911528,0.891077636,0.246648794,0.960602549
417,0.639473684,0.812030075,0.497368421,0.904135338,0.568421053,0.842105263,0.557894737,0.812030075,0.444736842,0.913533835,0.434173669,0.880546075,0.266106443,0.972696246,0.37535014,0.899886234,0.417366947,0.880546075,0.271708683,0.957906712
418,0.693298969,0.858778626,0.525773196,0.959923664,0.592783505,0.877862595,0.613402062,0.858778626,0.463917526,0.946564885,0.42228739,0.864804469,0.281524927,0.963128492,0.343108504,0.874860335,0.410557185,0.864804469,0.263929619,0.947486034
419,0.685785536,0.818003914,0.528678304,0.911937378,0.583541147,0.85518591,0.613466334,0.818003914,0.451371571,0.941291585,0.460055096,0.877434135,0.26446281,0.974799542,0.377410468,0.898052692,0.44077135,0.877434135,0.23415978,0.961053837
420,0.644067797,0.809619238,0.462469734,0.919839679,0.566585956,0.853707415,0.602905569,0.809619238,0.399515738,0.935871743,0.413690476,0.881111111,0.255952381,0.98,0.336309524,0.9,0.395833333,0.881111111,0.232142857,0.97
421,0.732009926,0.864440079,0.538461538,0.941060904,0.620347395,0.874263261,0.652605459,0.864440079,0.47146402,0.944990177,0.419178082,0.880597015,0.24109589,0.958668197,0.353424658,0.882893226,0.397260274,0.880597015,0.238356164,0.958668197
422,0.632653061,0.823076923,0.464285714,0.903846154,0.568877551,0.832692308,0.573979592,0.823076923,0.403061224,0.921153846,0.466307278,0.877456647,0.272237197,0.968786127,0.35309973,0.893641618,0.447439353,0.877456647,0.247978437,0.94566474
423,0.650753769,0.80155642,0.467336683,0.912451362,0.567839196,0.8307393,0.577889447,0.80155642,0.386934673,0.93385214,0.380952381,0.883449883,0.23015873,0.96969697,0.333333333,0.895104895,0.362433862,0.883449883,0.206349206,0.963869464
424,0.617647059,0.825396825,0.455882353,0.93452381,0.534313725,0.873015873,0.551470588,0.825396825,0.384803922,0.948412698,0.421652422,0.888135593,0.216524217,0.967231638,0.327635328,0.905084746,0.413105413,0.888135593,0.199430199,0.952542373
425,0.695876289,0.845419847,0.528350515,0.938931298,0.574742268,0.866412214,0.605670103,0.845419847,0.445876289,0.940839695,0.486880466,0.871220605,0.253644315,0.967525196,0.387755102,0.903695409,0.466472303,0.871220605,0.227405248,0.955207167
426,0.663291139,0.845261122,0.508860759,0.926499033,0.574683544,0.849129594,0.592405063,0.845261122,0.412658228,0.943907157,0.422740525,0.889137738,0.250728863,0.965285554,0.361516035,0.890257559,0.408163265,0.889137738,0.239067055,0.958566629
427,0.696891192,0.807984791,0.512953368,0.939163498,0.577720207,0.870722433,0.603626943,0.807984791,0.455958549,0.960076046,0.426865672,0.891231964,0.274626866,0.97336293,0.382089552,0.906770255,0.420895522,0.891231964,0.223880597,0.95227525
428,0.677002584,0.817142857,0.521963824,0.925714286,0.586563307,0.851428571,0.61498708,0.817142857,0.449612403,0.935238095,0.386666667,0.886178862,0.242666667,0.970963995,0.312,0.904761905,0.370666667,0.886178862,0.221333333,0.960511034
429,0.685503686,0.84950495,0.508599509,0.952475248,0.601965602,0.875247525,0.601965602,0.84950495,0.454545455,0.956435644,0.416909621,0.884658455,0.189504373,0.970884658,0.329446064,0.908174692,0.411078717,0.884658455,0.192419825,0.966405375
430,0.675324675,0.844402277,0.467532468,0.944971537,0.58961039,0.882352941,0.625974026,0.844402277,0.425974026,0.948766603,0.465909091,0.863122172,0.278409091,0.964932127,0.372159091,0.886877828,0.454545455,0.863122172,0.267045455,0.96040724
431,0.613402062,0.832061069,0.43556701,0.929389313,0.574742268,0.854961832,0.546391753,0.832061069,0.378865979,0.950381679,0.453608247,0.883254717,0.244845361,0.961084906,0.386597938,0.896226415,0.440721649,0.883254717,0.219072165,0.95754717
432,0.698765432,0.830374753,0.49382716,0.932938856,0.607407407,0.869822485,0.624691358,0.830374753,0.422222222,0.940828402,0.427807487,0.871229698,0.27540107,0.965197216,0.328877005,0.882830626,0.417112299,0.871229698,0.229946524,0.965197216
433,0.677922078,0.840607211,0.496103896,0.920303605,0.579220779,0.85199241,0.592207792,0.840607211,0.431168831,0.927893738,0.452574526,0.886966551,0.279132791,0.967704729,0.371273713,0.888119954,0.428184282,0.886966551,0.238482385,0.964244521
434,0.6640625,0.825757576,0.502604167,0.922348485,0.567708333,0.857954545,0.5625,0.825757576,0.447916667,0.935606061,0.441520468,0.869127517,0.263157895,0.957494407,0.324561404,0.887024609,0.421052632,0.869127517,0.222222222,0.955257271
435,0.690954774,0.817120623,0.527638191,0.935797665,0.552763819,0.854085603,0.575376884,0.817120623,0.467336683,0.941634241,0.407792208,0.886016451,0.225974026,0.971797885,0.332467532,0.903642773,0.394805195,0.886016451,0.220779221,0.956521739
436,0.65920398,0.81372549,0.470149254,0.919607843,0.567164179,0.850980392,0.582089552,0.81372549,0.390547264,0.935294118,0.36746988,0.876106195,0.280120482,0.967920354,0.325301205,0.896017699,0.352409639,0.876106195,0.237951807,0.960176991
437,0.694087404,0.816443595,0.506426735,0.931166348,0.604113111,0.862332696,0.63496144,0.816443595,0.455012853,0.940726577,0.420485175,0.884393064,0.272237197,0.972254335,0.326145553,0.900578035,0.409703504,0.884393064,0.218328841,0.953757225
438,0.653012048,0.837022133,0.496385542,0.937625755,0.587951807,0.853118712,0.58313253,0.837022133,0.428915663,0.937625755,0.490625,0.879912664,0.290625,0.966157205,0.36875,0.906113537,0.46875,0.879912664,0.25625,0.961790393
439,0.673740053,0.826168224,0.4933687,0.936448598,0.580901857,0.852336449,0.604774536,0.826168224,0.379310345,0.940186916,0.409883721,0.877802691,0.270348837,0.964125561,0.343023256,0.880044843,0.395348837,0.877802691,0.25,0.959641256
440,0.646766169,0.858823529,0.475124378,0.945098039,0.562189055,0.876470588,0.572139303,0.858823529,0.42039801,0.956862745,0.432642487,0.875294118,0.274611399,0.958823529,0.386010363,0.890588235,0.424870466,0.875294118,0.235751295,0.941176471
441,0.633165829,0.83463035,0.452261307,0.929961089,0.555276382,0.881322957,0.56281407,0.83463035,0.394472362,0.945525292,0.431547619,0.868888889,0.238095238,0.973333333,0.342261905,0.9,0.422619048,0.868888889,0.220238095,0.948888889
442,0.647058824,0.817460317,0.477941176,0.918650794,0.575980392,0.831349206,0.571078431,0.817460317,0.421568627,0.922619048,0.431547619,0.892222222,0.261904762,0.974444444,0.363095238,0.905555556,0.419642857,0.892222222,0.241071429,0.966666667
443,0.700729927,0.852295409,0.520681265,0.944111776,0.615571776,0.884231537,0.635036496,0.852295409,0.423357664,0.952095808,0.427710843,0.873893805,0.243975904,0.96460177,0.343373494,0.89159292,0.415662651,0.873893805,0.207831325,0.965707965
444,0.708121827,0.822393822,0.515228426,0.932432432,0.664974619,0.855212355,0.614213198,0.822393822,0.47715736,0.932432432,0.448275862,0.877252252,0.275862069,0.967342342,0.350574713,0.881756757,0.42816092,0.877252252,0.221264368,0.945945946
445,0.687804878,0.796812749,0.519512195,0.906374502,0.6,0.8187251,0.617073171,0.796812749,0.441463415,0.928286853,0.422222222,0.881278539,0.244444444,0.966894977,0.338888889,0.890410959,0.413888889,0.881278539,0.188888889,0.947488584
446,0.655526992,0.837476099,0.467866324,0.92543021,0.588688946,0.858508604,0.59125964,0.837476099,0.403598972,0.919694073,0.418666667,0.880371661,0.282666667,0.965156794,0.314666667,0.87688734,0.4,0.880371661,0.258666667,0.951219512
447,0.654320988,0.8382643,0.488888889,0.934911243,0.55308642,0.873767258,0.555555556,0.8382643,0.441975309,0.944773176,0.406565657,0.897619048,0.247474747,0.967857143,0.295454545,0.914285714,0.386363636,0.897619048,0.20959596,0.96547619
448,0.624020888,0.810964083,0.472584856,0.928166352,0.561357702,0.839319471,0.548302872,0.810964083,0.417754569,0.922495274,0.386740331,0.878718535,0.273480663,0.958810069,0.287292818,0.897025172,0.35359116,0.878718535,0.220994475,0.948512586
449,0.672248804,0.848178138,0.507177033,0.967611336,0.576555024,0.876518219,0.593301435,0.848178138,0.449760766,0.969635628,0.452662722,0.880846325,0.278106509,0.967706013,0.355029586,0.881959911,0.437869822,0.880846325,0.275147929,0.954342984
450,0.675,0.84375,0.505,0.923828125,0.5575,0.875,0.5675,0.84375,0.455,0.947265625,0.402203857,0.883161512,0.247933884,0.965635739,0.316804408,0.900343643,0.388429752,0.883161512,0.231404959,0.958762887
451,0.7002457,0.82970297,0.513513514,0.934653465,0.597051597,0.877227723,0.624078624,0.82970297,0.42997543,0.938613861,0.384831461,0.879545455,0.20505618,0.970454545,0.300561798,0.886363636,0.370786517,0.879545455,0.179775281,0.960227273
452,0.646067416,0.836330935,0.502808989,0.944244604,0.587078652,0.865107914,0.601123596,0.836330935,0.404494382,0.95323741,0.444444444,0.875291375,0.277777778,0.961538462,0.351851852,0.886946387,0.423280423,0.875291375,0.256613757,0.953379953
453,0.683804627,0.86042065,0.508997429,0.940726577,0.580976864,0.881453155,0.611825193,0.86042065,0.455012853,0.946462715,0.45505618,0.884090909,0.264044944,0.979545455,0.356741573,0.902272727,0.435393258,0.884090909,0.244382022,0.957954545
454,0.658792651,0.828625235,0.477690289,0.924670433,0.582677165,0.858757062,0.593175853,0.828625235,0.414698163,0.924670433,0.453781513,0.894197952,0.302521008,0.971558589,0.338935574,0.906712173,0.428571429,0.894197952,0.24929972,0.962457338
455,0.694300518,0.798479087,0.53626943,0.931558935,0.613989637,0.851711027,0.626943005,0.798479087,0.479274611,0.933460076,0.441860465,0.869955157,0.261627907,0.958520179,0.360465116,0.891255605,0.433139535,0.869955157,0.24127907,0.954035874
456,0.694376528,0.821073559,0.515892421,0.912524851,0.60391198,0.854870775,0.630806846,0.821073559,0.425427873,0.930417495,0.443478261,0.87654321,0.231884058,0.97979798,0.362318841,0.891133558,0.428985507,0.87654321,0.223188406,0.964085297
457,0.664141414,0.829457364,0.462121212,0.924418605,0.580808081,0.864341085,0.593434343,0.829457364,0.416666667,0.941860465,0.41576087,0.883640553,0.244565217,0.961981567,0.320652174,0.891705069,0.410326087,0.883640553,0.211956522,0.963133641
458,0.658974359,0.844827586,0.484615385,0.927203065,0.576923077,0.856321839,0.587179487,0.844827586,0.415384615,0.946360153,0.474114441,0.861910242,0.258855586,0.953970081,0.373297003,0.876869965,0.457765668,0.861910242,0.234332425,0.942462601
459,0.62745098,0.837301587,0.43872549,0.942460317,0.558823529,0.869047619,0.571078431,0.837301587,0.382352941,0.948412698,0.434782609,0.881032548,0.289855072,0.964085297,0.373913043,0.897867565,0.417391304,0.881032548,0.249275362,0.953984287
460,0.676165803,0.83269962,0.487046632,0.923954373,0.577720207,0.872623574,0.590673575,0.83269962,0.453367876,0.939163498,0.41005291,0.885780886,0.21957672,0.967365967,0.314814815,0.906759907,0.396825397,0.885780886,0.214285714,0.963869464
461,0.713235294,0.843253968,0.512254902,0.924603175,0.593137255,0.865079365,0.632352941,0.843253968,0.453431373,0.942460317,0.402061856,0.898584906,0.244845361,0.969339623,0.345360825,0.912735849,0.394329897,0.898584906,0.213917526,0.948113208
462,0.665882353,0.839835729,0.491764706,0.938398357,0.588235294,0.868583162,0.602352941,0.839835729,0.470588235,0.940451745,0.406914894,0.880232558,0.244680851,0.972093023,0.35106383,0.904651163,0.390957447,0.880232558,0.236702128,0.951162791
463,0.682291667,0.837121212,0.502604167,0.928030303,0.580729167,0.873106061,0.6015625,0.837121212,0.40625,0.926136364,0.465608466,0.877622378,0.272486772,0.961538462,0.333333333,0.8997669,0.447089947,0.877622378,0.235449735,0.951048951
464,0.670103093,0.816793893,0.523195876,0.917938931,0.579896907,0.858778626,0.574742268,0.816793893,0.471649485,0.923664122,0.447447447,0.894795127,0.276276276,0.971207087,0.396396396,0.918050941,0.423423423,0.894795127,0.231231231,0.973421927
465,0.674129353,0.831372549,0.480099502,0.909803922,0.584577114,0.856862745,0.614427861,0.831372549,0.407960199,0.939215686,0.433526012,0.887640449,0.251445087,0.96741573,0.326589595,0.908988764,0.416184971,0.887640449,0.216763006,0.96741573
466,0.711864407,0.851703407,0.508474576,0.927855711,0.615012107,0.889779559,0.629539952,0.851703407,0.433414044,0.947895792,0.412280702,0.879194631,0.228070175,0.960850112,0.330409357,0.890380313,0.397660819,0.879194631,0.187134503,0.96196868
467,0.683804627,0.856596558,0.503856041,0.933078394,0.588688946,0.881453155,0.614395887,0.856596558,0.447300771,0.946462715,0.394021739,0.890552995,0.260869565,0.968894009,0.307065217,0.899769585,0.380434783,0.890552995,0.230978261,0.956221198
468,0.72979798,0.848837209,0.505050505,0.94379845,0.590909091,0.868217054,0.656565657,0.848837209,0.446969697,0.937984496,0.407506702,0.870220162,0.243967828,0.969872538,0.335120643,0.873696408,0.388739946,0.870220162,0.217158177,0.960602549
469,0.678571429,0.834615385,0.474489796,0.926923077,0.556122449,0.875,0.596938776,0.834615385,0.403061224,0.938461538,0.410404624,0.884269663,0.265895954,0.974157303,0.341040462,0.91011236,0.393063584,0.884269663,0.231213873,0.95505618
470,0.661333333,0.837988827,0.466666667,0.925512104,0.565333333,0.865921788,0.581333333,0.837988827,0.381333333,0.938547486,0.436137072,0.878688525,0.249221184,0.959562842,0.367601246,0.884153005,0.420560748,0.878688525,0.242990654,0.956284153
471,0.627717391,0.830882353,0.475543478,0.935661765,0.559782609,0.858455882,0.557065217,0.830882353,0.385869565,0.944852941,0.447592068,0.899207248,0.260623229,0.977349943,0.368271955,0.908267271,0.436260623,0.899207248,0.252124646,0.970554926
472,0.645833333,0.816287879,0.432291667,0.920454545,0.546875,0.857954545,0.567708333,0.816287879,0.393229167,0.9375,0.414565826,0.862343572,0.24929972,0.965870307,0.333333333,0.881683732,0.394957983,0.862343572,0.24929972,0.955631399
473,0.64690027,0.837338262,0.479784367,0.927911275,0.544474394,0.844731978,0.58490566,0.837338262,0.393530997,0.92051756,0.406876791,0.886133033,0.214899713,0.975197294,0.315186246,0.878241263,0.395415473,0.886133033,0.209169054,0.963923337
474,0.693069307,0.82480315,0.517326733,0.942913386,0.636138614,0.866141732,0.621287129,0.82480315,0.455445545,0.952755906,0.401234568,0.882675439,0.25,0.968201754,0.336419753,0.893640351,0.388888889,0.882675439,0.197530864,0.962719298
475,0.671052632,0.838345865,0.502631579,0.926691729,0.615789474,0.857142857,0.597368421,0.838345865,0.434210526,0.953007519,0.420245399,0.886813187,0.282208589,0.96043956,0.32208589,0.898901099,0.398773006,0.886813187,0.257668712,0.958241758
476,0.677595628,0.855311355,0.448087432,0.950549451,0.581967213,0.879120879,0.595628415,0.855311355,0.426229508,0.952380952,0.44057971,0.87654321,0.272463768,0.966329966,0.350724638,0.895622896,0.408695652,0.87654321,0.246376812,0.957351291
477,0.680288462,0.818548387,0.504807692,0.923387097,0.567307692,0.856854839,0.598557692,0.818548387,0.442307692,0.939516129,0.429362881,0.877714286,0.265927978,0.971428571,0.371191136,0.883428571,0.40166205,0.877714286,0.257617729,0.956571429
478,0.650130548,0.81852552,0.516971279,0.93194707,0.595300261,0.839319471,0.55613577,0.81852552,0.475195822,0.939508507,0.465875371,0.879866518,0.284866469,0.968854283,0.353115727,0.893214683,0.456973294,0.879866518,0.243323442,0.957730812
479,0.674185464,0.828460039,0.501253133,0.918128655,0.573934837,0.847953216,0.606516291,0.828460039,0.441102757,0.933723197,0.401084011,0.906574394,0.214092141,0.978085352,0.319783198,0.912341407,0.390243902,0.906574394,0.208672087,0.973471742
480,0.694444444,0.810077519,0.492424242,0.92248062,0.593434343,0.862403101,0.623737374,0.810077519,0.406565657,0.937984496,0.441087613,0.878453039,0.283987915,0.965745856,0.398791541,0.890607735,0.429003021,0.878453039,0.250755287,0.961325967
481,0.660891089,0.828740157,0.482673267,0.923228346,0.54950495,0.87992126,0.574257426,0.828740157,0.396039604,0.938976378,0.427325581,0.894618834,0.281976744,0.969730942,0.343023256,0.903587444,0.412790698,0.894618834,0.276162791,0.959641256
482,0.635416667,0.857954545,0.434895833,0.9375,0.559895833,0.876893939,0.557291667,0.857954545,0.3984375,0.958333333,0.427374302,0.871298405,0.240223464,0.964692483,0.382681564,0.881548975,0.416201117,0.871298405,0.234636872,0.956719818
483,0.702020202,0.835271318,0.494949495,0.941860465,0.611111111,0.879844961,0.623737374,0.835271318,0.426767677,0.941860465,0.458689459,0.884745763,0.284900285,0.967231638,0.364672365,0.893785311,0.441595442,0.884745763,0.236467236,0.95819209
484,0.741116751,0.851351351,0.52284264,0.934362934,0.652284264,0.872586873,0.670050761,0.851351351,0.441624365,0.936293436,0.432176656,0.885745375,0.255520505,0.968443961,0.365930599,0.906420022,0.413249211,0.885745375,0.233438486,0.959738847
485,0.658354115,0.84148728,0.463840399,0.911937378,0.573566085,0.853228963,0.605985037,0.84148728,0.389027431,0.937377691,0.419098143,0.88242142,0.25464191,0.960419092,0.339522546,0.903376019,0.403183024,0.88242142,0.233421751,0.962747381
486,0.602352941,0.856262834,0.414117647,0.940451745,0.524705882,0.866529774,0.529411765,0.856262834,0.371764706,0.958932238,0.425824176,0.860091743,0.247252747,0.958715596,0.35989011,0.892201835,0.406593407,0.860091743,0.258241758,0.939220183
487,0.640306122,0.834615385,0.451530612,0.942307692,0.586734694,0.873076923,0.568877551,0.834615385,0.426020408,0.944230769,0.432065217,0.879032258,0.27173913,0.965437788,0.35326087,0.900921659,0.41576087,0.879032258,0.206521739,0.960829493
488,0.657963446,0.833648393,0.511749347,0.924385633,0.595300261,0.869565217,0.569190601,0.833648393,0.433420366,0.935727788,0.432506887,0.863688431,0.275482094,0.958762887,0.363636364,0.879725086,0.415977961,0.863688431,0.228650138,0.966781214
489,0.634464752,0.835538752,0.438642298,0.93194707,0.577023499,0.862003781,0.563968668,0.835538752,0.415143603,0.937618147,0.45508982,0.88691796,0.266467066,0.973392461,0.344311377,0.905764967,0.434131737,0.88691796,0.22754491,0.960088692
490,0.680306905,0.846449136,0.524296675,0.936660269,0.616368286,0.869481766,0.603580563,0.846449136,0.470588235,0.946257198,0.459064327,0.882550336,0.274853801,0.966442953,0.347953216,0.894854586,0.444444444,0.882550336,0.230994152,0.951901566
491,0.65648855,0.828516378,0.465648855,0.93256262,0.575063613,0.849710983,0.592875318,0.828516378,0.41221374,0.942196532,0.445682451,0.877993158,0.286908078,0.966932725,0.398328691,0.895096921,0.415041783,0.877993158,0.270194986,0.963511973
492,0.689223058,0.847953216,0.496240602,0.927875244,0.609022556,0.875243665,0.601503759,0.847953216,0.45112782,0.931773879,0.424855491,0.869662921,0.257225434,0.96741573,0.338150289,0.891011236,0.407514451,0.869662921,0.225433526,0.957303371
493,0.720930233,0.859047619,0.524547804,0.948571429,0.625322997,0.887619048,0.617571059,0.859047619,0.4625323,0.944761905,0.410764873,0.882219706,0.280453258,0.970554926,0.348441926,0.899207248,0.393767705,0.882219706,0.23796034,0.956964892
494,0.633416459,0.835616438,0.473815461,0.935420744,0.538653367,0.864970646,0.558603491,0.835616438,0.416458853,0.953033268,0.465671642,0.892341842,0.274626866,0.968923418,0.382089552,0.896781354,0.450746269,0.892341842,0.268656716,0.961154273
495,0.683673469,0.832692308,0.512755102,0.930769231,0.573979592,0.859615385,0.584183673,0.832692308,0.446428571,0.930769231,0.430635838,0.874157303,0.251445087,0.958426966,0.349710983,0.887640449,0.404624277,0.874157303,0.225433526,0.951685393
496,0.656174334,0.831663327,0.484261501,0.927855711,0.564164649,0.875751503,0.561743341,0.831663327,0.430992736,0.937875752,0.477744807,0.869855395,0.28189911,0.952169077,0.409495549,0.878754171,0.451038576,0.869855395,0.287833828,0.947719689
497,0.656756757,0.819188192,0.467567568,0.946494465,0.589189189,0.870848708,0.594594595,0.819188192,0.421621622,0.944649446,0.448979592,0.882418813,0.250728863,0.970884658,0.373177843,0.893617021,0.43148688,0.882418813,0.256559767,0.960806271
498,0.694656489,0.83044316,0.506361323,0.930635838,0.625954198,0.861271676,0.595419847,0.83044316,0.41221374,0.928709056,0.428954424,0.878331402,0.286863271,0.967555041,0.386058981,0.892236385,0.412868633,0.878331402,0.27077748,0.960602549
499,0.662404092,0.821497121,0.539641944,0.917466411,0.603580563,0.842610365,0.593350384,0.821497121,0.452685422,0.928982726,0.404825737,0.871378911,0.27613941,0.961761298,0.367292225,0.881807648,0.396782842,0.871378911,0.252010724,0.950173812
500,0.66080402,0.879377432,0.467336683,0.96692607,0.577889447,0.891050584,0.590452261,0.879377432,0.422110553,0.953307393,0.445070423,0.878547106,0.304225352,0.96708286,0.363380282,0.900113507,0.428169014,0.878547106,0.273239437,0.959137344
501,0.702349869,0.814744802,0.501305483,0.90926276,0.631853786,0.843100189,0.613577023,0.814744802,0.477806789,0.924385633,0.394886364,0.885746606,0.25,0.971719457,0.346590909,0.909502262,0.386363636,0.885746606,0.252840909,0.9739819
502,0.691099476,0.835849057,0.547120419,0.937735849,0.596858639,0.867924528,0.602094241,0.835849057,0.476439791,0.956603774,0.436746988,0.903761062,0.274096386,0.971238938,0.355421687,0.911504425,0.427710843,0.903761062,0.237951807,0.962389381
503,0.684895833,0.810606061,0.536458333,0.916666667,0.619791667,0.833333333,0.609375,0.810606061,0.473958333,0.918560606,0.425149701,0.862527716,0.28742515,0.968957871,0.353293413,0.881374723,0.410179641,0.862527716,0.239520958,0.945676275
504,0.706940874,0.833652008,0.524421594,0.929254302,0.580976864,0.866156788,0.606683805,0.833652008,0.460154242,0.944550669,0.442896936,0.860889396,0.278551532,0.958950969,0.373259053,0.89395667,0.428969359,0.860889396,0.233983287,0.956670468
505,0.670984456,0.825095057,0.489637306,0.933460076,0.616580311,0.882129278,0.590673575,0.825095057,0.450777202,0.935361217,0.438692098,0.873417722,0.280653951,0.95972382,0.36239782,0.883774453,0.408719346,0.873417722,0.217983651,0.948216341
506,0.669333333,0.834264432,0.501333333,0.921787709,0.602666667,0.849162011,0.594666667,0.834264432,0.416,0.931098696,0.441260745,0.903043968,0.272206304,0.966178129,0.338108883,0.919954904,0.415472779,0.903043968,0.266475645,0.958286359
507,0.695,0.837890625,0.5275,0.935546875,0.61,0.86328125,0.63,0.837890625,0.425,0.947265625,0.405479452,0.898966705,0.301369863,0.975889782,0.323287671,0.905855339,0.389041096,0.898966705,0.232876712,0.965556831
508,0.655440415,0.838403042,0.492227979,0.923954373,0.585492228,0.865019011,0.585492228,0.838403042,0.406735751,0.939163498,0.422459893,0.886310905,0.229946524,0.952436195,0.328877005,0.900232019,0.409090909,0.886310905,0.219251337,0.954756381
509,0.684079602,0.837254902,0.504975124,0.929411765,0.589552239,0.864705882,0.604477612,0.837254902,0.440298507,0.937254902,0.470948012,0.874587459,0.287461774,0.97469747,0.379204893,0.887788779,0.44648318,0.874587459,0.266055046,0.96039604
510,0.669354839,0.814814815,0.435483871,0.922222222,0.572580645,0.859259259,0.594086022,0.814814815,0.379032258,0.935185185,0.429824561,0.87360179,0.260233918,0.960850112,0.339181287,0.898210291,0.397660819,0.87360179,0.242690058,0.958612975
511,0.667560322,0.834879406,0.530831099,0.93135436,0.571045576,0.875695733,0.595174263,0.834879406,0.428954424,0.944341373,0.43956044,0.866972477,0.244505495,0.951834862,0.357142857,0.891055046,0.428571429,0.866972477,0.21978022,0.935779817
512,0.641975309,0.852071006,0.49382716,0.936883629,0.567901235,0.873767258,0.560493827,0.852071006,0.439506173,0.944773176,0.410179641,0.871396896,0.248502994,0.963414634,0.344311377,0.884700665,0.401197605,0.871396896,0.215568862,0.965631929
513,0.698734177,0.852998066,0.496202532,0.934235977,0.605063291,0.858800774,0.617721519,0.852998066,0.453164557,0.936170213,0.389684814,0.863585118,0.240687679,0.94475761,0.349570201,0.878241263,0.378223496,0.863585118,0.223495702,0.927846674
514,0.637254902,0.85515873,0.470588235,0.944444444,0.590686275,0.900793651,0.578431373,0.85515873,0.399509804,0.96031746,0.443804035,0.871766029,0.285302594,0.964004499,0.354466859,0.885264342,0.426512968,0.871766029,0.239193084,0.952755906
515,0.665796345,0.846880907,0.490861619,0.937618147,0.577023499,0.86389414,0.577023499,0.846880907,0.433420366,0.926275992,0.428571429,0.876819709,0.244897959,0.967525196,0.341107872,0.889137738,0.408163265,0.876819709,0.241982507,0.964165733
516,0.674185464,0.844054581,0.498746867,0.927875244,0.571428571,0.8791423,0.611528822,0.844054581,0.368421053,0.937621832,0.417127072,0.861556064,0.287292818,0.963386728,0.306629834,0.893592677,0.397790055,0.861556064,0.232044199,0.949656751
517,0.696428571,0.828846154,0.512755102,0.934615385,0.56377551,0.873076923,0.591836735,0.828846154,0.443877551,0.940384615,0.449438202,0.865909091,0.269662921,0.972727273,0.382022472,0.886363636,0.435393258,0.865909091,0.247191011,0.957954545
518,0.690666667,0.851024209,0.482666667,0.919925512,0.605333333,0.843575419,0.626666667,0.851024209,0.410666667,0.932960894,0.378151261,0.87258248,0.235294118,0.967007964,0.322128852,0.875995449,0.361344538,0.87258248,0.215686275,0.959044369
519,0.668493151,0.833638026,0.509589041,0.932358318,0.57260274,0.857404022,0.57260274,0.833638026,0.435616438,0.934186472,0.412256267,0.881413911,0.239554318,0.962371722,0.339832869,0.896237172,0.395543175,0.881413911,0.233983287,0.950969213
520,0.688118812,0.830708661,0.49009901,0.913385827,0.586633663,0.858267717,0.611386139,0.830708661,0.445544554,0.93503937,0.478873239,0.875141884,0.304225352,0.961407491,0.397183099,0.88876277,0.467605634,0.875141884,0.256338028,0.953461975
521,0.670184697,0.825515947,0.493403694,0.92120075,0.575197889,0.842401501,0.593667546,0.825515947,0.408970976,0.917448405,0.456043956,0.884174312,0.277472527,0.96559633,0.406593407,0.902522936,0.43956044,0.884174312,0.228021978,0.955275229
522,0.645728643,0.811284047,0.459798995,0.929961089,0.572864322,0.854085603,0.560301508,0.811284047,0.399497487,0.929961089,0.463022508,0.898378378,0.260450161,0.975135135,0.389067524,0.913513514,0.450160772,0.898378378,0.263665595,0.965405405
523,0.639118457,0.837887067,0.443526171,0.932604736,0.575757576,0.876138434,0.573002755,0.837887067,0.391184573,0.952641166,0.38700565,0.870748299,0.211864407,0.962585034,0.316384181,0.887755102,0.36440678,0.870748299,0.206214689,0.958049887
524,0.693069307,0.838582677,0.512376238,0.921259843,0.608910891,0.850393701,0.626237624,0.838582677,0.425742574,0.946850394,0.420731707,0.884361233,0.25,0.970264317,0.359756098,0.908590308,0.411585366,0.884361233,0.243902439,0.962555066
525,0.657568238,0.842829077,0.511166253,0.931237721,0.59057072,0.844793713,0.58808933,0.842829077,0.434243176,0.941060904,0.436507937,0.870629371,0.28042328,0.968531469,0.373015873,0.877622378,0.415343915,0.870629371,0.261904762,0.954545455
526,0.673521851,0.835564054,0.503856041,0.917782027,0.606683805,0.856596558,0.627249357,0.835564054,0.452442159,0.936902486,0.399433428,0.88788222,0.252124646,0.970554926,0.348441926,0.901472254,0.385269122,0.88788222,0.235127479,0.959229898
527,0.648854962,0.832369942,0.48346056,0.936416185,0.582697201,0.867052023,0.567430025,0.832369942,0.452926209,0.944123314,0.393258427,0.903409091,0.247191011,0.975,0.325842697,0.922727273,0.379213483,0.903409091,0.230337079,0.965909091
528,0.651041667,0.852272727,0.463541667,0.948863636,0.588541667,0.892045455,0.5859375,0.852272727,0.4296875,0.960227273,0.415730337,0.895454545,0.247191011,0.973863636,0.303370787,0.898863636,0.404494382,0.895454545,0.213483146,0.961363636
529,0.688836105,0.82892057,0.505938242,0.942973523,0.572446556,0.855397149,0.593824228,0.82892057,0.441805226,0.949083503,0.427374302,0.876993166,0.259776536,0.965831435,0.349162011,0.89977221,0.421787709,0.876993166,0.229050279,0.963553531
530,0.664921466,0.866037736,0.507853403,0.949056604,0.583769634,0.890566038,0.57591623,0.866037736,0.431937173,0.947169811,0.480446927,0.884965831,0.310055866,0.964692483,0.391061453,0.892938497,0.460893855,0.884965831,0.273743017,0.952164009
531,0.696569921,0.82739212,0.527704485,0.936210131,0.633245383,0.861163227,0.635883905,0.82739212,0.472295515,0.945590994,0.414556962,0.898913043,0.253164557,0.976086957,0.310126582,0.909782609,0.411392405,0.898913043,0.256329114,0.970652174
532,0.715053763,0.811111111,0.537634409,0.903703704,0.586021505,0.842592593,0.629032258,0.811111111,0.459677419,0.927777778,0.430939227,0.889016018,0.259668508,0.967963387,0.386740331,0.902745995,0.417127072,0.889016018,0.262430939,0.95423341
533,0.689922481,0.803809524,0.483204134,0.908571429,0.61498708,0.845714286,0.635658915,0.803809524,0.42377261,0.918095238,0.447154472,0.867358708,0.249322493,0.960784314,0.357723577,0.904267589,0.430894309,0.867358708,0.238482385,0.949250288
534,0.655860349,0.831702544,0.476309227,0.923679061,0.573566085,0.864970646,0.586034913,0.831702544,0.406483791,0.947162427,0.460227273,0.866515837,0.275568182,0.966063348,0.34375,0.869909502,0.4375,0.866515837,0.255681818,0.955882353
535,0.65535248,0.805293006,0.467362924,0.90926276,0.516971279,0.826086957,0.563968668,0.805293006,0.404699739,0.922495274,0.425770308,0.875995449,0.288515406,0.965870307,0.316526611,0.898748578,0.417366947,0.875995449,0.232492997,0.953356086
536,0.64764268,0.809430255,0.47146402,0.921414538,0.526054591,0.84675835,0.573200993,0.809430255,0.397022333,0.941060904,0.430594901,0.890147225,0.269121813,0.962627407,0.371104816,0.900339751,0.416430595,0.890147225,0.23796034,0.942242356
537,0.644836272,0.852427184,0.465994962,0.92815534,0.571788413,0.877669903,0.574307305,0.852427184,0.390428212,0.953398058,0.43943662,0.879682179,0.245070423,0.960272418,0.366197183,0.886492622,0.422535211,0.879682179,0.242253521,0.956867196
538,0.650124069,0.836935167,0.481389578,0.919449902,0.558312655,0.874263261,0.568238213,0.836935167,0.401985112,0.925343811,0.459701493,0.887902331,0.244776119,0.975582686,0.367164179,0.901220866,0.453731343,0.887902331,0.232835821,0.966703663
539,0.668316832,0.836614173,0.5,0.921259843,0.608910891,0.852362205,0.566831683,0.836614173,0.467821782,0.937007874,0.412868633,0.888760139,0.241286863,0.97566628,0.329758713,0.90382387,0.388739946,0.888760139,0.233243968,0.969872538
540,0.673417722,0.814313346,0.486075949,0.911025145,0.612658228,0.849129594,0.602531646,0.814313346,0.432911392,0.918762089,0.373134328,0.905660377,0.250746269,0.966703663,0.337313433,0.903440622,0.36119403,0.905660377,0.217910448,0.95227525
541,0.692105263,0.864661654,0.497368421,0.95112782,0.613157895,0.87593985,0.607894737,0.864661654,0.434210526,0.953007519,0.404011461,0.877113867,0.23782235,0.963923337,0.335243553,0.892897407,0.389684814,0.877113867,0.223495702,0.959413754
542,0.669154229,0.845098039,0.529850746,0.943137255,0.562189055,0.874509804,0.572139303,0.845098039,0.472636816,0.950980392,0.389189189,0.884526559,0.232432432,0.964203233,0.324324324,0.905311778,0.356756757,0.884526559,0.251351351,0.96073903
543,0.689054726,0.831372549,0.504975124,0.933333333,0.592039801,0.866666667,0.60199005,0.831372549,0.445273632,0.952941176,0.443786982,0.884187082,0.25443787,0.959910913,0.355029586,0.898663697,0.431952663,0.884187082,0.227810651,0.93986637
544,0.686602871,0.844129555,0.507177033,0.949392713,0.564593301,0.868421053,0.588516746,0.844129555,0.447368421,0.947368421,0.478632479,0.901694915,0.282051282,0.974011299,0.373219373,0.923163842,0.464387464,0.901694915,0.264957265,0.968361582
545,0.632275132,0.827715356,0.423280423,0.93071161,0.584656085,0.865168539,0.574074074,0.827715356,0.388888889,0.934456929,0.378947368,0.890186916,0.226315789,0.966121495,0.310526316,0.90771028,0.371052632,0.890186916,0.210526316,0.948598131
546,0.665809769,0.810707457,0.511568123,0.929254302,0.596401028,0.848948375,0.604113111,0.810707457,0.46529563,0.93499044,0.373529412,0.889508929,0.220588235,0.965401786,0.305882353,0.910714286,0.358823529,0.889508929,0.202941176,0.9609375
547,0.675949367,0.852998066,0.524050633,0.930367505,0.597468354,0.872340426,0.574683544,0.852998066,0.460759494,0.941972921,0.418994413,0.871298405,0.259776536,0.972665148,0.351955307,0.895216401,0.405027933,0.871298405,0.237430168,0.962414579
548,0.695767196,0.867041199,0.518518519,0.951310861,0.603174603,0.911985019,0.637566138,0.867041199,0.447089947,0.958801498,0.441595442,0.879096045,0.250712251,0.968361582,0.378917379,0.880225989,0.413105413,0.879096045,0.239316239,0.948022599
549,0.661616162,0.829457364,0.446969697,0.94379845,0.553030303,0.856589147,0.608585859,0.829457364,0.383838384,0.934108527,0.423398329,0.875712657,0.256267409,0.962371722,0.3454039,0.881413911,0.401114206,0.875712657,0.228412256,0.96009122
550,0.680412371,0.84351145,0.448453608,0.944656489,0.572164948,0.885496183,0.600515464,0.84351145,0.430412371,0.946564885,0.472826087,0.899769585,0.288043478,0.980414747,0.383152174,0.908986175,0.456521739,0.899769585,0.239130435,0.980414747
551,0.682539683,0.831460674,0.515873016,0.941947566,0.621693122,0.870786517,0.616402116,0.831460674,0.436507937,0.947565543,0.409883721,0.867713004,0.226744186,0.965246637,0.331395349,0.884529148,0.401162791,0.867713004,0.215116279,0.948430493
552,0.618811881,0.856299213,0.462871287,0.937007874,0.544554455,0.864173228,0.54950495,0.856299213,0.388613861,0.948818898,0.460365854,0.885462555,0.262195122,0.970264317,0.362804878,0.905286344,0.445121951,0.885462555,0.243902439,0.960352423
553,0.658469945,0.846153846,0.486338798,0.934065934,0.56284153,0.871794872,0.546448087,0.846153846,0.43989071,0.924908425,0.437308869,0.895489549,0.281345566,0.97249725,0.342507645,0.908690869,0.415902141,0.895489549,0.25382263,0.96919692
554,0.650793651,0.842696629,0.46031746,0.93258427,0.574074074,0.859550562,0.592592593,0.842696629,0.407407407,0.936329588,0.421203438,0.892897407,0.243553009,0.969560316,0.335243553,0.907553551,0.41260745,0.892897407,0.23495702,0.948139797
555,0.677333333,0.811918063,0.461333333,0.921787709,0.552,0.851024209,0.597333333,0.811918063,0.416,0.942271881,0.422651934,0.875286041,0.26519337,0.962242563,0.339779006,0.885583524,0.408839779,0.875286041,0.232044199,0.961098398
556,0.672727273,0.848197343,0.503896104,0.954459203,0.54025974,0.872865275,0.579220779,0.848197343,0.433766234,0.963946869,0.414168937,0.878020713,0.245231608,0.968929804,0.31880109,0.896432681,0.408719346,0.878020713,0.231607629,0.962025316
557,0.700507614,0.822393822,0.525380711,0.918918919,0.616751269,0.861003861,0.626903553,0.822393822,0.454314721,0.926640927,0.452247191,0.898863636,0.264044944,0.976136364,0.370786517,0.9125,0.438202247,0.898863636,0.258426966,0.9625
558,0.68974359,0.825670498,0.51025641,0.932950192,0.620512821,0.863984674,0.623076923,0.825670498,0.415384615,0.942528736,0.423728814,0.871882086,0.271186441,0.962585034,0.333333333,0.896825397,0.412429379,0.871882086,0.225988701,0.958049887
559,0.659517426,0.857142857,0.479892761,0.940630798,0.568364611,0.875695733,0.603217158,0.857142857,0.410187668,0.940630798,0.408284024,0.888641425,0.25443787,0.966592428,0.322485207,0.905345212,0.384615385,0.888641425,0.227810651,0.964365256
560,0.709497207,0.850180505,0.525139665,0.933212996,0.645251397,0.855595668,0.608938547,0.850180505,0.44972067,0.949458484,0.416886544,0.875145858,0.274406332,0.952158693,0.311345646,0.898483081,0.398416887,0.875145858,0.245382586,0.94865811
561,0.656410256,0.808429119,0.51025641,0.923371648,0.558974359,0.85440613,0.574358974,0.808429119,0.492307692,0.940613027,0.442359249,0.888760139,0.273458445,0.969872538,0.351206434,0.908458864,0.431635389,0.888760139,0.262734584,0.965237543
562,0.661417323,0.858757062,0.503937008,0.93220339,0.569553806,0.871939736,0.585301837,0.858757062,0.406824147,0.93220339,0.441734417,0.897347174,0.254742547,0.976931949,0.363143631,0.912341407,0.425474255,0.897347174,0.241192412,0.967704729
563,0.640506329,0.794970986,0.470886076,0.903288201,0.569620253,0.827852998,0.572151899,0.794970986,0.417721519,0.926499033,0.485714286,0.88261851,0.305714286,0.953724605,0.391428571,0.899548533,0.471428571,0.88261851,0.254285714,0.94469526
564,0.694444444,0.843023256,0.477272727,0.932170543,0.555555556,0.856589147,0.628787879,0.843023256,0.391414141,0.934108527,0.427745665,0.883146067,0.251445087,0.970786517,0.332369942,0.891011236,0.416184971,0.883146067,0.222543353,0.958426966
565,0.666666667,0.834331337,0.515815085,0.934131737,0.566909976,0.856287425,0.583941606,0.834331337,0.413625304,0.9500998,0.439655172,0.876126126,0.238505747,0.961711712,0.376436782,0.89527027,0.416666667,0.876126126,0.227011494,0.947072072
566,0.657289003,0.813819578,0.475703325,0.919385797,0.598465473,0.854126679,0.595907928,0.813819578,0.393861893,0.934740883,0.435045317,0.88839779,0.287009063,0.970165746,0.326283988,0.896132597,0.422960725,0.88839779,0.241691843,0.95801105
567,0.654639175,0.854961832,0.479381443,0.93129771,0.592783505,0.84351145,0.572164948,0.854961832,0.409793814,0.937022901,0.402739726,0.876004592,0.246575342,0.965556831,0.326027397,0.898966705,0.383561644,0.876004592,0.235616438,0.957520092
568,0.656641604,0.822612086,0.45112782,0.912280702,0.563909774,0.863547758,0.571428571,0.822612086,0.395989975,0.945419103,0.431192661,0.875687569,0.262996942,0.97029703,0.376146789,0.886688669,0.412844037,0.875687569,0.266055046,0.96259626
569,0.650385604,0.871892925,0.491002571,0.950286807,0.57840617,0.89292543,0.568123393,0.871892925,0.416452442,0.961759082,0.438395415,0.885005637,0.260744986,0.961668546,0.358166189,0.89740699,0.415472779,0.885005637,0.223495702,0.961668546
570,0.649867374,0.801869159,0.50132626,0.921495327,0.596816976,0.844859813,0.572944297,0.801869159,0.421750663,0.93271028,0.413513514,0.898383372,0.251351351,0.979214781,0.327027027,0.913394919,0.383783784,0.898383372,0.240540541,0.965357968
571,0.651741294,0.833333333,0.455223881,0.931372549,0.582089552,0.876470588,0.567164179,0.833333333,0.400497512,0.945098039,0.432276657,0.886389201,0.279538905,0.971878515,0.357348703,0.894263217,0.397694524,0.886389201,0.244956772,0.960629921
572,0.675742574,0.852362205,0.48019802,0.938976378,0.581683168,0.866141732,0.591584158,0.852362205,0.467821782,0.950787402,0.431266846,0.898265896,0.269541779,0.978034682,0.350404313,0.914450867,0.401617251,0.898265896,0.261455526,0.965317919
573,0.658031088,0.857414449,0.466321244,0.941064639,0.616580311,0.882129278,0.601036269,0.857414449,0.396373057,0.952471483,0.405479452,0.890929966,0.257534247,0.959816303,0.350684932,0.902411022,0.38630137,0.890929966,0.224657534,0.952927669
574,0.639593909,0.808880309,0.439086294,0.932432432,0.560913706,0.861003861,0.57106599,0.808880309,0.395939086,0.944015444,0.480099502,0.870503597,0.303482587,0.976019185,0.393034826,0.887290168,0.462686567,0.870503597,0.273631841,0.967625899
575,0.650793651,0.825842697,0.470899471,0.936329588,0.584656085,0.857677903,0.579365079,0.825842697,0.44973545,0.940074906,0.395543175,0.884834664,0.197771588,0.966932725,0.339832869,0.900798176,0.389972145,0.884834664,0.228412256,0.958950969
576,0.673316708,0.821917808,0.503740648,0.937377691,0.57605985,0.863013699,0.603491272,0.821917808,0.44638404,0.947162427,0.39039039,0.875968992,0.237237237,0.965669989,0.345345345,0.873754153,0.387387387,0.875968992,0.237237237,0.947951274
577,0.646153846,0.846743295,0.494871795,0.950191571,0.569230769,0.869731801,0.566666667,0.846743295,0.425641026,0.942528736,0.445054945,0.892201835,0.25,0.973623853,0.365384615,0.904816514,0.425824176,0.892201835,0.260989011,0.959862385
578,0.646753247,0.821631879,0.464935065,0.927893738,0.52987013,0.857685009,0.568831169,0.821631879,0.4,0.944971537,0.40599455,0.883774453,0.209809264,0.966628308,0.343324251,0.891829689,0.392370572,0.883774453,0.231607629,0.960874568
579,0.685,0.83203125,0.53,0.93359375,0.5875,0.873046875,0.605,0.83203125,0.465,0.939453125,0.44047619,0.878888889,0.255952381,0.973333333,0.330357143,0.892222222,0.419642857,0.878888889,0.255952381,0.968888889
580,0.653645833,0.831439394,0.4609375,0.909090909,0.59375,0.871212121,0.583333333,0.831439394,0.403645833,0.933712121,0.464,0.869918699,0.269333333,0.962833914,0.392,0.887340302,0.456,0.869918699,0.24,0.958188153
581,0.642156863,0.831349206,0.477941176,0.928571429,0.56372549,0.863095238,0.56372549,0.831349206,0.426470588,0.944444444,0.408108108,0.899538106,0.254054054,0.973441109,0.335135135,0.914549654,0.397297297,0.899538106,0.221621622,0.968822171
582,0.639175258,0.832061069,0.458762887,0.929389313,0.56443299,0.864503817,0.572164948,0.832061069,0.402061856,0.942748092,0.418128655,0.900447427,0.260233918,0.972035794,0.31871345,0.909395973,0.391812865,0.900447427,0.242690058,0.965324385
583,0.698412698,0.810861423,0.513227513,0.921348315,0.624338624,0.838951311,0.632275132,0.810861423,0.425925926,0.926966292,0.449315068,0.88978186,0.257534247,0.974741676,0.361643836,0.897818599,0.432876712,0.88978186,0.232876712,0.967853042
584,0.652849741,0.836501901,0.492227979,0.910646388,0.57253886,0.847908745,0.57253886,0.836501901,0.409326425,0.927756654,0.389880952,0.877777778,0.214285714,0.971111111,0.321428571,0.892222222,0.375,0.877777778,0.226190476,0.957777778
585,0.658354115,0.84148728,0.476309227,0.927592955,0.551122195,0.853228963,0.571072319,0.84148728,0.3840399,0.923679061,0.427325581,0.873318386,0.252906977,0.970852018,0.36627907,0.884529148,0.412790698,0.873318386,0.244186047,0.94955157
586,0.66835443,0.837524178,0.453164557,0.922630561,0.539240506,0.878143133,0.589873418,0.837524178,0.415189873,0.934235977,0.398351648,0.866972477,0.263736264,0.961009174,0.313186813,0.870412844,0.379120879,0.866972477,0.21978022,0.950688073
587,0.631067961,0.81,0.453883495,0.928,0.555825243,0.864,0.587378641,0.81,0.366504854,0.946,0.44,0.887133183,0.251428571,0.969525959,0.368571429,0.902934537,0.42,0.887133183,0.24,0.957110609
588,0.716883117,0.833017078,0.52987013,0.94686907,0.633766234,0.867172676,0.644155844,0.833017078,0.475324675,0.950664137,0.470430108,0.881944444,0.287634409,0.96875,0.35483871,0.888888889,0.448924731,0.881944444,0.244623656,0.967592593
589,0.651515152,0.86627907,0.482323232,0.934108527,0.578282828,0.872093023,0.601010101,0.86627907,0.424242424,0.939922481,0.435443038,0.88941736,0.270886076,0.969084423,0.367088608,0.891795482,0.407594937,0.88941736,0.24556962,0.959571938
590,0.719346049,0.811009174,0.51226158,0.92293578,0.634877384,0.836697248,0.662125341,0.811009174,0.463215259,0.930275229,0.411764706,0.868031854,0.229691877,0.95221843,0.305322129,0.886234357,0.406162465,0.868031854,0.212885154,0.951080774
591,0.655696203,0.845261122,0.465822785,0.938104449,0.55443038,0.852998066,0.556962025,0.845261122,0.417721519,0.938104449,0.421917808,0.882893226,0.282191781,0.96326062,0.37260274,0.901262916,0.405479452,0.882893226,0.246575342,0.959816303
592,0.693150685,0.850091408,0.504109589,0.91773309,0.589041096,0.875685558,0.608219178,0.850091408,0.460273973,0.934186472,0.448648649,0.893764434,0.275675676,0.968822171,0.402702703,0.908775982,0.432432432,0.893764434,0.240540541,0.959584296
593,0.68503937,0.830508475,0.50656168,0.947269303,0.62992126,0.860640301,0.608923885,0.830508475,0.448818898,0.958568738,0.470769231,0.8935236,0.298461538,0.974753019,0.415384615,0.915477497,0.449230769,0.8935236,0.295384615,0.962678375
594,0.678132678,0.815841584,0.511056511,0.908910891,0.611793612,0.827722772,0.5995086,0.815841584,0.437346437,0.936633663,0.412429379,0.905895692,0.265536723,0.969387755,0.358757062,0.904761905,0.392655367,0.905895692,0.251412429,0.96031746
595,0.706806283,0.818867925,0.510471204,0.916981132,0.617801047,0.862264151,0.628272251,0.818867925,0.447643979,0.928301887,0.417159763,0.876391982,0.25739645,0.961024499,0.352071006,0.898663697,0.402366864,0.876391982,0.25147929,0.94766147
596,0.680107527,0.811111111,0.494623656,0.924074074,0.615591398,0.851851852,0.61827957,0.811111111,0.427419355,0.944444444,0.387283237,0.873033708,0.25433526,0.953932584,0.317919075,0.886516854,0.375722543,0.873033708,0.219653179,0.951685393
597,0.654545455,0.855787476,0.496103896,0.944971537,0.579220779,0.872865275,0.58961039,0.855787476,0.436363636,0.943074004,0.403846154,0.86353211,0.271978022,0.956422018,0.321428571,0.873853211,0.384615385,0.86353211,0.225274725,0.946100917
598,0.680738786,0.803001876,0.493403694,0.919324578,0.572559367,0.859287054,0.604221636,0.803001876,0.448548813,0.934333959,0.478395062,0.878289474,0.308641975,0.964912281,0.37962963,0.88377193,0.462962963,0.878289474,0.280864198,0.952850877
599,0.68286445,0.83109405,0.506393862,0.919385797,0.598465473,0.836852207,0.611253197,0.83109405,0.447570332,0.932821497,0.432506887,0.875143184,0.272727273,0.972508591,0.360881543,0.884306987,0.404958678,0.875143184,0.242424242,0.964490263
600,0.665809769,0.810707457,0.501285347,0.917782027,0.583547558,0.848948375,0.588688946,0.810707457,0.46529563,0.933078394,0.450666667,0.897793264,0.242666667,0.975609756,0.354666667,0.912891986,0.416,0.897793264,0.234666667,0.955865273
601,0.646778043,0.825557809,0.443914081,0.926977688,0.565632458,0.85801217,0.570405728,0.825557809,0.400954654,0.937119675,0.421917808,0.897818599,0.246575342,0.970149254,0.361643836,0.909299656,0.416438356,0.897818599,0.21369863,0.954075775
602,0.664251208,0.815261044,0.471014493,0.907630522,0.56763285,0.851405622,0.618357488,0.815261044,0.393719807,0.919678715,0.429708223,0.902211874,0.233421751,0.972060536,0.352785146,0.911525029,0.421750663,0.902211874,0.188328912,0.962747381
603,0.630379747,0.837524178,0.460759494,0.918762089,0.597468354,0.87040619,0.582278481,0.837524178,0.432911392,0.934235977,0.433234421,0.860956618,0.272997033,0.965517241,0.353115727,0.880978865,0.40652819,0.860956618,0.24925816,0.955506118
604,0.701492537,0.850980392,0.512437811,0.92745098,0.60199005,0.876470588,0.599502488,0.850980392,0.447761194,0.937254902,0.398255814,0.887892377,0.264534884,0.971973094,0.308139535,0.906950673,0.372093023,0.887892377,0.218023256,0.974215247
605,0.665809769,0.845124283,0.519280206,0.946462715,0.580976864,0.889101338,0.611825193,0.845124283,0.442159383,0.942638623,0.401709402,0.875706215,0.233618234,0.967231638,0.333333333,0.898305085,0.384615385,0.875706215,0.222222222,0.957062147
606,0.682666667,0.808193669,0.474666667,0.912476723,0.602666667,0.847299814,0.602666667,0.808193669,0.434666667,0.932960894,0.372492837,0.886133033,0.229226361,0.962795941,0.312320917,0.900789177,0.366762178,0.886133033,0.189111748,0.958286359
607,0.709090909,0.85199241,0.527272727,0.935483871,0.581818182,0.878557875,0.615584416,0.85199241,0.483116883,0.943074004,0.448377581,0.881828317,0.274336283,0.967670011,0.359882006,0.89632107,0.433628319,0.881828317,0.241887906,0.965440357
608,0.6484375,0.875,0.46875,0.948863636,0.575520833,0.897727273,0.580729167,0.875,0.427083333,0.9375,0.440677966,0.886621315,0.276836158,0.967120181,0.389830508,0.900226757,0.403954802,0.886621315,0.262711864,0.959183673
609,0.678481013,0.839458414,0.496202532,0.936170213,0.592405063,0.866537718,0.615189873,0.839458414,0.420253165,0.936170213,0.402402402,0.874861573,0.237237237,0.975636766,0.372372372,0.890365449,0.393393393,0.874861573,0.225225225,0.966777409
610,0.691542289,0.82745098,0.512437811,0.921568627,0.594527363,0.862745098,0.611940299,0.82745098,0.440298507,0.935294118,0.401055409,0.903150525,0.232189974,0.967327888,0.327176781,0.925320887,0.390501319,0.903150525,0.192612137,0.966161027
611,0.683950617,0.830374753,0.49382716,0.921104536,0.548148148,0.861932939,0.577777778,0.830374753,0.417283951,0.927021696,0.460674157,0.872727273,0.280898876,0.963636364,0.398876404,0.896590909,0.452247191,0.872727273,0.266853933,0.947727273
612,0.655,0.8515625,0.46,0.927734375,0.58,0.873046875,0.6025,0.8515625,0.42,0.9375,0.430167598,0.871298405,0.268156425,0.962414579,0.377094972,0.883826879,0.416201117,0.871298405,0.251396648,0.955580866
613,0.620603015,0.86770428,0.43718593,0.937743191,0.545226131,0.892996109,0.56281407,0.86770428,0.386934673,0.939688716,0.466666667,0.876379691,0.284848485,0.959161148,0.378787879,0.890728477,0.460606061,0.876379691,0.263636364,0.954746137
614,0.682619647,0.867961165,0.498740554,0.937864078,0.576826196,0.889320388,0.607052897,0.867961165,0.435768262,0.94368932,0.418079096,0.876417234,0.259887006,0.9569161,0.336158192,0.886621315,0.378531073,0.876417234,0.262711864,0.948979592
615,0.689839572,0.828996283,0.478609626,0.946096654,0.580213904,0.853159851,0.604278075,0.828996283,0.43315508,0.951672862,0.451895044,0.87793953,0.262390671,0.954087346,0.370262391,0.894736842,0.440233236,0.87793953,0.239067055,0.952967525
616,0.662198391,0.833024119,0.466487936,0.925788497,0.568364611,0.844155844,0.581769437,0.833024119,0.402144772,0.935064935,0.439226519,0.875286041,0.267955801,0.969107551,0.361878453,0.891304348,0.425414365,0.875286041,0.240331492,0.962242563
617,0.662337662,0.850094877,0.490909091,0.939278937,0.568831169,0.861480076,0.579220779,0.850094877,0.425974026,0.939278937,0.395833333,0.882222222,0.276785714,0.965555556,0.37202381,0.911111111,0.37797619,0.882222222,0.226190476,0.956666667
618,0.664974619,0.833976834,0.492385787,0.94015444,0.565989848,0.835907336,0.609137056,0.833976834,0.418781726,0.930501931,0.422459893,0.879350348,0.235294118,0.959396752,0.312834225,0.899071926,0.403743316,0.879350348,0.203208556,0.940835267
619,0.682539683,0.852059925,0.507936508,0.926966292,0.600529101,0.880149813,0.603174603,0.852059925,0.428571429,0.941947566,0.41971831,0.880817253,0.228169014,0.960272418,0.343661972,0.89784336,0.402816901,0.880817253,0.21971831,0.945516459
620,0.693717277,0.845283019,0.518324607,0.930188679,0.612565445,0.862264151,0.602094241,0.845283019,0.45026178,0.943396226,0.414634146,0.868942731,0.222560976,0.959251101,0.344512195,0.897577093,0.405487805,0.868942731,0.192073171,0.962555066
621,0.646153846,0.833333333,0.446153846,0.915708812,0.579487179,0.837164751,0.579487179,0.833333333,0.405128205,0.925287356,0.463068182,0.889140271,0.295454545,0.968325792,0.357954545,0.899321267,0.4375,0.889140271,0.241477273,0.959276018
622,0.660167131,0.811934901,0.47632312,0.911392405,0.584958217,0.846292948,0.587743733,0.811934901,0.412256267,0.934900542,0.428571429,0.879232506,0.242857143,0.969525959,0.328571429,0.89503386,0.405714286,0.879232506,0.245714286,0.963882619
623,0.687338501,0.826666667,0.457364341,0.933333333,0.571059432,0.853333333,0.586563307,0.826666667,0.400516796,0.944761905,0.457534247,0.894374282,0.257534247,0.980482204,0.350684932,0.915040184,0.454794521,0.894374282,0.243835616,0.967853042
624,0.652542373,0.813620072,0.451977401,0.915770609,0.56779661,0.85483871,0.59039548,0.813620072,0.395480226,0.919354839,0.417366947,0.889647327,0.246498599,0.96814562,0.347338936,0.901023891,0.408963585,0.889647327,0.215686275,0.956769056
625,0.660421546,0.841237113,0.456674473,0.919587629,0.566744731,0.868041237,0.580796253,0.841237113,0.386416862,0.936082474,0.431034483,0.865990991,0.25862069,0.962837838,0.344827586,0.885135135,0.41954023,0.865990991,0.224137931,0.953828829
626,0.648199446,0.802177858,0.479224377,0.920145191,0.590027701,0.829401089,0.578947368,0.802177858,0.376731302,0.929219601,0.448087432,0.877011494,0.281420765,0.964367816,0.387978142,0.883908046,0.431693989,0.877011494,0.25136612,0.954022989
627,0.688829787,0.819029851,0.526595745,0.917910448,0.60106383,0.865671642,0.609042553,0.819029851,0.457446809,0.929104478,0.442528736,0.878378378,0.287356322,0.966216216,0.379310345,0.899774775,0.42816092,0.878378378,0.25862069,0.963963964
628,0.717121588,0.829076621,0.481389578,0.917485265,0.610421836,0.844793713,0.64516129,0.829076621,0.41439206,0.919449902,0.426997245,0.87628866,0.280991736,0.966781214,0.374655647,0.89117984,0.41046832,0.87628866,0.245179063,0.95303551
629,0.656976744,0.846830986,0.497093023,0.924295775,0.575581395,0.86971831,0.595930233,0.846830986,0.406976744,0.933098592,0.442136499,0.888765295,0.240356083,0.966629588,0.379821958,0.904338154,0.430267062,0.888765295,0.258160237,0.959955506
630,0.657596372,0.825902335,0.471655329,0.93418259,0.575963719,0.857749469,0.587301587,0.825902335,0.390022676,0.951167728,0.457386364,0.909502262,0.25,0.972850679,0.34375,0.917420814,0.440340909,0.909502262,0.224431818,0.96040724
631,0.685279188,0.818532819,0.527918782,0.907335907,0.606598985,0.847490347,0.606598985,0.818532819,0.479695431,0.932432432,0.365122616,0.879171461,0.231607629,0.968929804,0.316076294,0.911392405,0.348773842,0.879171461,0.223433243,0.956271577
632,0.674418605,0.822857143,0.483204134,0.916190476,0.620155039,0.841904762,0.61498708,0.822857143,0.452196382,0.925714286,0.465909091,0.886877828,0.252840909,0.9739819,0.360795455,0.895927602,0.448863636,0.886877828,0.238636364,0.959276018
633,0.662303665,0.824528302,0.505235602,0.933962264,0.594240838,0.854716981,0.591623037,0.824528302,0.437172775,0.943396226,0.395480226,0.892290249,0.262711864,0.976190476,0.338983051,0.907029478,0.378531073,0.892290249,0.228813559,0.975056689
634,0.690537084,0.850287908,0.501278772,0.94049904,0.583120205,0.871401152,0.616368286,0.850287908,0.421994885,0.944337812,0.424731183,0.896990741,0.260752688,0.969907407,0.336021505,0.902777778,0.411290323,0.896990741,0.239247312,0.962962963
635,0.623409669,0.816955684,0.465648855,0.934489403,0.55216285,0.868978805,0.562340967,0.816955684,0.417302799,0.94026975,0.430985915,0.881952327,0.290140845,0.961407491,0.332394366,0.884222474,0.411267606,0.881952327,0.25915493,0.956867196
636,0.694376528,0.827037773,0.511002445,0.930417495,0.58190709,0.850894632,0.613691932,0.827037773,0.449877751,0.944333996,0.392473118,0.884259259,0.228494624,0.969907407,0.303763441,0.894675926,0.376344086,0.884259259,0.198924731,0.949074074
637,0.6725,0.83984375,0.485,0.927734375,0.5625,0.87109375,0.5925,0.83984375,0.435,0.955078125,0.424778761,0.878483835,0.274336283,0.966555184,0.356932153,0.889632107,0.410029499,0.878483835,0.265486726,0.955406912
638,0.682382134,0.827111984,0.478908189,0.94302554,0.593052109,0.856581532,0.612903226,0.827111984,0.434243176,0.931237721,0.463659148,0.887694146,0.263157895,0.970131422,0.395989975,0.906810036,0.448621554,0.887694146,0.258145363,0.964157706
639,0.690072639,0.851703407,0.510895884,0.93987976,0.629539952,0.881763527,0.629539952,0.851703407,0.435835351,0.9498998,0.446575342,0.881745121,0.295890411,0.960964409,0.38630137,0.903559127,0.42739726,0.881745121,0.254794521,0.954075775
640,0.654731458,0.825335893,0.470588235,0.923224568,0.613810742,0.863723608,0.570332481,0.825335893,0.406649616,0.936660269,0.373937677,0.870894677,0.220963173,0.961494904,0.322946176,0.891279728,0.365439093,0.870894677,0.220963173,0.95583239
641,0.660714286,0.828846154,0.482142857,0.913461538,0.553571429,0.875,0.56377551,0.828846154,0.415816327,0.944230769,0.400560224,0.886234357,0.25210084,0.978384528,0.347338936,0.905574516,0.37254902,0.886234357,0.243697479,0.976109215
642,0.697115385,0.796370968,0.516826923,0.915322581,0.567307692,0.824596774,0.610576923,0.796370968,0.420673077,0.925403226,0.447222222,0.882420091,0.288888889,0.97716895,0.344444444,0.906392694,0.427777778,0.882420091,0.277777778,0.964611872
643,0.693717277,0.809433962,0.534031414,0.930188679,0.623036649,0.864150943,0.612565445,0.809433962,0.489528796,0.947169811,0.46,0.888261851,0.26,0.966139955,0.36,0.890519187,0.448571429,0.888261851,0.22,0.959367946
644,0.684343434,0.825581395,0.482323232,0.936046512,0.590909091,0.870155039,0.611111111,0.825581395,0.398989899,0.947674419,0.450292398,0.902684564,0.283625731,0.965324385,0.377192982,0.895973154,0.429824561,0.902684564,0.269005848,0.960850112
645,0.652173913,0.819852941,0.432065217,0.920955882,0.565217391,0.84375,0.589673913,0.819852941,0.385869565,0.930147059,0.425414365,0.876430206,0.251381215,0.965675057,0.35359116,0.898169336,0.414364641,0.876430206,0.218232044,0.967963387
646,0.673854447,0.868761553,0.522911051,0.948243993,0.579514825,0.902033272,0.571428571,0.868761553,0.46361186,0.961182994,0.384393064,0.882022472,0.234104046,0.960674157,0.294797688,0.906741573,0.37283237,0.882022472,0.190751445,0.952808989
647,0.67357513,0.830798479,0.489637306,0.939163498,0.588082902,0.868821293,0.619170984,0.830798479,0.453367876,0.94486692,0.46627566,0.869273743,0.296187683,0.96424581,0.372434018,0.883798883,0.439882698,0.869273743,0.258064516,0.948603352
648,0.657701711,0.827037773,0.459657702,0.918489066,0.577017115,0.848906561,0.577017115,0.827037773,0.420537897,0.928429423,0.426829268,0.881057269,0.265243902,0.963656388,0.335365854,0.901982379,0.408536585,0.881057269,0.219512195,0.961453744
649,0.674019608,0.813492063,0.458333333,0.916666667,0.578431373,0.841269841,0.605392157,0.813492063,0.431372549,0.924603175,0.441011236,0.893181818,0.278089888,0.971590909,0.351123596,0.903409091,0.429775281,0.893181818,0.235955056,0.952272727
650,0.731707317,0.822709163,0.543902439,0.928286853,0.643902439,0.866533865,0.626829268,0.822709163,0.482926829,0.938247012,0.463215259,0.894131185,0.283378747,0.970080552,0.386920981,0.899884925,0.446866485,0.894131185,0.272479564,0.957422325
651,0.718905473,0.825490196,0.504975124,0.923529412,0.594527363,0.839215686,0.629353234,0.825490196,0.44278607,0.919607843,0.452173913,0.891133558,0.275362319,0.973063973,0.362318841,0.89674523,0.437681159,0.891133558,0.257971014,0.961840629
652,0.64213198,0.855212355,0.456852792,0.938223938,0.573604061,0.866795367,0.576142132,0.855212355,0.38071066,0.942084942,0.436260623,0.875424689,0.260623229,0.972819932,0.339943343,0.901472254,0.422096317,0.875424689,0.232294618,0.953567384
653,0.694822888,0.818348624,0.476839237,0.91559633,0.57493188,0.855045872,0.59400545,0.818348624,0.449591281,0.926605505,0.404458599,0.889370933,0.23566879,0.972885033,0.328025478,0.898047722,0.385350318,0.889370933,0.213375796,0.963123644
654,0.670103093,0.828244275,0.510309278,0.925572519,0.600515464,0.860687023,0.592783505,0.828244275,0.440721649,0.940839695,0.414364641,0.876430206,0.273480663,0.962242563,0.334254144,0.898169336,0.400552486,0.876430206,0.218232044,0.959954233
655,0.669291339,0.824858757,0.517060367,0.924670433,0.57480315,0.851224105,0.577427822,0.824858757,0.422572178,0.934086629,0.42159383,0.883116883,0.231362468,0.978748524,0.313624679,0.906729634,0.403598972,0.883116883,0.213367609,0.966942149
656,0.667493797,0.827111984,0.449131514,0.925343811,0.583126551,0.854616896,0.610421836,0.827111984,0.397022333,0.94302554,0.475675676,0.87182448,0.267567568,0.972286374,0.386486486,0.897228637,0.467567568,0.87182448,0.259459459,0.965357968
657,0.663239075,0.816443595,0.483290488,0.92543021,0.601542416,0.86042065,0.596401028,0.816443595,0.452442159,0.933078394,0.460567823,0.89445049,0.268138801,0.971708379,0.350157729,0.912948857,0.454258675,0.89445049,0.258675079,0.963003264
658,0.709359606,0.83201581,0.5,0.92687747,0.630541872,0.861660079,0.650246305,0.83201581,0.435960591,0.934782609,0.403409091,0.886877828,0.255681818,0.966063348,0.329545455,0.902714932,0.392045455,0.886877828,0.252840909,0.951357466
659,0.630922693,0.819960861,0.473815461,0.921722114,0.546134663,0.847358121,0.53117207,0.819960861,0.433915212,0.941291585,0.425219941,0.863687151,0.234604106,0.960893855,0.331378299,0.877094972,0.398826979,0.863687151,0.205278592,0.951955307
660,0.655526992,0.845124283,0.485861183,0.942638623,0.583547558,0.875717017,0.560411311,0.845124283,0.437017995,0.942638623,0.401146132,0.874859076,0.23495702,0.962795941,0.346704871,0.88951522,0.381088825,0.874859076,0.229226361,0.959413754
661,0.665853659,0.828685259,0.463414634,0.942231076,0.558536585,0.858565737,0.573170732,0.828685259,0.385365854,0.940239044,0.375,0.883802817,0.247395833,0.968309859,0.330729167,0.896713615,0.359375,0.883802817,0.213541667,0.951877934
662,0.639257294,0.85046729,0.469496021,0.927102804,0.562334218,0.865420561,0.580901857,0.85046729,0.408488064,0.934579439,0.448,0.867595819,0.253333333,0.968641115,0.349333333,0.880371661,0.432,0.867595819,0.232,0.953542393
663,0.664893617,0.830223881,0.489361702,0.927238806,0.585106383,0.869402985,0.60106383,0.830223881,0.385638298,0.942164179,0.46969697,0.874172185,0.239393939,0.96799117,0.366666667,0.889624724,0.448484848,0.874172185,0.248484848,0.961368653
664,0.648514851,0.803149606,0.475247525,0.917322835,0.574257426,0.834645669,0.579207921,0.803149606,0.423267327,0.927165354,0.400537634,0.887731481,0.239247312,0.967592593,0.314516129,0.895833333,0.392473118,0.887731481,0.209677419,0.956018519
665,0.656167979,0.826741996,0.477690289,0.913370998,0.582677165,0.849340866,0.556430446,0.826741996,0.43832021,0.93220339,0.448369565,0.876728111,0.279891304,0.975806452,0.377717391,0.883640553,0.432065217,0.876728111,0.269021739,0.952764977
666,0.671018277,0.833648393,0.514360313,0.920604915,0.597911227,0.852551985,0.590078329,0.833648393,0.462140992,0.943289225,0.468085106,0.869900772,0.270516717,0.974641676,0.367781155,0.884233738,0.458966565,0.869900772,0.243161094,0.951488423
667,0.629353234,0.841176471,0.450248756,0.931372549,0.554726368,0.852941176,0.554726368,0.841176471,0.407960199,0.941176471,0.450276243,0.877574371,0.276243094,0.961098398,0.339779006,0.889016018,0.417127072,0.877574371,0.276243094,0.956521739
668,0.704918033,0.820512821,0.519125683,0.937728938,0.587431694,0.833333333,0.603825137,0.820512821,0.483606557,0.924908425,0.498575499,0.873446328,0.290598291,0.966101695,0.424501425,0.888135593,0.484330484,0.873446328,0.284900285,0.959322034
669,0.669172932,0.861598441,0.493734336,0.933723197,0.591478697,0.875243665,0.598997494,0.861598441,0.398496241,0.93957115,0.436170213,0.893023256,0.236702128,0.980232558,0.356382979,0.908139535,0.412234043,0.893023256,0.231382979,0.963953488
670,0.666666667,0.826815642,0.48,0.919925512,0.589333333,0.865921788,0.594666667,0.826815642,0.429333333,0.927374302,0.394444444,0.888127854,0.244444444,0.96347032,0.316666667,0.901826484,0.377777778,0.888127854,0.241666667,0.960045662
671,0.668393782,0.825095057,0.443005181,0.929657795,0.564766839,0.865019011,0.601036269,0.825095057,0.393782383,0.941064639,0.465909091,0.875565611,0.298295455,0.969457014,0.397727273,0.882352941,0.451704545,0.875565611,0.284090909,0.961538462
672,0.687179487,0.837164751,0.517948718,0.9348659,0.628205128,0.850574713,0.597435897,0.837164751,0.433333333,0.950191571,0.416184971,0.860674157,0.231213873,0.969662921,0.329479769,0.893258427,0.404624277,0.860674157,0.190751445,0.961797753
673,0.667519182,0.815738964,0.503836317,0.923224568,0.562659847,0.856046065,0.557544757,0.815738964,0.429667519,0.928982726,0.428176796,0.884439359,0.29558011,0.966819222,0.345303867,0.909610984,0.41160221,0.884439359,0.243093923,0.957665904
674,0.660240964,0.828973843,0.520481928,0.913480885,0.575903614,0.877263581,0.563855422,0.828973843,0.501204819,0.941649899,0.423497268,0.9,0.259562842,0.971264368,0.357923497,0.92183908,0.401639344,0.9,0.24863388,0.956321839
675,0.692708333,0.837121212,0.5078125,0.928030303,0.609375,0.873106061,0.619791667,0.837121212,0.440104167,0.928030303,0.388059701,0.874583796,0.211940299,0.963374029,0.280597015,0.882352941,0.367164179,0.874583796,0.205970149,0.954495006
676,0.670822943,0.798434442,0.521197007,0.909980431,0.600997506,0.833659491,0.586034913,0.798434442,0.46882793,0.925636008,0.425655977,0.886898096,0.262390671,0.966405375,0.361516035,0.901455767,0.408163265,0.886898096,0.247813411,0.960806271
677,0.675900277,0.813067151,0.487534626,0.918330309,0.59833795,0.842105263,0.614958449,0.813067151,0.412742382,0.918330309,0.411764706,0.894852136,0.253869969,0.968236583,0.312693498,0.901423877,0.40247678,0.894852136,0.216718266,0.9550931
678,0.649484536,0.851145038,0.484536082,0.935114504,0.587628866,0.872137405,0.569587629,0.851145038,0.430412371,0.946564885,0.418032787,0.870114943,0.273224044,0.955172414,0.330601093,0.883908046,0.398907104,0.870114943,0.234972678,0.945977011
679,0.668493151,0.829981718,0.501369863,0.930530165,0.57260274,0.857404022,0.580821918,0.829981718,0.432876712,0.939670932,0.39516129,0.871527778,0.247311828,0.957175926,0.352150538,0.895833333,0.379032258,0.871527778,0.215053763,0.950231481
680,0.672823219,0.831144465,0.498680739,0.917448405,0.559366755,0.87054409,0.598944591,0.831144465,0.403693931,0.928705441,0.478142077,0.88045977,0.281420765,0.964367816,0.398907104,0.893103448,0.459016393,0.88045977,0.273224044,0.952873563
681,0.677749361,0.815738964,0.529411765,0.911708253,0.608695652,0.861804223,0.603580563,0.815738964,0.450127877,0.930902111,0.437308869,0.888888889,0.275229358,0.96259626,0.357798165,0.906490649,0.418960245,0.888888889,0.241590214,0.949394939
682,0.62244898,0.825,0.461734694,0.942307692,0.579081633,0.85,0.558673469,0.825,0.418367347,0.946153846,0.413043478,0.900921659,0.263586957,0.975806452,0.339673913,0.918202765,0.391304348,0.900921659,0.217391304,0.961981567
683,0.675062972,0.842718447,0.458438287,0.912621359,0.554156171,0.85631068,0.607052897,0.842718447,0.413098237,0.930097087,0.418666667,0.885017422,0.264,0.970963995,0.381333333,0.900116144,0.405333333,0.885017422,0.256,0.960511034
684,0.654494382,0.838129496,0.5,0.933453237,0.58988764,0.857913669,0.58988764,0.838129496,0.43258427,0.951438849,0.383285303,0.86951631,0.21037464,0.958380202,0.285302594,0.881889764,0.365994236,0.86951631,0.175792507,0.949381327
685,0.64556962,0.856866538,0.475949367,0.920696325,0.582278481,0.887814313,0.572151899,0.856866538,0.437974684,0.945841393,0.434659091,0.869909502,0.272727273,0.971719457,0.323863636,0.884615385,0.409090909,0.869909502,0.235795455,0.961538462
686,0.654986523,0.826247689,0.501347709,0.931608133,0.590296496,0.846580407,0.598382749,0.826247689,0.388140162,0.927911275,0.422857143,0.880361174,0.26,0.96275395,0.348571429,0.881489842,0.411428571,0.880361174,0.24,0.954853273
687,0.664179104,0.823529412,0.472636816,0.921568627,0.55721393,0.852941176,0.60199005,0.823529412,0.417910448,0.947058824,0.449567723,0.88863892,0.305475504,0.961754781,0.377521614,0.885264342,0.426512968,0.88863892,0.259365994,0.957255343
688,0.686528497,0.855513308,0.518134715,0.933460076,0.577720207,0.863117871,0.606217617,0.855513308,0.419689119,0.950570342,0.426395939,0.866983373,0.284263959,0.965558195,0.350253807,0.871733967,0.403553299,0.866983373,0.253807107,0.952494062
689,0.627403846,0.808467742,0.483173077,0.921370968,0.557692308,0.826612903,0.555288462,0.808467742,0.399038462,0.923387097,0.449591281,0.875719217,0.267029973,0.957422325,0.370572207,0.888377445,0.444141689,0.875719217,0.239782016,0.949367089
690,0.661290323,0.77037037,0.494623656,0.912962963,0.602150538,0.816666667,0.594086022,0.77037037,0.465053763,0.916666667,0.412280702,0.874720358,0.263157895,0.968680089,0.330409357,0.899328859,0.394736842,0.874720358,0.228070175,0.967561521
691,0.644836272,0.815533981,0.450881612,0.92038835,0.531486146,0.838834951,0.576826196,0.815533981,0.382871537,0.926213592,0.435616438,0.880597015,0.284931507,0.96326062,0.356164384,0.902411022,0.421917808,0.880597015,0.257534247,0.955223881
692,0.648854962,0.828516378,0.470737913,0.909441233,0.58778626,0.842003854,0.572519084,0.828516378,0.41221374,0.930635838,0.440111421,0.888255416,0.284122563,0.968072976,0.328690808,0.897377423,0.426183844,0.888255416,0.222841226,0.958950969
693,0.687338501,0.822857143,0.503875969,0.937142857,0.591731266,0.853333333,0.609819121,0.822857143,0.447028424,0.939047619,0.436111111,0.901826484,0.222222222,0.974885845,0.344444444,0.905251142,0.419444444,0.901826484,0.230555556,0.96347032
694,0.63496144,0.850860421,0.455012853,0.929254302,0.57840617,0.864244742,0.562982005,0.850860421,0.388174807,0.933078394,0.417613636,0.875565611,0.232954545,0.959276018,0.34375,0.881221719,0.403409091,0.875565611,0.210227273,0.955882353
695,0.645539906,0.835390947,0.464788732,0.9218107,0.568075117,0.855967078,0.584507042,0.835390947,0.356807512,0.940329218,0.415430267,0.888765295,0.24925816,0.971078977,0.341246291,0.905450501,0.403560831,0.888765295,0.234421365,0.973303671
696,0.676092545,0.820267686,0.498714653,0.919694073,0.575835476,0.850860421,0.580976864,0.820267686,0.437017995,0.929254302,0.463157895,0.877336449,0.276315789,0.960280374,0.365789474,0.901869159,0.436842105,0.877336449,0.25,0.953271028
697,0.625,0.804924242,0.463541667,0.912878788,0.588541667,0.850378788,0.578125,0.804924242,0.359375,0.933712121,0.392330383,0.867335563,0.227138643,0.960981048,0.300884956,0.878483835,0.383480826,0.867335563,0.179941003,0.945373467
698,0.685279188,0.843629344,0.527918782,0.928571429,0.578680203,0.862934363,0.601522843,0.843629344,0.436548223,0.94015444,0.455284553,0.865051903,0.262872629,0.965397924,0.384823848,0.876585928,0.436314363,0.865051903,0.25203252,0.945790081
699,0.651399491,0.842003854,0.470737913,0.938342967,0.55216285,0.855491329,0.559796438,0.842003854,0.409669211,0.947976879,0.426086957,0.859708193,0.27826087,0.957351291,0.336231884,0.870931538,0.420289855,0.859708193,0.237681159,0.945005612
700,0.675675676,0.869306931,0.528255528,0.930693069,0.597051597,0.865346535,0.594594595,0.869306931,0.484029484,0.928712871,0.452777778,0.878995434,0.25,0.956621005,0.372222222,0.897260274,0.441666667,0.878995434,0.216666667,0.953196347
701,0.694516971,0.827977316,0.514360313,0.913043478,0.605744125,0.84120983,0.605744125,0.827977316,0.441253264,0.905482042,0.436170213,0.886046512,0.244680851,0.968604651,0.356382979,0.901162791,0.412234043,0.886046512,0.25,0.958139535
702,0.633423181,0.852125693,0.477088949,0.931608133,0.547169811,0.868761553,0.5606469,0.852125693,0.420485175,0.942698706,0.40060241,0.890486726,0.228915663,0.971238938,0.307228916,0.905973451,0.391566265,0.890486726,0.204819277,0.951327434
703,0.669879518,0.839034205,0.486746988,0.935613682,0.590361446,0.871227364,0.585542169,0.839034205,0.445783133,0.939637827,0.4,0.872871737,0.247887324,0.961407491,0.307042254,0.893303065,0.38028169,0.872871737,0.214084507,0.952326901
704,0.702564103,0.816091954,0.543589744,0.929118774,0.612820513,0.844827586,0.628205128,0.816091954,0.458974359,0.9348659,0.421195652,0.874423963,0.274456522,0.964285714,0.336956522,0.888248848,0.404891304,0.874423963,0.266304348,0.958525346
705,0.673796791,0.840148699,0.483957219,0.931226766,0.569518717,0.87732342,0.588235294,0.840148699,0.435828877,0.942379182,0.453216374,0.888143177,0.298245614,0.963087248,0.371345029,0.906040268,0.432748538,0.888143177,0.286549708,0.950782998
706,0.685503686,0.851485149,0.525798526,0.938613861,0.5995086,0.857425743,0.619164619,0.851485149,0.442260442,0.944554455,0.431547619,0.867777778,0.25,0.957777778,0.336309524,0.877777778,0.419642857,0.867777778,0.241071429,0.956666667
707,0.661538462,0.825670498,0.479487179,0.932950192,0.574358974,0.858237548,0.592307692,0.825670498,0.397435897,0.936781609,0.425824176,0.887614679,0.228021978,0.980504587,0.354395604,0.916284404,0.417582418,0.887614679,0.241758242,0.964449541
708,0.635170604,0.811676083,0.448818898,0.926553672,0.587926509,0.853107345,0.566929134,0.811676083,0.412073491,0.922787194,0.417098446,0.875294118,0.259067358,0.970588235,0.352331606,0.890588235,0.383419689,0.875294118,0.256476684,0.964705882
709,0.670951157,0.816443595,0.498714653,0.927342256,0.583547558,0.852772467,0.596401028,0.816443595,0.462724936,0.936902486,0.418918919,0.891454965,0.264864865,0.972286374,0.308108108,0.909930716,0.386486486,0.891454965,0.251351351,0.964203233
710,0.691460055,0.805100182,0.50137741,0.9143898,0.597796143,0.852459016,0.606060606,0.805100182,0.426997245,0.925318761,0.445623342,0.885913853,0.270557029,0.965075669,0.339522546,0.891734575,0.416445623,0.885913853,0.225464191,0.959254948
711,0.711229947,0.842007435,0.545454545,0.931226766,0.596256684,0.853159851,0.625668449,0.842007435,0.475935829,0.942379182,0.423076923,0.868596882,0.289940828,0.965478842,0.355029586,0.897550111,0.420118343,0.868596882,0.25443787,0.95545657
712,0.656934307,0.820359281,0.489051095,0.922155689,0.571776156,0.848303393,0.564476886,0.820359281,0.452554745,0.922155689,0.414985591,0.861642295,0.227665706,0.969628796,0.354466859,0.879640045,0.403458213,0.861642295,0.233429395,0.957255343
713,0.68797954,0.84452975,0.508951407,0.921305182,0.578005115,0.859884837,0.601023018,0.84452975,0.404092072,0.936660269,0.43989071,0.874712644,0.275956284,0.967816092,0.368852459,0.894252874,0.426229508,0.874712644,0.245901639,0.964367816
714,0.68503937,0.84180791,0.501312336,0.919020716,0.582677165,0.858757062,0.611548556,0.84180791,0.446194226,0.935969868,0.429378531,0.894557823,0.268361582,0.972789116,0.344632768,0.910430839,0.426553672,0.894557823,0.223163842,0.970521542
715,0.644021739,0.875,0.451086957,0.941176471,0.551630435,0.880514706,0.548913043,0.875,0.407608696,0.939338235,0.416,0.888501742,0.24,0.975609756,0.325333333,0.891986063,0.405333333,0.888501742,0.208,0.962833914
716,0.682382134,0.84675835,0.516129032,0.935166994,0.593052109,0.874263261,0.598014888,0.84675835,0.47146402,0.941060904,0.445783133,0.882743363,0.25,0.976769912,0.325301205,0.896017699,0.439759036,0.882743363,0.198795181,0.961283186
717,0.695187166,0.830855019,0.518716578,0.925650558,0.601604278,0.86802974,0.625668449,0.830855019,0.449197861,0.936802974,0.433802817,0.885357548,0.267605634,0.972758229,0.374647887,0.898978434,0.425352113,0.885357548,0.23943662,0.955732123
718,0.684454756,0.871101871,0.50812065,0.954261954,0.593967517,0.902286902,0.600928074,0.871101871,0.438515081,0.95010395,0.428169014,0.885357548,0.284507042,0.970488082,0.323943662,0.900113507,0.394366197,0.885357548,0.264788732,0.962542565
719,0.673796791,0.821561338,0.5,0.920074349,0.625668449,0.847583643,0.604278075,0.821561338,0.470588235,0.944237918,0.433862434,0.897435897,0.261904762,0.975524476,0.37037037,0.902097902,0.417989418,0.897435897,0.246031746,0.958041958
720,0.686528497,0.811787072,0.518134715,0.935361217,0.601036269,0.863117871,0.626943005,0.811787072,0.468911917,0.94486692,0.410666667,0.87804878,0.261333333,0.961672474,0.344,0.886178862,0.392,0.87804878,0.234666667,0.948896632
721,0.673469388,0.846153846,0.461734694,0.948076923,0.573979592,0.867307692,0.581632653,0.846153846,0.400510204,0.942307692,0.391428571,0.878103837,0.222857143,0.96275395,0.308571429,0.902934537,0.38,0.878103837,0.194285714,0.952595937
722,0.655440415,0.830798479,0.466321244,0.920152091,0.603626943,0.855513308,0.588082902,0.830798479,0.393782383,0.937262357,0.410326087,0.873271889,0.260869565,0.960829493,0.345108696,0.894009217,0.39673913,0.873271889,0.255434783,0.956221198
723,0.671957672,0.816479401,0.5,0.898876404,0.603174603,0.838951311,0.611111111,0.816479401,0.457671958,0.921348315,0.372492837,0.864712514,0.171919771,0.966178129,0.326647564,0.877113867,0.366762178,0.864712514,0.214899713,0.942502818
724,0.64231738,0.831067961,0.460957179,0.918446602,0.541561713,0.877669903,0.556675063,0.831067961,0.423173804,0.941747573,0.367781155,0.88092613,0.252279635,0.970231533,0.273556231,0.889746417,0.352583587,0.88092613,0.212765957,0.958103638
725,0.666666667,0.833333333,0.4609375,0.933712121,0.567708333,0.865530303,0.596354167,0.833333333,0.450520833,0.939393939,0.4393531,0.898265896,0.25606469,0.967630058,0.380053908,0.906358382,0.420485175,0.898265896,0.226415094,0.956069364
726,0.673469388,0.811538462,0.482142857,0.919230769,0.579081633,0.846153846,0.609693878,0.811538462,0.367346939,0.940384615,0.452247191,0.876136364,0.323033708,0.963636364,0.373595506,0.885227273,0.429775281,0.876136364,0.286516854,0.955681818
727,0.711734694,0.823076923,0.474489796,0.926923077,0.573979592,0.865384615,0.612244898,0.823076923,0.426020408,0.934615385,0.393854749,0.87357631,0.270949721,0.961275626,0.337988827,0.888382688,0.382681564,0.87357631,0.24301676,0.939635535
728,0.662234043,0.805970149,0.489361702,0.923507463,0.582446809,0.860074627,0.587765957,0.805970149,0.428191489,0.930970149,0.45308311,0.899188876,0.284182306,0.964078795,0.335120643,0.902665122,0.423592493,0.899188876,0.243967828,0.957126304
729,0.65920398,0.843137255,0.452736318,0.92745098,0.564676617,0.854901961,0.582089552,0.843137255,0.360696517,0.941176471,0.42816092,0.887387387,0.264367816,0.969594595,0.344827586,0.902027027,0.416666667,0.887387387,0.255747126,0.951576577
730,0.632275132,0.807116105,0.484126984,0.921348315,0.560846561,0.859550562,0.552910053,0.807116105,0.428571429,0.934456929,0.442359249,0.880648899,0.284182306,0.958285052,0.353887399,0.896871379,0.418230563,0.880648899,0.252010724,0.953650058
731,0.698369565,0.829044118,0.497282609,0.919117647,0.608695652,0.862132353,0.622282609,0.829044118,0.4375,0.931985294,0.440677966,0.880952381,0.262711864,0.965986395,0.370056497,0.896825397,0.423728814,0.880952381,0.225988701,0.96031746
732,0.722955145,0.846153846,0.517150396,0.934333959,0.62005277,0.861163227,0.635883905,0.846153846,0.448548813,0.932457786,0.408450704,0.892167991,0.256338028,0.970488082,0.309859155,0.905788876,0.388732394,0.892167991,0.214084507,0.963677639
733,0.680412371,0.816793893,0.489690722,0.919847328,0.582474227,0.847328244,0.615979381,0.816793893,0.399484536,0.938931298,0.435158501,0.879640045,0.25648415,0.956130484,0.357348703,0.902137233,0.429394813,0.879640045,0.224783862,0.955005624
734,0.666666667,0.813492063,0.487745098,0.928571429,0.571078431,0.863095238,0.607843137,0.813492063,0.404411765,0.94047619,0.4,0.887766554,0.257971014,0.966329966,0.310144928,0.888888889,0.382608696,0.887766554,0.208695652,0.956228956
735,0.685138539,0.844660194,0.491183879,0.924271845,0.554156171,0.86407767,0.604534005,0.844660194,0.410579345,0.941747573,0.412429379,0.897959184,0.262711864,0.973922902,0.31920904,0.89569161,0.392655367,0.897959184,0.240112994,0.969387755
736,0.687022901,0.824662813,0.544529262,0.921001927,0.613231552,0.836223507,0.615776081,0.824662813,0.48346056,0.942196532,0.427728614,0.897435897,0.300884956,0.965440357,0.368731563,0.917502787,0.421828909,0.897435897,0.274336283,0.953177258
737,0.668449198,0.838289963,0.505347594,0.92936803,0.614973262,0.843866171,0.609625668,0.838289963,0.42513369,0.916356877,0.389880952,0.871111111,0.255952381,0.961111111,0.31547619,0.887777778,0.360119048,0.871111111,0.226190476,0.947777778
738,0.695,0.83984375,0.4825,0.943359375,0.6,0.884765625,0.62,0.83984375,0.4075,0.947265625,0.45646438,0.879813302,0.269129288,0.962660443,0.337730871,0.896149358,0.440633245,0.879813302,0.216358839,0.955659277
739,0.673469388,0.817307692,0.484693878,0.938461538,0.604591837,0.857692308,0.599489796,0.817307692,0.461734694,0.938461538,0.449704142,0.888641425,0.278106509,0.968819599,0.393491124,0.906458797,0.431952663,0.888641425,0.266272189,0.962138085
740,0.653061224,0.848076923,0.441326531,0.936538462,0.576530612,0.875,0.591836735,0.848076923,0.369897959,0.953846154,0.413690476,0.878888889,0.282738095,0.964444444,0.330357143,0.895555556,0.395833333,0.878888889,0.255952381,0.944444444
741,0.65648855,0.836223507,0.473282443,0.926782274,0.615776081,0.868978805,0.595419847,0.836223507,0.41221374,0.946050096,0.446376812,0.873176207,0.257971014,0.961840629,0.356521739,0.884399551,0.423188406,0.873176207,0.237681159,0.941638608
742,0.68914956,0.840630473,0.495601173,0.92469352,0.586510264,0.868651489,0.612903226,0.840630473,0.442815249,0.931698774,0.426934097,0.886133033,0.297994269,0.966178129,0.349570201,0.890642616,0.404011461,0.886133033,0.249283668,0.956031567
743,0.662125341,0.823853211,0.517711172,0.919266055,0.547683924,0.855045872,0.580381471,0.823853211,0.430517711,0.932110092,0.411764706,0.883959044,0.285714286,0.961319681,0.327731092,0.907849829,0.383753501,0.883959044,0.232492997,0.954493743
744,0.691358025,0.824457594,0.49382716,0.930966469,0.595061728,0.856015779,0.619753086,0.824457594,0.414814815,0.956607495,0.441416894,0.907940161,0.291553134,0.975834292,0.359673025,0.899884925,0.416893733,0.907940161,0.261580381,0.964326812
745,0.661654135,0.844054581,0.413533835,0.931773879,0.5839599,0.857699805,0.609022556,0.844054581,0.385964912,0.941520468,0.404312668,0.871676301,0.277628032,0.960693642,0.334231806,0.892485549,0.385444744,0.871676301,0.229110512,0.953757225
746,0.661458333,0.835227273,0.484375,0.920454545,0.565104167,0.867424242,0.596354167,0.835227273,0.434895833,0.931818182,0.47012987,0.876615746,0.303896104,0.975323149,0.371428571,0.905992949,0.433766234,0.876615746,0.249350649,0.965922444
747,0.710723192,0.849315068,0.53117207,0.943248532,0.593516209,0.86888454,0.603491272,0.849315068,0.463840399,0.960861057,0.438016529,0.89117984,0.267217631,0.969072165,0.338842975,0.910652921,0.426997245,0.89117984,0.250688705,0.956471936
748,0.664197531,0.824457594,0.50617284,0.917159763,0.597530864,0.856015779,0.580246914,0.824457594,0.407407407,0.921104536,0.424929178,0.870894677,0.28611898,0.972819932,0.348441926,0.889014723,0.399433428,0.870894677,0.243626062,0.950169875
749,0.685990338,0.829317269,0.528985507,0.929718876,0.596618357,0.84939759,0.601449275,0.829317269,0.456521739,0.927710843,0.4375,0.858597285,0.258522727,0.958144796,0.372159091,0.88800905,0.426136364,0.858597285,0.272727273,0.946832579
750,0.639225182,0.791583166,0.438256659,0.905811623,0.573849879,0.803607214,0.578692494,0.791583166,0.382566586,0.907815631,0.469168901,0.869061414,0.319034853,0.962920046,0.36461126,0.884125145,0.44772118,0.869061414,0.289544236,0.955967555
751,0.662337662,0.844402277,0.490909091,0.927893738,0.553246753,0.870967742,0.587012987,0.844402277,0.423376623,0.937381404,0.415204678,0.872483221,0.216374269,0.965324385,0.32748538,0.893736018,0.409356725,0.872483221,0.187134503,0.959731544
752,0.664141414,0.841085271,0.487373737,0.939922481,0.616161616,0.870155039,0.613636364,0.841085271,0.434343434,0.94379845,0.40874036,0.85596222,0.249357326,0.953955136,0.313624679,0.87957497,0.395886889,0.85596222,0.210796915,0.938606848
753,0.620347395,0.829076621,0.456575682,0.927308448,0.535980149,0.874263261,0.568238213,0.829076621,0.387096774,0.94302554,0.412698413,0.885993485,0.276190476,0.976112921,0.346031746,0.896851249,0.393650794,0.885993485,0.234920635,0.961997828
754,0.632075472,0.864754098,0.45754717,0.93442623,0.575471698,0.875,0.577830189,0.864754098,0.384433962,0.946721311,0.457971014,0.882154882,0.255072464,0.960718294,0.368115942,0.909090909,0.44057971,0.882154882,0.214492754,0.962962963
755,0.660098522,0.835968379,0.467980296,0.920948617,0.578817734,0.841897233,0.583743842,0.835968379,0.428571429,0.920948617,0.453172205,0.886187845,0.238670695,0.966850829,0.329305136,0.891712707,0.425981873,0.886187845,0.214501511,0.948066298
756,0.666666667,0.830409357,0.50877193,0.929824561,0.568922306,0.857699805,0.5839599,0.830409357,0.461152882,0.927875244,0.400544959,0.892980437,0.242506812,0.96547756,0.359673025,0.895281933,0.395095368,0.892980437,0.231607629,0.958573072
757,0.63840399,0.866927593,0.49127182,0.949119374,0.573566085,0.892367906,0.571072319,0.866927593,0.421446384,0.947162427,0.418478261,0.879032258,0.255434783,0.966589862,0.345108696,0.8859447,0.407608696,0.879032258,0.252717391,0.956221198
758,0.657831325,0.855130785,0.501204819,0.943661972,0.561445783,0.85915493,0.575903614,0.855130785,0.43373494,0.949698189,0.421052632,0.879672897,0.276315789,0.968457944,0.342105263,0.906542056,0.394736842,0.879672897,0.234210526,0.956775701
759,0.640102828,0.829827916,0.473007712,0.921606119,0.609254499,0.852772467,0.565552699,0.829827916,0.416452442,0.936902486,0.428571429,0.875555556,0.300595238,0.961111111,0.357142857,0.884444444,0.416666667,0.875555556,0.232142857,0.958888889
760,0.688442211,0.856031128,0.525125628,0.941634241,0.590452261,0.879377432,0.582914573,0.856031128,0.477386935,0.949416342,0.453296703,0.855504587,0.285714286,0.962155963,0.387362637,0.884174312,0.428571429,0.855504587,0.25,0.94266055
761,0.666666667,0.838095238,0.478036176,0.92952381,0.581395349,0.859047619,0.602067183,0.838095238,0.416020672,0.933333333,0.364116095,0.872812135,0.213720317,0.953325554,0.274406332,0.893815636,0.34828496,0.872812135,0.179419525,0.953325554
762,0.654676259,0.816161616,0.503597122,0.909090909,0.599520384,0.846464646,0.587529976,0.816161616,0.448441247,0.943434343,0.45508982,0.88248337,0.27245509,0.968957871,0.359281437,0.914634146,0.434131737,0.88248337,0.233532934,0.957871397
763,0.677002584,0.805714286,0.480620155,0.931428571,0.583979328,0.84952381,0.581395349,0.805714286,0.444444444,0.92952381,0.4,0.8935236,0.28,0.973655324,0.310769231,0.896816685,0.384615385,0.8935236,0.230769231,0.962678375
764,0.711392405,0.845261122,0.478481013,0.932301741,0.620253165,0.862669246,0.64556962,0.845261122,0.435443038,0.936170213,0.428571429,0.857798165,0.302197802,0.962155963,0.346153846,0.877293578,0.406593407,0.857798165,0.271978022,0.958715596
765,0.670076726,0.856046065,0.488491049,0.938579655,0.572890026,0.886756238,0.585677749,0.856046065,0.427109974,0.950095969,0.408955224,0.892341842,0.247761194,0.971143174,0.343283582,0.896781354,0.394029851,0.892341842,0.208955224,0.960044395
766,0.666666667,0.817647059,0.487562189,0.898039216,0.60199005,0.856862745,0.609452736,0.817647059,0.407960199,0.917647059,0.390532544,0.88752784,0.198224852,0.962138085,0.346153846,0.909799555,0.375739645,0.88752784,0.215976331,0.965478842
767,0.661498708,0.834285714,0.467700258,0.931428571,0.609819121,0.864761905,0.586563307,0.834285714,0.410852713,0.942857143,0.492146597,0.884074941,0.290575916,0.971896956,0.382198953,0.892271663,0.471204188,0.884074941,0.277486911,0.963700234
768,0.655440415,0.844106464,0.484455959,0.925855513,0.556994819,0.865019011,0.562176166,0.844106464,0.42746114,0.923954373,0.405633803,0.878547106,0.247887324,0.961407491,0.34084507,0.889897843,0.383098592,0.878547106,0.225352113,0.952326901
769,0.658402204,0.848816029,0.512396694,0.93442623,0.55922865,0.861566485,0.573002755,0.848816029,0.44077135,0.936247723,0.416422287,0.889385475,0.272727273,0.963128492,0.296187683,0.884916201,0.390029326,0.889385475,0.225806452,0.957541899
770,0.645244216,0.835564054,0.462724936,0.940726577,0.557840617,0.852772467,0.575835476,0.835564054,0.40874036,0.927342256,0.426183844,0.88027366,0.247910864,0.972633979,0.339832869,0.899657925,0.415041783,0.88027366,0.211699164,0.956670468
771,0.675126904,0.828185328,0.482233503,0.924710425,0.578680203,0.853281853,0.596446701,0.828185328,0.398477157,0.938223938,0.398328691,0.872291904,0.264623955,0.962371722,0.331476323,0.884834664,0.389972145,0.872291904,0.231197772,0.949828962
772,0.660049628,0.823182711,0.511166253,0.917485265,0.565756824,0.854616896,0.575682382,0.823182711,0.404466501,0.927308448,0.456716418,0.873473918,0.27761194,0.965593785,0.397014925,0.892341842,0.441791045,0.873473918,0.298507463,0.951165372
773,0.614583333,0.84469697,0.4453125,0.929924242,0.565104167,0.867424242,0.546875,0.84469697,0.421875,0.933712121,0.454293629,0.899428571,0.260387812,0.972571429,0.349030471,0.913142857,0.432132964,0.899428571,0.218836565,0.96
774,0.685714286,0.825426945,0.548051948,0.941176471,0.618181818,0.869070209,0.61038961,0.825426945,0.457142857,0.939278937,0.416893733,0.895281933,0.261580381,0.975834292,0.354223433,0.903337169,0.397820163,0.895281933,0.242506812,0.96547756
775,0.6953125,0.840909091,0.484375,0.9375,0.598958333,0.867424242,0.638020833,0.840909091,0.450520833,0.943181818,0.424929178,0.874292186,0.232294618,0.959229898,0.325779037,0.890147225,0.407932011,0.874292186,0.23796034,0.950169875
776,0.702770781,0.823300971,0.534005038,0.918446602,0.599496222,0.840776699,0.632241814,0.823300971,0.445843829,0.92815534,0.480446927,0.886104784,0.25698324,0.969248292,0.360335196,0.903189066,0.480446927,0.886104784,0.231843575,0.965831435
777,0.71007371,0.813861386,0.542997543,0.930693069,0.641277641,0.851485149,0.631449631,0.813861386,0.466830467,0.948514851,0.45480226,0.884353741,0.262711864,0.969387755,0.355932203,0.896825397,0.435028249,0.884353741,0.225988701,0.963718821
778,0.669230769,0.833333333,0.51025641,0.931034483,0.607692308,0.862068966,0.602564103,0.833333333,0.433333333,0.940613027,0.450292398,0.903803132,0.263157895,0.967561521,0.365497076,0.917225951,0.435672515,0.903803132,0.233918129,0.965324385
779,0.658854167,0.829545455,0.4609375,0.941287879,0.546875,0.876893939,0.567708333,0.829545455,0.4140625,0.941287879,0.439473684,0.890186916,0.271052632,0.96728972,0.355263158,0.898364486,0.418421053,0.890186916,0.25,0.960280374
780,0.670025189,0.850485437,0.493702771,0.945631068,0.59697733,0.866019417,0.61209068,0.850485437,0.410579345,0.933980583,0.454054054,0.889145497,0.275675676,0.974595843,0.391891892,0.907621247,0.432432432,0.889145497,0.251351351,0.966512702
781,0.658031088,0.855513308,0.455958549,0.937262357,0.577720207,0.893536122,0.575129534,0.855513308,0.424870466,0.94486692,0.4609375,0.886150235,0.276041667,0.969483568,0.375,0.916666667,0.4453125,0.886150235,0.263020833,0.950704225
782,0.67287234,0.84141791,0.489361702,0.936567164,0.561170213,0.861940299,0.595744681,0.84141791,0.425531915,0.944029851,0.434782609,0.891705069,0.279891304,0.97235023,0.350543478,0.905529954,0.41576087,0.891705069,0.25,0.960829493
783,0.685230024,0.813627255,0.532687651,0.945891784,0.588377724,0.867735471,0.619854722,0.813627255,0.426150121,0.955911824,0.440633245,0.890315053,0.263852243,0.970828471,0.337730871,0.896149358,0.427440633,0.890315053,0.237467018,0.960326721
784,0.675949367,0.856866538,0.506329114,0.940038685,0.643037975,0.893617021,0.610126582,0.856866538,0.443037975,0.943907157,0.44591029,0.859976663,0.250659631,0.956826138,0.34828496,0.886814469,0.440633245,0.859976663,0.216358839,0.938156359
785,0.663212435,0.826996198,0.492227979,0.922053232,0.569948187,0.859315589,0.588082902,0.826996198,0.383419689,0.94486692,0.476839237,0.892980437,0.291553134,0.975834292,0.384196185,0.904487917,0.460490463,0.892980437,0.261580381,0.964326812
786,0.690997567,0.826347305,0.467153285,0.930139721,0.600973236,0.848303393,0.630170316,0.826347305,0.433090024,0.944111776,0.442815249,0.878212291,0.263929619,0.968715084,0.319648094,0.899441341,0.416422287,0.878212291,0.214076246,0.957541899
787,0.666666667,0.840155945,0.486215539,0.93957115,0.576441103,0.883040936,0.5839599,0.840155945,0.421052632,0.947368421,0.369014085,0.878547106,0.236619718,0.96708286,0.309859155,0.893303065,0.357746479,0.878547106,0.225352113,0.95800227
788,0.660526316,0.845864662,0.497368421,0.926691729,0.594736842,0.872180451,0.586842105,0.845864662,0.421052632,0.934210526,0.439790576,0.878220141,0.235602094,0.967213115,0.363874346,0.896955504,0.42408377,0.878220141,0.219895288,0.954332553
789,0.658469945,0.836996337,0.480874317,0.919413919,0.576502732,0.868131868,0.590163934,0.836996337,0.415300546,0.937728938,0.433604336,0.889273356,0.276422764,0.968858131,0.33604336,0.890426759,0.420054201,0.889273356,0.219512195,0.957324106
790,0.707021792,0.855711423,0.510895884,0.931863727,0.636803874,0.881763527,0.644067797,0.855711423,0.428571429,0.935871743,0.423913043,0.861751152,0.244565217,0.960829493,0.328804348,0.884792627,0.391304348,0.861751152,0.222826087,0.949308756
791,0.702020202,0.819767442,0.505050505,0.916666667,0.626262626,0.84496124,0.598484848,0.819767442,0.449494949,0.92248062,0.463556851,0.901455767,0.303206997,0.977603583,0.355685131,0.90481523,0.451895044,0.901455767,0.265306122,0.974244121
792,0.658163265,0.842307692,0.487244898,0.930769231,0.56377551,0.873076923,0.573979592,0.842307692,0.403061224,0.951923077,0.408,0.908246225,0.24,0.968641115,0.338666667,0.902439024,0.384,0.908246225,0.232,0.955865273
793,0.650990099,0.81496063,0.492574257,0.911417323,0.564356436,0.838582677,0.596534653,0.81496063,0.410891089,0.921259843,0.459214502,0.880662983,0.299093656,0.972375691,0.404833837,0.896132597,0.435045317,0.880662983,0.280966767,0.965745856
794,0.652284264,0.843629344,0.487309645,0.924710425,0.565989848,0.868725869,0.588832487,0.843629344,0.401015228,0.945945946,0.456582633,0.874857793,0.268907563,0.971558589,0.369747899,0.885096701,0.43697479,0.874857793,0.254901961,0.955631399
795,0.661538462,0.837164751,0.494871795,0.923371648,0.571794872,0.85440613,0.574358974,0.837164751,0.446153846,0.938697318,0.407202216,0.889142857,0.243767313,0.963428571,0.35734072,0.893714286,0.393351801,0.889142857,0.229916898,0.954285714
796,0.630727763,0.837338262,0.493261456,0.926062847,0.571428571,0.87245841,0.557951482,0.837338262,0.433962264,0.93715342,0.48603352,0.888382688,0.25698324,0.972665148,0.391061453,0.89977221,0.480446927,0.888382688,0.240223464,0.961275626
797,0.675879397,0.824902724,0.535175879,0.93385214,0.603015075,0.856031128,0.572864322,0.824902724,0.48241206,0.943579767,0.407008086,0.89132948,0.258760108,0.973410405,0.345013477,0.892485549,0.396226415,0.89132948,0.223719677,0.959537572
798,0.716535433,0.843691149,0.545931759,0.941619586,0.614173228,0.870056497,0.653543307,0.843691149,0.456692913,0.935969868,0.448377581,0.875139353,0.286135693,0.97212932,0.371681416,0.892976589,0.427728614,0.875139353,0.280235988,0.955406912
799,0.678657074,0.797979798,0.498800959,0.909090909,0.613908873,0.848484848,0.597122302,0.797979798,0.431654676,0.937373737,0.453757225,0.865168539,0.271676301,0.970786517,0.39017341,0.88988764,0.439306358,0.865168539,0.271676301,0.965168539
800,0.628640777,0.854,0.453883495,0.946,0.582524272,0.88,0.577669903,0.854,0.383495146,0.944,0.446685879,0.886389201,0.291066282,0.969628796,0.351585014,0.890888639,0.435158501,0.886389201,0.239193084,0.955005624
801,0.701570681,0.801886792,0.497382199,0.90754717,0.615183246,0.847169811,0.628272251,0.801886792,0.418848168,0.926415094,0.393617021,0.88255814,0.212765957,0.977906977,0.313829787,0.908139535,0.382978723,0.88255814,0.188829787,0.970930233
802,0.666666667,0.83908046,0.492307692,0.915708812,0.571794872,0.863984674,0.587179487,0.83908046,0.41025641,0.9348659,0.468319559,0.900343643,0.297520661,0.977090493,0.388429752,0.919816724,0.443526171,0.900343643,0.272727273,0.97021764
803,0.68226601,0.822134387,0.492610837,0.918972332,0.556650246,0.847826087,0.588669951,0.822134387,0.42364532,0.92687747,0.366391185,0.894616266,0.209366391,0.973654066,0.319559229,0.903780069,0.349862259,0.894616266,0.192837466,0.95303551
804,0.669467787,0.828828829,0.495798319,0.920720721,0.602240896,0.861261261,0.605042017,0.828828829,0.422969188,0.933333333,0.430769231,0.874704492,0.294871795,0.971631206,0.351282051,0.90070922,0.407692308,0.874704492,0.274358974,0.955082742
805,0.714285714,0.839175258,0.515222482,0.919587629,0.637002342,0.855670103,0.639344262,0.839175258,0.482435597,0.93814433,0.475806452,0.898148148,0.290322581,0.97337963,0.362903226,0.908564815,0.467741935,0.898148148,0.247311828,0.965277778
806,0.649253731,0.829411765,0.460199005,0.937254902,0.582089552,0.833333333,0.562189055,0.829411765,0.430348259,0.935294118,0.422960725,0.870718232,0.256797583,0.967955801,0.347432024,0.886187845,0.401812689,0.870718232,0.244712991,0.955801105
807,0.676923077,0.823754789,0.494871795,0.927203065,0.579487179,0.856321839,0.584615385,0.823754789,0.446153846,0.931034483,0.401084011,0.869665513,0.246612466,0.959630911,0.317073171,0.875432526,0.371273713,0.869665513,0.224932249,0.950403691
808,0.675,0.865234375,0.52,0.947265625,0.605,0.890625,0.6025,0.865234375,0.4775,0.947265625,0.413333333,0.887340302,0.237333333,0.967479675,0.338666667,0.894308943,0.402666667,0.887340302,0.202666667,0.953542393
809,0.678010471,0.845283019,0.463350785,0.926415094,0.573298429,0.867924528,0.602094241,0.845283019,0.392670157,0.930188679,0.417867435,0.867266592,0.262247839,0.965129359,0.354466859,0.88976378,0.406340058,0.867266592,0.244956772,0.951631046
810,0.639037433,0.82527881,0.454545455,0.931226766,0.553475936,0.845724907,0.561497326,0.82527881,0.398395722,0.946096654,0.410334347,0.889746417,0.276595745,0.981256891,0.346504559,0.904079383,0.392097264,0.889746417,0.246200608,0.97353914
811,0.657216495,0.786259542,0.461340206,0.891221374,0.595360825,0.816793893,0.579896907,0.786259542,0.417525773,0.91221374,0.445402299,0.884009009,0.24137931,0.972972973,0.333333333,0.899774775,0.433908046,0.884009009,0.229885057,0.966216216
812,0.666666667,0.83044316,0.488549618,0.930635838,0.592875318,0.851637765,0.590330789,0.83044316,0.417302799,0.93256262,0.415254237,0.878684807,0.276836158,0.963718821,0.361581921,0.888888889,0.392655367,0.878684807,0.262711864,0.958049887
813,0.6796875,0.859848485,0.484375,0.929924242,0.588541667,0.893939394,0.59375,0.859848485,0.432291667,0.948863636,0.441489362,0.888372093,0.244680851,0.955813953,0.380319149,0.901162791,0.42287234,0.888372093,0.263297872,0.953488372
814,0.670533643,0.841995842,0.510440835,0.941787942,0.600928074,0.883575884,0.600928074,0.841995842,0.450116009,0.948024948,0.432276657,0.874015748,0.296829971,0.967379078,0.363112392,0.905511811,0.406340058,0.874015748,0.253602305,0.957255343
815,0.674540682,0.824858757,0.477690289,0.93220339,0.556430446,0.858757062,0.614173228,0.824858757,0.404199475,0.934086629,0.371757925,0.901012373,0.244956772,0.971878515,0.299711816,0.913385827,0.365994236,0.901012373,0.216138329,0.968503937
816,0.623737374,0.817829457,0.47979798,0.926356589,0.585858586,0.837209302,0.563131313,0.817829457,0.409090909,0.939922481,0.409214092,0.884659746,0.249322493,0.966551326,0.338753388,0.903114187,0.387533875,0.884659746,0.238482385,0.967704729
817,0.685,0.806640625,0.505,0.916015625,0.5975,0.845703125,0.62,0.806640625,0.445,0.9453125,0.418918919,0.886836028,0.240540541,0.968822171,0.345945946,0.905311778,0.397297297,0.886836028,0.216216216,0.963048499
818,0.659898477,0.808880309,0.520304569,0.901544402,0.621827411,0.841698842,0.593908629,0.808880309,0.464467005,0.916988417,0.438642298,0.892145369,0.274151436,0.969519343,0.35770235,0.90855803,0.420365535,0.892145369,0.229765013,0.956623681
819,0.669312169,0.838951311,0.494708995,0.93071161,0.592592593,0.882022472,0.587301587,0.838951311,0.431216931,0.951310861,0.431034483,0.868243243,0.307471264,0.958333333,0.350574713,0.888513514,0.405172414,0.868243243,0.244252874,0.945945946
820,0.670886076,0.833655706,0.493670886,0.928433269,0.597468354,0.866537718,0.6,0.833655706,0.425316456,0.940038685,0.472972973,0.881062356,0.297297297,0.963048499,0.359459459,0.896073903,0.445945946,0.881062356,0.237837838,0.96073903
821,0.679802956,0.830039526,0.507389163,0.936758893,0.603448276,0.869565217,0.608374384,0.830039526,0.416256158,0.948616601,0.418803419,0.899435028,0.262108262,0.966101695,0.358974359,0.919774011,0.413105413,0.899435028,0.225071225,0.95819209
822,0.694516971,0.810964083,0.522193211,0.933837429,0.577023499,0.84120983,0.605744125,0.810964083,0.446475196,0.937618147,0.413157895,0.897196262,0.236842105,0.969626168,0.302631579,0.906542056,0.4,0.897196262,0.184210526,0.954439252
823,0.69250646,0.83047619,0.532299742,0.92952381,0.573643411,0.855238095,0.625322997,0.83047619,0.416020672,0.92952381,0.408719346,0.883774453,0.253405995,0.979286536,0.356948229,0.917146145,0.38147139,0.883774453,0.220708447,0.967779056
824,0.680094787,0.791836735,0.490521327,0.924489796,0.592417062,0.840816327,0.59478673,0.791836735,0.454976303,0.930612245,0.444751381,0.878718535,0.240331492,0.966819222,0.342541436,0.897025172,0.428176796,0.878718535,0.23480663,0.958810069
825,0.670886076,0.806576402,0.481012658,0.911025145,0.551898734,0.84139265,0.582278481,0.806576402,0.415189873,0.926499033,0.412790698,0.883408072,0.252906977,0.964125561,0.345930233,0.883408072,0.398255814,0.883408072,0.229651163,0.960762332
826,0.676020408,0.811538462,0.492346939,0.926923077,0.584183673,0.838461538,0.609693878,0.811538462,0.426020408,0.926923077,0.444126074,0.875986471,0.283667622,0.96054115,0.35243553,0.886133033,0.426934097,0.875986471,0.226361032,0.947012401
827,0.661764706,0.845238095,0.487745098,0.94047619,0.573529412,0.863095238,0.598039216,0.845238095,0.411764706,0.950396825,0.42032967,0.865825688,0.225274725,0.961009174,0.315934066,0.892201835,0.403846154,0.865825688,0.206043956,0.952981651
828,0.64792176,0.836978131,0.506112469,0.932405567,0.606356968,0.862823062,0.577017115,0.836978131,0.447432763,0.93638171,0.405633803,0.88876277,0.25915493,0.959137344,0.338028169,0.886492622,0.388732394,0.88876277,0.225352113,0.953461975
829,0.688888889,0.82642998,0.508641975,0.934911243,0.587654321,0.852071006,0.614814815,0.82642998,0.42962963,0.940828402,0.435356201,0.896149358,0.237467018,0.982497083,0.390501319,0.90781797,0.422163588,0.896149358,0.250659631,0.963827305
830,0.650990099,0.848425197,0.504950495,0.927165354,0.579207921,0.87007874,0.576732673,0.848425197,0.455445545,0.948818898,0.429347826,0.883640553,0.252717391,0.950460829,0.35326087,0.877880184,0.41576087,0.883640553,0.239130435,0.943548387
831,0.639902676,0.846307385,0.464720195,0.946107784,0.571776156,0.886227545,0.569343066,0.846307385,0.399026764,0.956087824,0.426136364,0.873303167,0.286931818,0.962669683,0.360795455,0.88800905,0.417613636,0.873303167,0.264204545,0.952488688
832,0.698765432,0.808678501,0.50617284,0.92504931,0.597530864,0.854043393,0.634567901,0.808678501,0.419753086,0.946745562,0.452247191,0.859090909,0.266853933,0.960227273,0.362359551,0.872727273,0.43258427,0.859090909,0.255617978,0.956818182
833,0.685643564,0.866141732,0.477722772,0.938976378,0.603960396,0.881889764,0.616336634,0.866141732,0.410891089,0.94488189,0.390670554,0.875699888,0.218658892,0.9731243,0.288629738,0.900335946,0.370262391,0.875699888,0.195335277,0.972004479
834,0.639593909,0.82046332,0.482233503,0.915057915,0.530456853,0.843629344,0.540609137,0.82046332,0.426395939,0.930501931,0.457219251,0.889791183,0.251336898,0.964037123,0.355614973,0.90487239,0.451871658,0.889791183,0.211229947,0.957076566
835,0.664850136,0.84587156,0.471389646,0.930275229,0.588555858,0.855045872,0.580381471,0.84587156,0.427792916,0.933944954,0.410994764,0.8735363,0.240837696,0.955503513,0.345549738,0.894613583,0.403141361,0.8735363,0.219895288,0.949648712
836,0.650273224,0.862637363,0.505464481,0.948717949,0.601092896,0.882783883,0.579234973,0.862637363,0.415300546,0.948717949,0.414248021,0.880980163,0.232189974,0.977829638,0.34828496,0.914819137,0.398416887,0.880980163,0.226912929,0.968494749
837,0.657957245,0.82892057,0.491686461,0.924643585,0.598574822,0.875763747,0.581947743,0.82892057,0.42280285,0.934826884,0.420168067,0.878270762,0.24929972,0.962457338,0.358543417,0.890784983,0.406162465,0.878270762,0.243697479,0.953356086
838,0.627249357,0.839388145,0.46529563,0.931166348,0.552699229,0.852772467,0.568123393,0.839388145,0.40874036,0.944550669,0.416216216,0.88221709,0.267567568,0.967667436,0.332432432,0.904157044,0.378378378,0.88221709,0.254054054,0.958429561
839,0.658653846,0.818548387,0.497596154,0.927419355,0.548076923,0.852822581,0.557692308,0.818548387,0.396634615,0.929435484,0.388405797,0.884399551,0.208695652,0.957351291,0.324637681,0.898989899,0.379710145,0.884399551,0.197101449,0.953984287
840,0.638743455,0.820754717,0.463350785,0.922641509,0.547120419,0.847169811,0.573298429,0.820754717,0.395287958,0.924528302,0.40652819,0.889877642,0.252225519,0.96996663,0.338278932,0.902113459,0.388724036,0.889877642,0.225519288,0.958843159
841,0.662404092,0.842610365,0.483375959,0.942418426,0.590792839,0.865642994,0.590792839,0.842610365,0.421994885,0.94049904,0.408450704,0.870601589,0.230985915,0.965947787,0.301408451,0.893303065,0.394366197,0.870601589,0.18028169,0.956867196
842,0.690026954,0.826247689,0.528301887,0.924214418,0.601078167,0.852125693,0.60916442,0.826247689,0.460916442,0.933456562,0.468926554,0.882086168,0.285310734,0.969387755,0.361581921,0.893424036,0.440677966,0.882086168,0.271186441,0.953514739
843,0.681233933,0.801147228,0.488431877,0.92543021,0.609254499,0.829827916,0.622107969,0.801147228,0.393316195,0.933078394,0.439306358,0.880898876,0.286127168,0.96741573,0.329479769,0.902247191,0.410404624,0.880898876,0.25433526,0.962921348
844,0.674816626,0.827037773,0.479217604,0.920477137,0.584352078,0.846918489,0.60391198,0.827037773,0.381418093,0.92445328,0.414772727,0.881221719,0.241477273,0.968325792,0.349431818,0.895927602,0.411931818,0.881221719,0.213068182,0.958144796
845,0.65,0.8359375,0.4975,0.935546875,0.565,0.8828125,0.585,0.8359375,0.4325,0.94921875,0.4393531,0.876300578,0.299191375,0.961849711,0.369272237,0.895953757,0.420485175,0.876300578,0.250673854,0.953757225
846,0.653012048,0.849094567,0.477108434,0.937625755,0.568674699,0.871227364,0.575903614,0.849094567,0.426506024,0.947686117,0.424324324,0.874133949,0.251351351,0.963048499,0.348648649,0.883371824,0.413513514,0.874133949,0.210810811,0.949191686
847,0.712041885,0.849056604,0.505235602,0.933962264,0.59947644,0.869811321,0.617801047,0.849056604,0.442408377,0.926415094,0.409470752,0.872291904,0.231197772,0.966932725,0.325905292,0.888255416,0.395543175,0.872291904,0.197771588,0.954389966
848,0.634328358,0.8,0.470149254,0.923529412,0.562189055,0.837254902,0.55721393,0.8,0.415422886,0.947058824,0.440677966,0.887755102,0.240112994,0.972789116,0.34180791,0.900226757,0.418079096,0.887755102,0.245762712,0.959183673
849,0.656174334,0.863727455,0.460048426,0.945891784,0.607748184,0.891783567,0.600484262,0.863727455,0.401937046,0.93987976,0.451428571,0.879232506,0.282857143,0.961625282,0.357142857,0.890519187,0.431428571,0.879232506,0.22,0.949209932
850,0.65535248,0.837429112,0.483028721,0.935727788,0.569190601,0.867674858,0.566579634,0.837429112,0.396866841,0.962192817,0.457725948,0.898096305,0.29154519,0.967525196,0.352769679,0.909294513,0.440233236,0.898096305,0.259475219,0.956326988
851,0.692874693,0.813861386,0.515970516,0.924752475,0.624078624,0.82970297,0.609336609,0.813861386,0.454545455,0.932673267,0.426512968,0.87064117,0.262247839,0.967379078,0.363112392,0.893138358,0.42074928,0.87064117,0.250720461,0.966254218
852,0.636132316,0.832369942,0.473282443,0.922928709,0.557251908,0.857418112,0.575063613,0.832369942,0.417302799,0.944123314,0.48189415,0.885974914,0.317548747,0.977194983,0.334261838,0.899657925,0.454038997,0.885974914,0.250696379,0.965792474
853,0.59,0.81640625,0.42,0.923828125,0.54,0.833984375,0.51,0.81640625,0.405,0.9375,0.388268156,0.880410023,0.229050279,0.966970387,0.304469274,0.896355353,0.368715084,0.880410023,0.215083799,0.958997722
854,0.655172414,0.837944664,0.463054187,0.944664032,0.564039409,0.871541502,0.586206897,0.837944664,0.411330049,0.948616601,0.475504323,0.878515186,0.288184438,0.975253093,0.409221902,0.890888639,0.463976945,0.878515186,0.268011527,0.960629921
855,0.658653846,0.85483871,0.483173077,0.933467742,0.564903846,0.877016129,0.588942308,0.85483871,0.394230769,0.953629032,0.369942197,0.882022472,0.23699422,0.970786517,0.291907514,0.88988764,0.352601156,0.882022472,0.208092486,0.960674157
856,0.669082126,0.815261044,0.485507246,0.929718876,0.570048309,0.847389558,0.582125604,0.815261044,0.439613527,0.927710843,0.371104816,0.889014723,0.203966006,0.967157418,0.271954674,0.908267271,0.362606232,0.889014723,0.172804533,0.962627407
857,0.674731183,0.857407407,0.510752688,0.942592593,0.602150538,0.887037037,0.575268817,0.857407407,0.467741935,0.946296296,0.368421053,0.893736018,0.251461988,0.969798658,0.315789474,0.908277405,0.33625731,0.893736018,0.210526316,0.960850112
858,0.673218673,0.861386139,0.479115479,0.934653465,0.577395577,0.869306931,0.597051597,0.861386139,0.427518428,0.946534653,0.443877551,0.863744076,0.237244898,0.969194313,0.37755102,0.883886256,0.426020408,0.863744076,0.257653061,0.963270142
859,0.683544304,0.843326886,0.486075949,0.940038685,0.57721519,0.86073501,0.602531646,0.843326886,0.412658228,0.938104449,0.43943662,0.894438138,0.276056338,0.976163451,0.338028169,0.904653802,0.425352113,0.894438138,0.256338028,0.963677639
860,0.690773067,0.847358121,0.503740648,0.954990215,0.605985037,0.874755382,0.625935162,0.847358121,0.42394015,0.941291585,0.431034483,0.873873874,0.267241379,0.968468468,0.33908046,0.890765766,0.408045977,0.873873874,0.252873563,0.958333333
861,0.661137441,0.814285714,0.5,0.932653061,0.601895735,0.863265306,0.604265403,0.814285714,0.440758294,0.928571429,0.434911243,0.899777283,0.25443787,0.971046771,0.325443787,0.904231626,0.417159763,0.899777283,0.230769231,0.961024499
862,0.689655172,0.854205607,0.530503979,0.945794393,0.602122016,0.893457944,0.631299735,0.854205607,0.440318302,0.945794393,0.424479167,0.888497653,0.268229167,0.963615023,0.34375,0.904929577,0.411458333,0.888497653,0.234375,0.95657277
863,0.659846547,0.856046065,0.475703325,0.94049904,0.6342711,0.869481766,0.595907928,0.856046065,0.439897698,0.955854127,0.473354232,0.877862595,0.275862069,0.972737186,0.373040752,0.894220284,0.467084639,0.877862595,0.26645768,0.956379498
864,0.67357513,0.823193916,0.471502591,0.925855513,0.601036269,0.851711027,0.590673575,0.823193916,0.424870466,0.939163498,0.436314363,0.876585928,0.279132791,0.952710496,0.360433604,0.900807382,0.430894309,0.876585928,0.227642276,0.951557093
865,0.652380952,0.841463415,0.511904762,0.930894309,0.557142857,0.87804878,0.571428571,0.841463415,0.430952381,0.93902439,0.396276596,0.870930233,0.239361702,0.975581395,0.348404255,0.879069767,0.377659574,0.870930233,0.244680851,0.960465116
866,0.6328125,0.84280303,0.4296875,0.914772727,0.546875,0.865530303,0.588541667,0.84280303,0.346354167,0.943181818,0.460451977,0.871882086,0.290960452,0.962585034,0.36440678,0.880952381,0.446327684,0.871882086,0.259887006,0.942176871
867,0.699228792,0.835564054,0.514138817,0.923518164,0.611825193,0.86998088,0.616966581,0.835564054,0.439588689,0.929254302,0.455263158,0.878504673,0.273684211,0.962616822,0.363157895,0.892523364,0.434210526,0.878504673,0.276315789,0.947429907
868,0.690773067,0.818003914,0.493765586,0.921722114,0.591022444,0.847358121,0.608478803,0.818003914,0.428927681,0.943248532,0.372972973,0.890300231,0.248648649,0.96073903,0.305405405,0.906466513,0.356756757,0.890300231,0.221621622,0.958429561
869,0.681818182,0.86627907,0.45959596,0.928294574,0.555555556,0.881782946,0.603535354,0.86627907,0.378787879,0.939922481,0.409214092,0.886966551,0.243902439,0.965397924,0.346883469,0.898500577,0.398373984,0.886966551,0.246612466,0.950403691
870,0.679802956,0.841897233,0.502463054,0.932806324,0.581280788,0.883399209,0.620689655,0.841897233,0.421182266,0.934782609,0.432960894,0.870159453,0.229050279,0.95785877,0.354748603,0.881548975,0.421787709,0.870159453,0.206703911,0.935079727
871,0.660759494,0.833655706,0.493670886,0.936170213,0.597468354,0.854932302,0.597468354,0.833655706,0.415189873,0.936170213,0.43977591,0.875995449,0.260504202,0.963594994,0.358543417,0.905574516,0.422969188,0.875995449,0.240896359,0.959044369
872,0.693298969,0.797709924,0.530927835,0.893129771,0.600515464,0.822519084,0.574742268,0.797709924,0.474226804,0.902671756,0.448680352,0.888268156,0.296187683,0.966480447,0.346041056,0.905027933,0.436950147,0.888268156,0.258064516,0.963128492
873,0.66066838,0.818355641,0.4781491,0.908221797,0.557840617,0.837476099,0.568123393,0.818355641,0.370179949,0.921606119,0.473087819,0.877689694,0.288951841,0.972819932,0.390934844,0.907134768,0.447592068,0.877689694,0.249291785,0.960362401
874,0.663461538,0.842741935,0.471153846,0.941532258,0.586538462,0.85483871,0.603365385,0.842741935,0.401442308,0.945564516,0.382789318,0.890989989,0.222551929,0.973303671,0.293768546,0.904338154,0.376854599,0.890989989,0.183976261,0.967741935
875,0.670886076,0.808510638,0.481012658,0.934235977,0.574683544,0.858800774,0.594936709,0.808510638,0.397468354,0.938104449,0.446629213,0.885227273,0.258426966,0.971590909,0.362359551,0.895454545,0.441011236,0.885227273,0.230337079,0.963636364
876,0.681122449,0.832692308,0.489795918,0.925,0.596938776,0.846153846,0.609693878,0.832692308,0.426020408,0.938461538,0.391812865,0.891498881,0.210526316,0.966442953,0.34502924,0.894854586,0.388888889,0.891498881,0.213450292,0.951901566
877,0.648578811,0.83047619,0.467700258,0.923809524,0.552971576,0.864761905,0.560723514,0.83047619,0.408268734,0.937142857,0.426273458,0.873696408,0.257372654,0.960602549,0.353887399,0.885283893,0.399463807,0.873696408,0.241286863,0.955967555
878,0.670854271,0.799610895,0.492462312,0.922178988,0.610552764,0.828793774,0.613065327,0.799610895,0.43718593,0.924124514,0.392857143,0.884174312,0.25,0.972477064,0.335164835,0.895642202,0.368131868,0.884174312,0.247252747,0.958715596
879,0.678947368,0.82518797,0.481578947,0.936090226,0.557894737,0.864661654,0.618421053,0.82518797,0.394736842,0.936090226,0.442307692,0.884174312,0.28021978,0.969036697,0.370879121,0.899082569,0.403846154,0.884174312,0.271978022,0.956422018
880,0.614395887,0.86042065,0.426735219,0.931166348,0.568123393,0.866156788,0.557840617,0.86042065,0.377892031,0.95793499,0.418848168,0.892271663,0.253926702,0.974238876,0.342931937,0.900468384,0.397905759,0.892271663,0.240837696,0.964871194
881,0.655,0.83203125,0.4975,0.92578125,0.58,0.853515625,0.5825,0.83203125,0.44,0.94140625,0.44973545,0.876456876,0.272486772,0.974358974,0.351851852,0.896270396,0.428571429,0.876456876,0.248677249,0.963869464
882,0.673913043,0.84939759,0.504830918,0.929718876,0.594202899,0.865461847,0.594202899,0.84939759,0.434782609,0.939759036,0.418032787,0.882758621,0.256830601,0.983908046,0.344262295,0.909195402,0.387978142,0.882758621,0.232240437,0.967816092
883,0.65974026,0.857685009,0.457142857,0.939278937,0.574025974,0.882352941,0.597402597,0.857685009,0.366233766,0.94686907,0.450666667,0.879210221,0.264,0.970963995,0.333333333,0.901277584,0.434666667,0.879210221,0.248,0.952380952
884,0.692307692,0.822992701,0.5,0.925182482,0.587912088,0.874087591,0.620879121,0.822992701,0.43956044,0.934306569,0.42032967,0.894495413,0.266483516,0.982798165,0.343406593,0.905963303,0.406593407,0.894495413,0.228021978,0.974770642
885,0.660574413,0.84120983,0.498694517,0.93194707,0.55613577,0.882797732,0.569190601,0.84120983,0.446475196,0.945179584,0.408408408,0.863787375,0.255255255,0.968992248,0.357357357,0.88593577,0.39039039,0.863787375,0.231231231,0.964562569
886,0.674931129,0.843351548,0.487603306,0.941712204,0.603305785,0.881602914,0.595041322,0.843351548,0.443526171,0.947176685,0.471910112,0.895454545,0.297752809,0.965909091,0.398876404,0.902272727,0.449438202,0.895454545,0.264044944,0.959090909
887,0.67989418,0.812734082,0.507936508,0.917602996,0.563492063,0.853932584,0.597883598,0.812734082,0.425925926,0.934456929,0.375342466,0.877152698,0.22739726,0.969001148,0.317808219,0.895522388,0.35890411,0.877152698,0.224657534,0.954075775
888,0.628205128,0.860153257,0.476923077,0.938697318,0.546153846,0.881226054,0.541025641,0.860153257,0.4,0.944444444,0.43832021,0.895906433,0.251968504,0.96374269,0.341207349,0.906432749,0.433070866,0.895906433,0.217847769,0.957894737
889,0.694369973,0.805194805,0.525469169,0.927643785,0.611260054,0.868274583,0.603217158,0.805194805,0.434316354,0.940630798,0.426997245,0.872852234,0.258953168,0.971363116,0.358126722,0.883161512,0.41046832,0.872852234,0.220385675,0.950744559
890,0.673076923,0.834677419,0.473557692,0.921370968,0.603365385,0.868951613,0.591346154,0.834677419,0.411057692,0.935483871,0.472934473,0.877966102,0.299145299,0.975141243,0.358974359,0.892655367,0.461538462,0.877966102,0.259259259,0.959322034
891,0.633766234,0.829222011,0.449350649,0.929791271,0.561038961,0.84629981,0.563636364,0.829222011,0.392207792,0.931688805,0.396226415,0.882080925,0.226415094,0.958381503,0.347708895,0.902890173,0.388140162,0.882080925,0.221024259,0.957225434
892,0.641826923,0.822580645,0.473557692,0.931451613,0.564903846,0.870967742,0.567307692,0.822580645,0.415865385,0.943548387,0.415929204,0.875139353,0.241887906,0.957636566,0.351032448,0.885172798,0.401179941,0.875139353,0.238938053,0.956521739
893,0.667481663,0.840954274,0.511002445,0.930417495,0.5599022,0.864811133,0.579462103,0.840954274,0.432762836,0.938369781,0.420612813,0.888255416,0.242339833,0.958950969,0.356545961,0.905359179,0.409470752,0.888255416,0.242339833,0.953249715
894,0.656716418,0.850980392,0.450248756,0.925490196,0.564676617,0.860784314,0.597014925,0.850980392,0.373134328,0.937254902,0.452991453,0.880225989,0.245014245,0.964971751,0.376068376,0.893785311,0.433048433,0.880225989,0.225071225,0.955932203
895,0.681372549,0.863095238,0.504901961,0.94047619,0.571078431,0.882936508,0.590686275,0.863095238,0.426470588,0.948412698,0.446376812,0.874298541,0.292753623,0.957351291,0.342028986,0.868686869,0.428985507,0.874298541,0.269565217,0.955106622
896,0.656790123,0.828402367,0.461728395,0.91913215,0.562962963,0.84418146,0.582716049,0.828402367,0.387654321,0.930966469,0.419689119,0.883529412,0.248704663,0.96,0.339378238,0.898823529,0.404145078,0.883529412,0.233160622,0.96
897,0.669211196,0.870905588,0.473282443,0.947976879,0.600508906,0.913294798,0.577608142,0.870905588,0.432569975,0.969171484,0.403954802,0.868480726,0.228813559,0.962585034,0.327683616,0.891156463,0.378531073,0.868480726,0.220338983,0.946712018
898,0.694376528,0.821073559,0.525672372,0.928429423,0.608801956,0.854870775,0.62591687,0.821073559,0.471882641,0.934393638,0.447887324,0.879682179,0.290140845,0.96708286,0.366197183,0.894438138,0.430985915,0.879682179,0.230985915,0.955732123
899,0.653225806,0.853703704,0.459677419,0.937037037,0.577956989,0.872222222,0.575268817,0.853703704,0.408602151,0.948148148,0.405325444,0.868596882,0.224852071,0.958797327,0.328402367,0.894209354,0.384615385,0.868596882,0.204142012,0.944320713
900,0.623441397,0.835616438,0.458852868,0.929549902,0.581047382,0.851272016,0.561097257,0.835616438,0.441396509,0.937377691,0.438596491,0.898210291,0.254385965,0.977628635,0.359649123,0.910514541,0.421052632,0.898210291,0.228070175,0.970917226
901,0.707808564,0.821359223,0.534005038,0.933980583,0.594458438,0.850485437,0.64231738,0.821359223,0.463476071,0.930097087,0.424418605,0.893497758,0.252906977,0.976457399,0.360465116,0.910313901,0.401162791,0.893497758,0.238372093,0.97309417
902,0.661577608,0.83044316,0.496183206,0.924855491,0.562340967,0.863198459,0.582697201,0.83044316,0.437659033,0.928709056,0.44057971,0.881032548,0.27826087,0.958473625,0.362318841,0.891133558,0.420289855,0.881032548,0.252173913,0.951739618
903,0.705555556,0.869565217,0.525,0.940217391,0.613888889,0.893115942,0.616666667,0.869565217,0.430555556,0.94384058,0.435261708,0.890034364,0.278236915,0.978235968,0.360881543,0.903780069,0.41046832,0.890034364,0.236914601,0.971363116
904,0.673796791,0.830855019,0.521390374,0.925650558,0.588235294,0.843866171,0.596256684,0.830855019,0.438502674,0.957249071,0.419525066,0.878646441,0.26121372,0.967327888,0.345646438,0.886814469,0.403693931,0.878646441,0.237467018,0.954492415
905,0.656410256,0.823754789,0.482051282,0.938697318,0.582051282,0.856321839,0.582051282,0.823754789,0.435897436,0.961685824,0.43454039,0.896237172,0.26183844,0.980615735,0.362116992,0.912200684,0.417827298,0.896237172,0.233983287,0.976054732
906,0.685,0.8359375,0.5125,0.9296875,0.57,0.87890625,0.615,0.8359375,0.405,0.927734375,0.44598338,0.889142857,0.246537396,0.969142857,0.346260388,0.891428571,0.418282548,0.889142857,0.243767313,0.955428571
907,0.640826873,0.836190476,0.483204134,0.937142857,0.542635659,0.874285714,0.555555556,0.836190476,0.42118863,0.944761905,0.405913978,0.878472222,0.228494624,0.97337963,0.333333333,0.894675926,0.397849462,0.878472222,0.212365591,0.953703704
908,0.677419355,0.829076621,0.488833747,0.919449902,0.570719603,0.852652259,0.58808933,0.829076621,0.41191067,0.941060904,0.460674157,0.890909091,0.289325843,0.9625,0.390449438,0.906818182,0.446629213,0.890909091,0.269662921,0.956818182
909,0.702412869,0.847866419,0.498659517,0.914656772,0.613941019,0.868274583,0.619302949,0.847866419,0.426273458,0.92393321,0.401002506,0.876941458,0.245614035,0.959378734,0.298245614,0.896057348,0.388471178,0.876941458,0.203007519,0.946236559
910,0.628571429,0.821138211,0.476190476,0.906504065,0.528571429,0.861788618,0.528571429,0.821138211,0.419047619,0.924796748,0.437853107,0.892290249,0.282485876,0.970521542,0.355932203,0.91723356,0.426553672,0.892290249,0.248587571,0.96031746
911,0.671717172,0.837209302,0.482323232,0.924418605,0.598484848,0.858527132,0.593434343,0.837209302,0.441919192,0.934108527,0.426592798,0.885714286,0.290858726,0.963428571,0.354570637,0.889142857,0.421052632,0.885714286,0.246537396,0.955428571
912,0.630490956,0.824761905,0.447028424,0.923809524,0.514211886,0.851428571,0.529715762,0.824761905,0.379844961,0.946666667,0.401114206,0.897377423,0.250696379,0.972633979,0.337047354,0.916761688,0.395543175,0.897377423,0.208913649,0.964652223
913,0.663438257,0.79759519,0.479418886,0.919839679,0.578692494,0.851703407,0.588377724,0.79759519,0.443099274,0.93987976,0.458689459,0.86779661,0.319088319,0.971751412,0.398860399,0.893785311,0.447293447,0.86779661,0.250712251,0.957062147
914,0.675810474,0.839530333,0.526184539,0.927592955,0.57605985,0.863013699,0.586034913,0.839530333,0.438902743,0.927592955,0.45045045,0.887043189,0.255255255,0.96234773,0.36036036,0.902547065,0.435435435,0.887043189,0.225225225,0.946843854
915,0.646464646,0.825581395,0.464646465,0.926356589,0.573232323,0.862403101,0.585858586,0.825581395,0.376262626,0.939922481,0.473684211,0.880313199,0.289473684,0.964205817,0.394736842,0.88590604,0.456140351,0.880313199,0.263157895,0.951901566
916,0.671641791,0.815686275,0.452736318,0.933333333,0.599502488,0.839215686,0.616915423,0.815686275,0.385572139,0.933333333,0.447802198,0.884174312,0.263736264,0.970183486,0.354395604,0.902522936,0.431318681,0.884174312,0.255494505,0.961009174
917,0.640419948,0.834274953,0.459317585,0.935969868,0.535433071,0.871939736,0.545931759,0.834274953,0.414698163,0.943502825,0.398305085,0.882086168,0.231638418,0.964852608,0.353107345,0.892290249,0.389830508,0.882086168,0.231638418,0.958049887
918,0.634464752,0.837429112,0.462140992,0.914933837,0.55613577,0.860113422,0.55613577,0.837429112,0.441253264,0.937618147,0.457142857,0.891647856,0.291428571,0.970654628,0.368571429,0.904063205,0.437142857,0.891647856,0.237142857,0.958239278
919,0.64507772,0.821292776,0.466321244,0.925855513,0.567357513,0.859315589,0.57253886,0.821292776,0.398963731,0.931558935,0.424731183,0.864583333,0.23655914,0.965277778,0.352150538,0.888888889,0.413978495,0.864583333,0.217741935,0.956018519
920,0.661375661,0.816479401,0.486772487,0.915730337,0.571428571,0.855805243,0.587301587,0.816479401,0.412698413,0.943820225,0.385074627,0.884572697,0.23880597,0.964483907,0.307462687,0.901220866,0.370149254,0.884572697,0.217910448,0.944506104
921,0.654731458,0.833013436,0.47826087,0.938579655,0.58056266,0.86756238,0.58056266,0.833013436,0.452685422,0.92706334,0.439306358,0.891011236,0.271676301,0.96741573,0.335260116,0.902247191,0.430635838,0.891011236,0.219653179,0.968539326
922,0.668407311,0.814744802,0.480417755,0.913043478,0.584856397,0.852551985,0.592689295,0.814744802,0.407310705,0.933837429,0.425,0.879186603,0.2725,0.966507177,0.3475,0.903110048,0.3925,0.879186603,0.2275,0.956937799
923,0.661057692,0.846774194,0.516826923,0.933467742,0.567307692,0.875,0.569711538,0.846774194,0.4375,0.941532258,0.418530351,0.866738895,0.217252396,0.964247021,0.335463259,0.878656555,0.405750799,0.866738895,0.207667732,0.955579632
924,0.670951157,0.824091778,0.485861183,0.923518164,0.570694087,0.871892925,0.57840617,0.824091778,0.419023136,0.936902486,0.420454545,0.863122172,0.235795455,0.961538462,0.326704545,0.882352941,0.414772727,0.863122172,0.221590909,0.951357466
925,0.6625,0.794921875,0.45,0.900390625,0.5775,0.8359375,0.5825,0.794921875,0.41,0.9140625,0.428571429,0.884658455,0.262390671,0.977603583,0.329446064,0.900335946,0.416909621,0.884658455,0.2303207,0.960806271
926,0.63681592,0.835294118,0.470149254,0.925490196,0.547263682,0.856862745,0.55721393,0.835294118,0.405472637,0.931372549,0.390710383,0.881609195,0.259562842,0.954022989,0.341530055,0.890804598,0.37704918,0.881609195,0.237704918,0.945977011
927,0.682539683,0.827715356,0.486772487,0.911985019,0.587301587,0.855805243,0.603174603,0.827715356,0.399470899,0.934456929,0.416666667,0.882882883,0.232758621,0.96509009,0.316091954,0.898648649,0.408045977,0.882882883,0.227011494,0.954954955
928,0.641463415,0.844621514,0.47804878,0.924302789,0.53902439,0.870517928,0.56097561,0.844621514,0.441463415,0.93625498,0.406685237,0.889395667,0.233983287,0.969213227,0.331476323,0.903078677,0.39275766,0.889395667,0.239554318,0.958950969
929,0.625,0.802734375,0.4425,0.908203125,0.5175,0.849609375,0.5275,0.802734375,0.3775,0.9296875,0.369146006,0.883161512,0.217630854,0.972508591,0.286501377,0.898052692,0.349862259,0.883161512,0.195592287,0.963344788
930,0.697435897,0.858237548,0.502564103,0.942528736,0.558974359,0.87164751,0.61025641,0.858237548,0.41025641,0.946360153,0.409883721,0.8867713,0.25,0.965246637,0.35755814,0.903587444,0.395348837,0.8867713,0.24127907,0.957399103
931,0.726618705,0.832323232,0.520383693,0.937373737,0.637889688,0.880808081,0.657074341,0.832323232,0.455635492,0.947474747,0.443786982,0.874164811,0.289940828,0.964365256,0.369822485,0.886414254,0.426035503,0.874164811,0.26035503,0.961024499
932,0.677333333,0.823091248,0.456,0.927374302,0.584,0.875232775,0.586666667,0.823091248,0.4,0.931098696,0.394736842,0.890380313,0.213450292,0.970917226,0.301169591,0.908277405,0.380116959,0.890380313,0.19005848,0.966442953
933,0.665768194,0.831792976,0.498652291,0.916820702,0.576819407,0.876155268,0.592991914,0.831792976,0.41509434,0.935304991,0.459064327,0.876957494,0.280701754,0.965324385,0.374269006,0.89261745,0.444444444,0.876957494,0.228070175,0.94966443
934,0.688888889,0.848126233,0.540740741,0.930966469,0.607407407,0.867850099,0.612345679,0.848126233,0.486419753,0.942800789,0.445945946,0.896073903,0.256756757,0.967667436,0.383783784,0.903002309,0.440540541,0.896073903,0.237837838,0.958429561
935,0.673218673,0.831683168,0.476658477,0.95049505,0.57002457,0.865346535,0.577395577,0.831683168,0.41031941,0.936633663,0.41971831,0.880817253,0.233802817,0.960272418,0.371830986,0.905788876,0.408450704,0.880817253,0.242253521,0.95800227
936,0.679104478,0.829411765,0.482587065,0.931372549,0.567164179,0.868627451,0.599502488,0.829411765,0.415422886,0.935294118,0.433862434,0.878787879,0.26984127,0.975524476,0.338624339,0.892773893,0.407407407,0.878787879,0.21957672,0.966200466
937,0.692105263,0.806390977,0.463157895,0.921052632,0.597368421,0.866541353,0.613157895,0.806390977,0.415789474,0.936090226,0.501362398,0.891829689,0.307901907,0.975834292,0.392370572,0.909090909,0.490463215,0.891829689,0.247956403,0.962025316
938,0.6875,0.860294118,0.516304348,0.939338235,0.614130435,0.873161765,0.611413043,0.860294118,0.418478261,0.935661765,0.423188406,0.907968575,0.257971014,0.962962963,0.350724638,0.92704826,0.408695652,0.907968575,0.243478261,0.962962963
939,0.616915423,0.833333333,0.440298507,0.933333333,0.554726368,0.878431373,0.559701493,0.833333333,0.39800995,0.939215686,0.432795699,0.885416667,0.27688172,0.961805556,0.352150538,0.900462963,0.411290323,0.885416667,0.260752688,0.951388889
940,0.656716418,0.878431373,0.5,0.943137255,0.597014925,0.882352941,0.599502488,0.878431373,0.42039801,0.939215686,0.43943662,0.876276958,0.273239437,0.970488082,0.357746479,0.889897843,0.425352113,0.876276958,0.245070423,0.95800227
941,0.64781491,0.843212237,0.460154242,0.931166348,0.542416452,0.871892925,0.560411311,0.843212237,0.424164524,0.933078394,0.421652422,0.876836158,0.247863248,0.95819209,0.339031339,0.901694915,0.41025641,0.876836158,0.259259259,0.953672316
942,0.62755102,0.844230769,0.459183673,0.923076923,0.579081633,0.878846154,0.579081633,0.844230769,0.413265306,0.940384615,0.44598338,0.886857143,0.290858726,0.974857143,0.382271468,0.902857143,0.426592798,0.886857143,0.268698061,0.962285714
943,0.645994832,0.845714286,0.493540052,0.925714286,0.547803618,0.855238095,0.563307494,0.845714286,0.436692506,0.935238095,0.417112299,0.868909513,0.259358289,0.960556845,0.339572193,0.886310905,0.403743316,0.868909513,0.213903743,0.957076566
944,0.716836735,0.813461538,0.512755102,0.898076923,0.630102041,0.851923077,0.653061224,0.813461538,0.423469388,0.928846154,0.442408377,0.882903981,0.30104712,0.966042155,0.356020942,0.902810304,0.421465969,0.882903981,0.259162304,0.963700234
945,0.65920398,0.803921569,0.457711443,0.911764706,0.604477612,0.847058824,0.624378109,0.803921569,0.385572139,0.92745098,0.448453608,0.872641509,0.234536082,0.965801887,0.342783505,0.875,0.440721649,0.872641509,0.216494845,0.951650943
946,0.65,0.847744361,0.473684211,0.943609023,0.576315789,0.857142857,0.581578947,0.847744361,0.394736842,0.941729323,0.428571429,0.887777778,0.25297619,0.976666667,0.348214286,0.91,0.416666667,0.887777778,0.229166667,0.968888889
947,0.61618799,0.831758034,0.503916449,0.930056711,0.522193211,0.869565217,0.540469974,0.831758034,0.459530026,0.948960302,0.42,0.884875847,0.282857143,0.96275395,0.294285714,0.89503386,0.371428571,0.884875847,0.22,0.945823928
948,0.685714286,0.855787476,0.52987013,0.935483871,0.579220779,0.865275142,0.592207792,0.855787476,0.438961039,0.939278937,0.446685879,0.875140607,0.262247839,0.966254218,0.371757925,0.885264342,0.438040346,0.875140607,0.239193084,0.953880765
949,0.697435897,0.823754789,0.502564103,0.925287356,0.597435897,0.856321839,0.630769231,0.823754789,0.435897436,0.946360153,0.426512968,0.885264342,0.268011527,0.967379078,0.371757925,0.88976378,0.400576369,0.885264342,0.270893372,0.957255343
950,0.680693069,0.830708661,0.52970297,0.933070866,0.641089109,0.836614173,0.616336634,0.830708661,0.457920792,0.940944882,0.483240223,0.891799544,0.287709497,0.965831435,0.396648045,0.906605923,0.466480447,0.891799544,0.265363128,0.964692483
951,0.648241206,0.846303502,0.487437186,0.928015564,0.592964824,0.861867704,0.582914573,0.846303502,0.464824121,0.939688716,0.362880886,0.891428571,0.246537396,0.96,0.315789474,0.901714286,0.340720222,0.891428571,0.224376731,0.950857143
952,0.615979381,0.81870229,0.463917526,0.944656489,0.567010309,0.864503817,0.554123711,0.81870229,0.409793814,0.965648855,0.362903226,0.873842593,0.201612903,0.96412037,0.317204301,0.885416667,0.357526882,0.873842593,0.198924731,0.960648148
953,0.686170213,0.858208955,0.515957447,0.951492537,0.609042553,0.875,0.603723404,0.858208955,0.438829787,0.957089552,0.417989418,0.883449883,0.272486772,0.974358974,0.328042328,0.909090909,0.399470899,0.883449883,0.222222222,0.961538462
954,0.663185379,0.822306238,0.45691906,0.933837429,0.516971279,0.846880907,0.561357702,0.822306238,0.415143603,0.928166352,0.438746439,0.868926554,0.247863248,0.966101695,0.367521368,0.876836158,0.418803419,0.868926554,0.253561254,0.949152542
955,0.656992084,0.829268293,0.496042216,0.94934334,0.575197889,0.859287054,0.577836412,0.829268293,0.427440633,0.951219512,0.411594203,0.883277217,0.234782609,0.974186308,0.368115942,0.900112233,0.391304348,0.883277217,0.214492754,0.96969697
956,0.671717172,0.800387597,0.484848485,0.918604651,0.590909091,0.846899225,0.590909091,0.800387597,0.401515152,0.924418605,0.453216374,0.87360179,0.286549708,0.966442953,0.365497076,0.879194631,0.441520468,0.87360179,0.266081871,0.948545861
957,0.673758865,0.832310838,0.508274232,0.924335378,0.541371158,0.854805726,0.588652482,0.832310838,0.413711584,0.928425358,0.438547486,0.880410023,0.276536313,0.965831435,0.346368715,0.89977221,0.427374302,0.880410023,0.245810056,0.955580866
958,0.702439024,0.832669323,0.509756098,0.938247012,0.592682927,0.842629482,0.617073171,0.832669323,0.434146341,0.930278884,0.401162791,0.876681614,0.252906977,0.968609865,0.363372093,0.887892377,0.389534884,0.876681614,0.235465116,0.967488789
959,0.658974359,0.800766284,0.492307692,0.896551724,0.566666667,0.819923372,0.551282051,0.800766284,0.464102564,0.921455939,0.418732782,0.885452463,0.239669421,0.971363116,0.366391185,0.89117984,0.407713499,0.885452463,0.236914601,0.961053837
960,0.650632911,0.785299807,0.498734177,0.918762089,0.567088608,0.837524178,0.582278481,0.785299807,0.443037975,0.920696325,0.422343324,0.886075949,0.228882834,0.9712313,0.367847411,0.901035673,0.411444142,0.886075949,0.237057221,0.970080552
961,0.679487179,0.83908046,0.492307692,0.921455939,0.579487179,0.863984674,0.607692308,0.83908046,0.451282051,0.929118774,0.378378378,0.887990762,0.22972973,0.965357968,0.281081081,0.909930716,0.37027027,0.887990762,0.197297297,0.968822171
962,0.650385604,0.831739962,0.470437018,0.93499044,0.526992288,0.879541109,0.560411311,0.831739962,0.419023136,0.95793499,0.371191136,0.872,0.232686981,0.974857143,0.288088643,0.891428571,0.35734072,0.872,0.199445983,0.958857143
963,0.701492537,0.833333333,0.492537313,0.921568627,0.597014925,0.866666667,0.616915423,0.833333333,0.435323383,0.952941176,0.391891892,0.854503464,0.213513514,0.963048499,0.340540541,0.88221709,0.386486486,0.854503464,0.202702703,0.944572748
964,0.68,0.847299814,0.461333333,0.934823091,0.573333333,0.875232775,0.594666667,0.847299814,0.405333333,0.951582868,0.421052632,0.89135514,0.255263158,0.977803738,0.328947368,0.89953271,0.405263158,0.89135514,0.228947368,0.964953271
965,0.697916667,0.803030303,0.505208333,0.912878788,0.606770833,0.839015152,0.598958333,0.803030303,0.434895833,0.926136364,0.414634146,0.885462555,0.225609756,0.966960352,0.344512195,0.9030837,0.399390244,0.885462555,0.225609756,0.957048458
966,0.697050938,0.846011132,0.533512064,0.935064935,0.571045576,0.868274583,0.603217158,0.846011132,0.44772118,0.948051948,0.41046832,0.882016037,0.261707989,0.963344788,0.316804408,0.887743414,0.396694215,0.882016037,0.209366391,0.95303551
967,0.67357513,0.863117871,0.481865285,0.950570342,0.611398964,0.891634981,0.601036269,0.863117871,0.417098446,0.965779468,0.381818182,0.885209713,0.227272727,0.972406181,0.284848485,0.899558499,0.360606061,0.885209713,0.209090909,0.965783664
968,0.694444444,0.835271318,0.507575758,0.94379845,0.613636364,0.850775194,0.616161616,0.835271318,0.444444444,0.947674419,0.422976501,0.871043376,0.25848564,0.970691676,0.347258486,0.885111372,0.415143603,0.871043376,0.253263708,0.953106682
969,0.654545455,0.853889943,0.477922078,0.943074004,0.58961039,0.874762808,0.597402597,0.853889943,0.420779221,0.935483871,0.443526171,0.894616266,0.231404959,0.96792669,0.38292011,0.909507446,0.429752066,0.894616266,0.209366391,0.964490263
970,0.627684964,0.839756592,0.465393795,0.951318458,0.53221957,0.837728195,0.553699284,0.839756592,0.403341289,0.939148073,0.436813187,0.892201835,0.274725275,0.967889908,0.32967033,0.918577982,0.425824176,0.892201835,0.233516484,0.951834862
971,0.652956298,0.843212237,0.462724936,0.913957935,0.552699229,0.86998088,0.570694087,0.843212237,0.434447301,0.936902486,0.462184874,0.895335609,0.288515406,0.965870307,0.366946779,0.903299204,0.448179272,0.895335609,0.24929972,0.956769056
972,0.676020408,0.848076923,0.543367347,0.946153846,0.581632653,0.875,0.596938776,0.848076923,0.456632653,0.946153846,0.469565217,0.860830527,0.27826087,0.957351291,0.385507246,0.89674523,0.443478261,0.860830527,0.243478261,0.953984287
973,0.676470588,0.845238095,0.490196078,0.94047619,0.556372549,0.876984127,0.583333333,0.845238095,0.428921569,0.950396825,0.398305085,0.892290249,0.268361582,0.964852608,0.347457627,0.899092971,0.389830508,0.892290249,0.214689266,0.9569161
974,0.674358974,0.848659004,0.517948718,0.921455939,0.574358974,0.862068966,0.58974359,0.848659004,0.435897436,0.931034483,0.481481481,0.871186441,0.296296296,0.964971751,0.404558405,0.898305085,0.464387464,0.871186441,0.279202279,0.955932203
975,0.670025189,0.819417476,0.483627204,0.914563107,0.586901763,0.85631068,0.584382872,0.819417476,0.400503778,0.92038835,0.430851064,0.870930233,0.257978723,0.96744186,0.364361702,0.88372093,0.417553191,0.870930233,0.234042553,0.953488372
976,0.682619647,0.836893204,0.498740554,0.941747573,0.614609572,0.846601942,0.61209068,0.836893204,0.420654912,0.939805825,0.418282548,0.890285714,0.24099723,0.963428571,0.346260388,0.904,0.398891967,0.890285714,0.221606648,0.964571429
977,0.690909091,0.848197343,0.535064935,0.927893738,0.605194805,0.853889943,0.597402597,0.848197343,0.444155844,0.937381404,0.434782609,0.872053872,0.246376812,0.962962963,0.35942029,0.891133558,0.428985507,0.872053872,0.208695652,0.939393939
978,0.647368421,0.827067669,0.505263158,0.934210526,0.584210526,0.857142857,0.597368421,0.827067669,0.45,0.936090226,0.450581395,0.877802691,0.238372093,0.961883408,0.351744186,0.89573991,0.444767442,0.877802691,0.206395349,0.958520179
979,0.649253731,0.815686275,0.475124378,0.917647059,0.582089552,0.849019608,0.564676617,0.815686275,0.437810945,0.931372549,0.495356037,0.895947426,0.263157895,0.968236583,0.374613003,0.906900329,0.473684211,0.895947426,0.238390093,0.961664841
980,0.65374677,0.847619048,0.478036176,0.939047619,0.545219638,0.864761905,0.563307494,0.847619048,0.439276486,0.946666667,0.430136986,0.876004592,0.243835616,0.962112514,0.378082192,0.888633754,0.416438356,0.876004592,0.238356164,0.948335247
981,0.650510204,0.817307692,0.487244898,0.923076923,0.558673469,0.842307692,0.56122449,0.817307692,0.456632653,0.951923077,0.43442623,0.890804598,0.270491803,0.970114943,0.333333333,0.902298851,0.412568306,0.890804598,0.259562842,0.957471264
982,0.648717949,0.83908046,0.48974359,0.938697318,0.556410256,0.875478927,0.574358974,0.83908046,0.397435897,0.95210728,0.413294798,0.871910112,0.268786127,0.959550562,0.320809249,0.888764045,0.398843931,0.871910112,0.228323699,0.949438202
983,0.660621762,0.849809886,0.461139896,0.941064639,0.541450777,0.872623574,0.575129534,0.849809886,0.411917098,0.954372624,0.454545455,0.877828054,0.267045455,0.969457014,0.349431818,0.892533937,0.434659091,0.877828054,0.230113636,0.950226244
984,0.712,0.824953445,0.512,0.912476723,0.632,0.862197393,0.642666667,0.824953445,0.397333333,0.931098696,0.370481928,0.875,0.25,0.976769912,0.337349398,0.903761062,0.346385542,0.875,0.231927711,0.970132743
985,0.699738903,0.831758034,0.532637076,0.933837429,0.621409922,0.884688091,0.61618799,0.831758034,0.485639687,0.950850662,0.426273458,0.88760139,0.249329759,0.969872538,0.343163539,0.901506373,0.412868633,0.88760139,0.211796247,0.958285052
986,0.653366584,0.821917808,0.528678304,0.911937378,0.57605985,0.849315068,0.558603491,0.821917808,0.463840399,0.929549902,0.443113772,0.87804878,0.263473054,0.963414634,0.350299401,0.896895787,0.428143713,0.87804878,0.248502994,0.946784922
987,0.639473684,0.827067669,0.463157895,0.934210526,0.573684211,0.855263158,0.568421053,0.827067669,0.428947368,0.945488722,0.445427729,0.900780379,0.244837758,0.962095875,0.353982301,0.903010033,0.427728614,0.900780379,0.238938053,0.959866221
988,0.705583756,0.847490347,0.472081218,0.922779923,0.588832487,0.837837838,0.624365482,0.847490347,0.401015228,0.928571429,0.444767442,0.864349776,0.293604651,0.959641256,0.325581395,0.881165919,0.427325581,0.864349776,0.25872093,0.94955157
989,0.663390663,0.835643564,0.491400491,0.932673267,0.57985258,0.857425743,0.57002457,0.835643564,0.422604423,0.924752475,0.46529563,0.890200708,0.285347044,0.968122786,0.36503856,0.902007084,0.452442159,0.890200708,0.257069409,0.964580874
990,0.704960836,0.860113422,0.540469974,0.93194707,0.613577023,0.869565217,0.613577023,0.860113422,0.477806789,0.947069943,0.396011396,0.900564972,0.230769231,0.970621469,0.347578348,0.903954802,0.378917379,0.900564972,0.202279202,0.961581921
991,0.615,0.81640625,0.46,0.921875,0.545,0.873046875,0.5675,0.81640625,0.3825,0.939453125,0.419354839,0.869273743,0.246334311,0.962011173,0.337243402,0.878212291,0.404692082,0.869273743,0.2228739,0.954189944
992,0.704485488,0.872420263,0.498680739,0.951219512,0.633245383,0.896810507,0.62005277,0.872420263,0.430079156,0.951219512,0.414634146,0.876585928,0.260162602,0.972318339,0.344173442,0.893886967,0.401084011,0.876585928,0.216802168,0.948096886
993,0.670951157,0.854684512,0.511568123,0.942638623,0.580976864,0.889101338,0.619537275,0.854684512,0.434447301,0.942638623,0.424731183,0.873842593,0.225806452,0.97337963,0.322580645,0.892361111,0.413978495,0.873842593,0.225806452,0.957175926
994,0.662004662,0.850931677,0.466200466,0.925465839,0.575757576,0.867494824,0.575757576,0.850931677,0.417249417,0.939958592,0.410404624,0.864044944,0.25433526,0.95505618,0.326589595,0.896629213,0.39017341,0.864044944,0.257225434,0.952808989
995,0.702072539,0.849809886,0.528497409,0.931558935,0.629533679,0.872623574,0.621761658,0.849809886,0.461139896,0.937262357,0.447293447,0.896045198,0.270655271,0.975141243,0.367521368,0.905084746,0.43019943,0.896045198,0.247863248,0.967231638
996,0.673796791,0.845724907,0.5,0.949814126,0.577540107,0.879182156,0.601604278,0.845724907,0.427807487,0.957249071,0.38028169,0.879682179,0.253521127,0.972758229,0.309859155,0.895573212,0.354929577,0.879682179,0.216901408,0.960272418
997,0.658227848,0.849129594,0.498734177,0.932301741,0.572151899,0.852998066,0.582278481,0.849129594,0.405063291,0.947775629,0.43956044,0.884174312,0.252747253,0.972477064,0.340659341,0.89793578,0.423076923,0.884174312,0.21978022,0.961009174
998,0.678010471,0.839622642,0.481675393,0.937735849,0.62565445,0.877358491,0.620418848,0.839622642,0.434554974,0.945283019,0.417366947,0.878270762,0.266106443,0.962457338,0.322128852,0.907849829,0.403361345,0.878270762,0.254901961,0.949943117
999,0.65974026,0.821631879,0.467532468,0.925996205,0.597402597,0.848197343,0.58961039,0.821631879,0.397402597,0.941176471,0.427055703,0.897555297,0.25198939,0.970896391,0.331564987,0.899883586,0.416445623,0.897555297,0.225464191,0.960419092
1000,0.701570681,0.839622642,0.497382199,0.941509434,0.630890052,0.858490566,0.630890052,0.839622642,0.437172775,0.949056604,0.412345679,0.880866426,0.239506173,0.962695548,0.35308642,0.897713598,0.395061728,0.880866426,0.241975309,0.954271961
1001,0.626666667,0.832402235,0.429333333,0.925512104,0.533333333,0.869646182,0.562666667,0.832402235,0.397333333,0.934823091,0.420903955,0.873015873,0.240112994,0.965986395,0.338983051,0.905895692,0.395480226,0.873015873,0.251412429,0.963718821
1002,0.656790123,0.824457594,0.52345679,0.928994083,0.560493827,0.84418146,0.572839506,0.824457594,0.432098765,0.938856016,0.397660819,0.878076063,0.239766082,0.963087248,0.277777778,0.898210291,0.388888889,0.878076063,0.178362573,0.946308725
1003,0.675062972,0.819417476,0.476070529,0.918446602,0.586901763,0.862135922,0.614609572,0.819417476,0.415617128,0.930097087,0.452380952,0.882222222,0.267857143,0.972222222,0.360119048,0.887777778,0.419642857,0.882222222,0.258928571,0.953333333
1004,0.63902439,0.824701195,0.470731707,0.918326693,0.565853659,0.862549801,0.568292683,0.824701195,0.407317073,0.944223108,0.484848485,0.881898455,0.290909091,0.971302428,0.390909091,0.887417219,0.460606061,0.881898455,0.272727273,0.954746137
1005,0.678481013,0.810444874,0.453164557,0.912959381,0.592405063,0.856866538,0.607594937,0.810444874,0.42278481,0.934235977,0.412844037,0.885588559,0.272171254,0.96919692,0.302752294,0.900990099,0.382262997,0.885588559,0.211009174,0.95379538
1006,0.687817259,0.862934363,0.507614213,0.936293436,0.604060914,0.886100386,0.604060914,0.862934363,0.444162437,0.947876448,0.417142857,0.87020316,0.208571429,0.963882619,0.34,0.875846501,0.411428571,0.87020316,0.2,0.9503386
1007,0.669211196,0.828516378,0.468193384,0.930635838,0.575063613,0.857418112,0.605597964,0.828516378,0.422391858,0.938342967,0.467236467,0.888135593,0.270655271,0.968361582,0.33048433,0.900564972,0.444444444,0.888135593,0.245014245,0.95480226
1008,0.666666667,0.820075758,0.489583333,0.933712121,0.583333333,0.84469697,0.6015625,0.820075758,0.432291667,0.943181818,0.45646438,0.865810968,0.266490765,0.961493582,0.343007916,0.876312719,0.437994723,0.865810968,0.240105541,0.946324387
1009,0.665876777,0.828571429,0.495260664,0.914285714,0.563981043,0.834693878,0.585308057,0.828571429,0.424170616,0.918367347,0.382436261,0.899207248,0.257790368,0.975084938,0.320113314,0.906002265,0.371104816,0.899207248,0.21529745,0.959229898
1010,0.692874693,0.823762376,0.513513514,0.926732673,0.5995086,0.863366337,0.609336609,0.823762376,0.425061425,0.932673267,0.418397626,0.892102336,0.261127596,0.974416018,0.353115727,0.907675195,0.40652819,0.892102336,0.225519288,0.968854283
1011,0.674698795,0.816901408,0.472289157,0.921529175,0.575903614,0.847082495,0.590361446,0.816901408,0.414457831,0.935613682,0.460055096,0.887743414,0.286501377,0.971363116,0.402203857,0.907216495,0.446280992,0.887743414,0.292011019,0.964490263
1012,0.695187166,0.834572491,0.49197861,0.920074349,0.596256684,0.860594796,0.631016043,0.834572491,0.406417112,0.940520446,0.448453608,0.885613208,0.273195876,0.962264151,0.360824742,0.896226415,0.427835052,0.885613208,0.242268041,0.956367925
1013,0.682989691,0.833969466,0.515463918,0.933206107,0.608247423,0.854961832,0.608247423,0.833969466,0.427835052,0.952290076,0.430555556,0.894977169,0.269444444,0.965753425,0.35,0.906392694,0.419444444,0.894977169,0.241666667,0.960045662
1014,0.687657431,0.852427184,0.518891688,0.908737864,0.58186398,0.873786408,0.584382872,0.852427184,0.465994962,0.932038835,0.45508982,0.879157428,0.278443114,0.962305987,0.356287425,0.900221729,0.443113772,0.879157428,0.22754491,0.951219512
1015,0.685643564,0.828740157,0.5,0.937007874,0.599009901,0.866141732,0.596534653,0.828740157,0.462871287,0.933070866,0.479487179,0.892434988,0.284615385,0.975177305,0.394871795,0.906619385,0.469230769,0.892434988,0.238461538,0.956264775
1016,0.640963855,0.824949698,0.496385542,0.907444668,0.551807229,0.839034205,0.559036145,0.824949698,0.424096386,0.935613682,0.456090652,0.8799547,0.280453258,0.963759909,0.345609065,0.889014723,0.433427762,0.8799547,0.254957507,0.950169875
1017,0.627071823,0.809090909,0.475138122,0.923636364,0.544198895,0.850909091,0.524861878,0.809090909,0.395027624,0.943636364,0.472463768,0.875420875,0.272463768,0.970819304,0.347826087,0.891133558,0.460869565,0.875420875,0.246376812,0.962962963
1018,0.638461538,0.825670498,0.469230769,0.913793103,0.556410256,0.856321839,0.558974359,0.825670498,0.430769231,0.948275862,0.485632184,0.89527027,0.301724138,0.969594595,0.408045977,0.903153153,0.465517241,0.89527027,0.272988506,0.960585586
1019,0.676092545,0.841300191,0.447300771,0.923518164,0.611825193,0.877629063,0.614395887,0.841300191,0.419023136,0.936902486,0.443850267,0.894431555,0.267379679,0.977958237,0.403743316,0.908352668,0.430481283,0.894431555,0.248663102,0.954756381
1020,0.676020408,0.836538462,0.487244898,0.925,0.548469388,0.846153846,0.576530612,0.836538462,0.426020408,0.938461538,0.348973607,0.882681564,0.219941349,0.969832402,0.307917889,0.898324022,0.319648094,0.882681564,0.217008798,0.956424581
1021,0.66751269,0.828185328,0.484771574,0.928571429,0.578680203,0.859073359,0.576142132,0.828185328,0.416243655,0.942084942,0.428571429,0.877618523,0.246200608,0.971334068,0.328267477,0.890848953,0.41337386,0.877618523,0.203647416,0.955898567
1022,0.687344913,0.868369352,0.558312655,0.952848723,0.607940447,0.889980354,0.605459057,0.868369352,0.476426799,0.956777996,0.39481268,0.885264342,0.204610951,0.975253093,0.291066282,0.905511811,0.386167147,0.885264342,0.193083573,0.957255343
1023,0.701298701,0.812144213,0.52987013,0.89373814,0.566233766,0.831119545,0.594805195,0.812144213,0.444155844,0.912713472,0.446107784,0.87804878,0.275449102,0.963414634,0.380239521,0.890243902,0.428143713,0.87804878,0.275449102,0.955654102
1024,0.672972973,0.867158672,0.521621622,0.935424354,0.567567568,0.852398524,0.562162162,0.867158672,0.435135135,0.942804428,0.432132964,0.865142857,0.24099723,0.969142857,0.354570637,0.869714286,0.421052632,0.865142857,0.202216066,0.954285714
1025,0.657701711,0.829025845,0.479217604,0.916500994,0.589242054,0.870775348,0.606356968,0.829025845,0.39608802,0.934393638,0.436137072,0.887431694,0.283489097,0.970491803,0.345794393,0.90273224,0.420560748,0.887431694,0.252336449,0.956284153
1026,0.62720403,0.815533981,0.476070529,0.908737864,0.554156171,0.838834951,0.55163728,0.815533981,0.428211587,0.926213592,0.437665782,0.867287544,0.283819629,0.967403958,0.363395225,0.902211874,0.411140584,0.867287544,0.265251989,0.960419092
1027,0.657608696,0.814338235,0.494565217,0.924632353,0.578804348,0.827205882,0.589673913,0.814338235,0.423913043,0.924632353,0.423423423,0.870431894,0.273273273,0.965669989,0.333333333,0.879291251,0.393393393,0.870431894,0.243243243,0.96124031
1028,0.701456311,0.832,0.504854369,0.938,0.623786408,0.878,0.616504854,0.832,0.449029126,0.946,0.442136499,0.868743048,0.24925816,0.974416018,0.34421365,0.878754171,0.424332344,0.868743048,0.234421365,0.949944383
1029,0.646276596,0.830223881,0.462765957,0.932835821,0.539893617,0.867537313,0.566489362,0.830223881,0.412234043,0.932835821,0.434659091,0.876696833,0.230113636,0.968325792,0.355113636,0.902714932,0.426136364,0.876696833,0.21875,0.951357466
1030,0.666666667,0.855491329,0.470737913,0.936416185,0.603053435,0.87283237,0.605597964,0.855491329,0.41475827,0.942196532,0.433802817,0.88876277,0.273239437,0.975028377,0.332394366,0.896708286,0.41971831,0.88876277,0.256338028,0.959137344
1031,0.618811881,0.789370079,0.45049505,0.893700787,0.514851485,0.828740157,0.534653465,0.789370079,0.391089109,0.92519685,0.461756374,0.889014723,0.260623229,0.970554926,0.351274788,0.902604757,0.444759207,0.889014723,0.240793201,0.958097395
1032,0.652392947,0.827184466,0.481108312,0.930097087,0.569269521,0.836893204,0.58186398,0.827184466,0.415617128,0.922330097,0.447513812,0.867276888,0.237569061,0.959954233,0.375690608,0.897025172,0.428176796,0.867276888,0.248618785,0.953089245
1033,0.643617021,0.850746269,0.457446809,0.947761194,0.566489362,0.876865672,0.579787234,0.850746269,0.414893617,0.944029851,0.422459893,0.877030162,0.243315508,0.967517401,0.315508021,0.88863109,0.401069519,0.877030162,0.205882353,0.954756381
1034,0.672330097,0.85,0.485436893,0.94,0.580097087,0.87,0.609223301,0.85,0.427184466,0.95,0.417344173,0.904267589,0.262872629,0.978085352,0.382113821,0.910034602,0.406504065,0.904267589,0.276422764,0.972318339
1035,0.678832117,0.844311377,0.525547445,0.910179641,0.581508516,0.860279441,0.586374696,0.844311377,0.464720195,0.942115768,0.399441341,0.879271071,0.262569832,0.974943052,0.329608939,0.888382688,0.374301676,0.879271071,0.237430168,0.960136674
1036,0.6825,0.845703125,0.51,0.9453125,0.5975,0.869140625,0.615,0.845703125,0.4525,0.947265625,0.483516484,0.877293578,0.315934066,0.966743119,0.403846154,0.896788991,0.458791209,0.877293578,0.28021978,0.962155963
1037,0.652061856,0.816793893,0.466494845,0.93129771,0.548969072,0.858778626,0.572164948,0.816793893,0.394329897,0.952290076,0.369230769,0.884742042,0.209230769,0.96377607,0.310769231,0.89791438,0.347692308,0.884742042,0.2,0.952799122
1038,0.637333333,0.860335196,0.442666667,0.947858473,0.552,0.875232775,0.554666667,0.860335196,0.394666667,0.96461825,0.469208211,0.901675978,0.284457478,0.969832402,0.331378299,0.906145251,0.451612903,0.901675978,0.258064516,0.963128492
1039,0.689295039,0.827977316,0.503916449,0.920604915,0.613577023,0.852551985,0.613577023,0.827977316,0.428198433,0.916824197,0.410493827,0.865131579,0.231481481,0.966008772,0.327160494,0.891447368,0.395061728,0.865131579,0.216049383,0.958333333
1040,0.64321608,0.803501946,0.489949749,0.912451362,0.567839196,0.842412451,0.577889447,0.803501946,0.417085427,0.926070039,0.412256267,0.900798176,0.228412256,0.970353478,0.331476323,0.916761688,0.395543175,0.900798176,0.222841226,0.958950969
1041,0.676122931,0.793456033,0.498817967,0.914110429,0.562647754,0.81799591,0.586288416,0.793456033,0.425531915,0.938650307,0.381088825,0.882750846,0.223495702,0.961668546,0.303724928,0.892897407,0.361031519,0.882750846,0.200573066,0.957158963
1042,0.674358974,0.800766284,0.528205128,0.915708812,0.576923077,0.848659004,0.594871795,0.800766284,0.461538462,0.91954023,0.442307692,0.881880734,0.299450549,0.962155963,0.354395604,0.899082569,0.425824176,0.881880734,0.25,0.959862385
1043,0.619170984,0.847908745,0.471502591,0.935361217,0.559585492,0.872623574,0.559585492,0.847908745,0.388601036,0.931558935,0.422619048,0.881111111,0.25297619,0.964444444,0.37202381,0.885555556,0.404761905,0.881111111,0.255952381,0.96
1044,0.665048544,0.846,0.466019417,0.924,0.558252427,0.86,0.594660194,0.846,0.410194175,0.93,0.378666667,0.87456446,0.218666667,0.957026713,0.333333333,0.888501742,0.365333333,0.87456446,0.194666667,0.950058072
1045,0.659033079,0.849710983,0.496183206,0.921001927,0.567430025,0.851637765,0.582697201,0.849710983,0.419847328,0.934489403,0.43814433,0.862028302,0.234536082,0.969339623,0.355670103,0.891509434,0.425257732,0.862028302,0.211340206,0.961084906
1046,0.678010471,0.843396226,0.502617801,0.928301887,0.607329843,0.856603774,0.596858639,0.843396226,0.468586387,0.926415094,0.361581921,0.871882086,0.225988701,0.972789116,0.302259887,0.89569161,0.34180791,0.871882086,0.189265537,0.9569161
1047,0.630922693,0.825831703,0.46882793,0.929549902,0.551122195,0.843444227,0.551122195,0.825831703,0.443890274,0.945205479,0.452173913,0.879910213,0.28115942,0.962962963,0.353623188,0.901234568,0.423188406,0.879910213,0.252173913,0.961840629
1048,0.625615764,0.843873518,0.4408867,0.920948617,0.549261084,0.877470356,0.551724138,0.843873518,0.386699507,0.940711462,0.40960452,0.869614512,0.265536723,0.964852608,0.338983051,0.893424036,0.392655367,0.869614512,0.231638418,0.948979592
1049,0.671679198,0.820662768,0.503759398,0.923976608,0.588972431,0.85380117,0.593984962,0.820662768,0.418546366,0.937621832,0.441926346,0.885617214,0.263456091,0.967157418,0.362606232,0.907134768,0.419263456,0.885617214,0.235127479,0.959229898
1050,0.655940594,0.811023622,0.507425743,0.921259843,0.576732673,0.830708661,0.601485149,0.811023622,0.405940594,0.93503937,0.398328691,0.872291904,0.22005571,0.966932725,0.320334262,0.89281642,0.381615599,0.872291904,0.206128134,0.956670468
1051,0.682926829,0.838645418,0.485365854,0.920318725,0.626829268,0.866533865,0.595121951,0.838645418,0.443902439,0.928286853,0.446927374,0.89977221,0.259776536,0.976082005,0.340782123,0.904328018,0.432960894,0.89977221,0.209497207,0.968109339
1052,0.658097686,0.843212237,0.496143959,0.929254302,0.575835476,0.86998088,0.57840617,0.843212237,0.40874036,0.933078394,0.390957447,0.890697674,0.260638298,0.975581395,0.321808511,0.91627907,0.372340426,0.890697674,0.204787234,0.963953488
1053,0.674479167,0.827651515,0.505208333,0.929924242,0.572916667,0.856060606,0.575520833,0.827651515,0.421875,0.926136364,0.455072464,0.878787879,0.295652174,0.970819304,0.373913043,0.892255892,0.452173913,0.878787879,0.260869565,0.962962963
1054,0.695090439,0.832380952,0.480620155,0.925714286,0.57622739,0.860952381,0.607235142,0.832380952,0.418604651,0.92952381,0.445086705,0.86741573,0.268786127,0.962921348,0.358381503,0.880898876,0.436416185,0.86741573,0.260115607,0.953932584
1055,0.66835443,0.816247582,0.508860759,0.916827853,0.55443038,0.847195358,0.584810127,0.816247582,0.440506329,0.918762089,0.42287234,0.876744186,0.252659574,0.965116279,0.329787234,0.898837209,0.414893617,0.876744186,0.218085106,0.959302326
1056,0.682170543,0.801904762,0.488372093,0.908571429,0.596899225,0.815238095,0.609819121,0.801904762,0.441860465,0.918095238,0.385416667,0.873239437,0.229166667,0.968309859,0.299479167,0.896713615,0.361979167,0.873239437,0.197916667,0.958920188
1057,0.64507772,0.855513308,0.505181347,0.933460076,0.582901554,0.874524715,0.562176166,0.855513308,0.435233161,0.941064639,0.481586402,0.882219706,0.260623229,0.973952435,0.376770538,0.911664779,0.470254958,0.882219706,0.246458924,0.972819932
1058,0.693298969,0.81870229,0.487113402,0.938931298,0.597938144,0.872137405,0.62371134,0.81870229,0.422680412,0.950381679,0.438016529,0.862542955,0.283746556,0.95532646,0.360881543,0.875143184,0.407713499,0.862542955,0.261707989,0.949599084
1059,0.652519894,0.807476636,0.477453581,0.91588785,0.596816976,0.828037383,0.596816976,0.807476636,0.419098143,0.925233645,0.40974212,0.87373168,0.23495702,0.966178129,0.335243553,0.882750846,0.401146132,0.87373168,0.220630372,0.956031567
1060,0.676020408,0.834615385,0.474489796,0.919230769,0.596938776,0.857692308,0.612244898,0.834615385,0.428571429,0.926923077,0.415254237,0.892290249,0.254237288,0.964852608,0.361581921,0.905895692,0.395480226,0.892290249,0.214689266,0.9569161
1061,0.639896373,0.855513308,0.448186528,0.942965779,0.564766839,0.866920152,0.564766839,0.855513308,0.367875648,0.948669202,0.414364641,0.864988558,0.245856354,0.964530892,0.325966851,0.887871854,0.400552486,0.864988558,0.218232044,0.949656751
1062,0.673076923,0.813868613,0.491758242,0.927007299,0.549450549,0.846715328,0.576923077,0.813868613,0.423076923,0.945255474,0.439226519,0.876430206,0.29558011,0.959954233,0.38121547,0.900457666,0.422651934,0.876430206,0.251381215,0.964530892
1063,0.628571429,0.855691057,0.457142857,0.932926829,0.538095238,0.869918699,0.533333333,0.855691057,0.416666667,0.943089431,0.425824176,0.894495413,0.293956044,0.970183486,0.321428571,0.894495413,0.414835165,0.894495413,0.21978022,0.969036697
1064,0.706467662,0.868627451,0.527363184,0.947058824,0.626865672,0.874509804,0.63681592,0.868627451,0.455223881,0.937254902,0.446866485,0.888377445,0.283378747,0.95972382,0.348773842,0.898734177,0.416893733,0.888377445,0.261580381,0.953970081
1065,0.653225806,0.844444444,0.48655914,0.92962963,0.561827957,0.881481481,0.569892473,0.844444444,0.416666667,0.95,0.411242604,0.877505568,0.26035503,0.958797327,0.331360947,0.886414254,0.384615385,0.877505568,0.227810651,0.94766147
1066,0.664041995,0.826741996,0.517060367,0.934086629,0.56167979,0.866290019,0.54855643,0.826741996,0.448818898,0.941619586,0.421787709,0.900911162,0.234636872,0.966970387,0.38547486,0.910022779,0.407821229,0.900911162,0.24301676,0.968109339
1067,0.638522427,0.849906191,0.46701847,0.936210131,0.559366755,0.855534709,0.556728232,0.849906191,0.406332454,0.938086304,0.410404624,0.885393258,0.248554913,0.965168539,0.312138728,0.905617978,0.401734104,0.885393258,0.210982659,0.966292135
1068,0.613756614,0.829588015,0.431216931,0.936329588,0.547619048,0.86329588,0.560846561,0.829588015,0.367724868,0.956928839,0.425,0.864155251,0.269444444,0.96347032,0.355555556,0.883561644,0.402777778,0.864155251,0.25,0.956621005
1069,0.683453237,0.83030303,0.510791367,0.931313131,0.587529976,0.860606061,0.618705036,0.83030303,0.419664269,0.941414141,0.43258427,0.873863636,0.258426966,0.964772727,0.323033708,0.905681818,0.412921348,0.873863636,0.210674157,0.961363636
1070,0.664021164,0.814606742,0.505291005,0.93071161,0.621693122,0.855805243,0.605820106,0.814606742,0.420634921,0.947565543,0.426592798,0.859428571,0.265927978,0.961142857,0.337950139,0.873142857,0.418282548,0.859428571,0.249307479,0.957714286
1071,0.647058824,0.821428571,0.470588235,0.912698413,0.580882353,0.849206349,0.595588235,0.821428571,0.387254902,0.924603175,0.428571429,0.876146789,0.25,0.972477064,0.340659341,0.900229358,0.423076923,0.876146789,0.225274725,0.963302752
1072,0.665822785,0.81237911,0.493670886,0.918762089,0.6,0.862669246,0.592405063,0.81237911,0.458227848,0.938104449,0.425474255,0.869665513,0.262872629,0.957324106,0.363143631,0.890426759,0.409214092,0.869665513,0.241192412,0.953863899
1073,0.64160401,0.857699805,0.476190476,0.937621832,0.604010025,0.857699805,0.571428571,0.857699805,0.43358396,0.943469786,0.409090909,0.885775862,0.275974026,0.974137931,0.331168831,0.898706897,0.386363636,0.885775862,0.233766234,0.962284483
1074,0.712820513,0.858237548,0.451282051,0.932950192,0.602564103,0.869731801,0.635897436,0.858237548,0.441025641,0.9348659,0.457627119,0.891156463,0.276836158,0.970521542,0.370056497,0.899092971,0.43220339,0.891156463,0.268361582,0.961451247
1075,0.682382134,0.854616896,0.521091811,0.970530452,0.568238213,0.886051081,0.583126551,0.854616896,0.449131514,0.952848723,0.418674699,0.894911504,0.277108434,0.970132743,0.328313253,0.907079646,0.397590361,0.894911504,0.222891566,0.960176991
1076,0.670761671,0.833663366,0.488943489,0.930693069,0.56019656,0.869306931,0.604422604,0.833663366,0.425061425,0.940594059,0.424501425,0.86440678,0.256410256,0.966101695,0.304843305,0.882485876,0.413105413,0.86440678,0.230769231,0.959322034
1077,0.668246445,0.844897959,0.471563981,0.92244898,0.578199052,0.857142857,0.587677725,0.844897959,0.402843602,0.932653061,0.458689459,0.88700565,0.273504274,0.976271186,0.347578348,0.894915254,0.444444444,0.88700565,0.253561254,0.959322034
1078,0.68814433,0.832061069,0.484536082,0.919847328,0.582474227,0.851145038,0.595360825,0.832061069,0.432989691,0.927480916,0.475504323,0.865016873,0.293948127,0.964004499,0.357348703,0.896512936,0.446685879,0.865016873,0.233429395,0.956130484
1079,0.657568238,0.805500982,0.481389578,0.923379175,0.578163772,0.844793713,0.568238213,0.805500982,0.439205955,0.929273084,0.409090909,0.886313466,0.2,0.960264901,0.33030303,0.90397351,0.4,0.886313466,0.215151515,0.959161148
1080,0.678217822,0.803149606,0.49009901,0.921259843,0.594059406,0.844488189,0.613861386,0.803149606,0.45049505,0.927165354,0.442970822,0.878928987,0.25198939,0.969732247,0.363395225,0.894062864,0.424403183,0.878928987,0.24137931,0.962747381
1081,0.715053763,0.807407407,0.516129032,0.914814815,0.596774194,0.864814815,0.615591398,0.807407407,0.454301075,0.922222222,0.426183844,0.884834664,0.250696379,0.971493729,0.339832869,0.89281642,0.401114206,0.884834664,0.22005571,0.96009122
1082,0.658163265,0.85,0.494897959,0.928846154,0.589285714,0.865384615,0.581632653,0.85,0.415816327,0.944230769,0.403508772,0.88590604,0.277777778,0.964205817,0.342105263,0.906040268,0.394736842,0.88590604,0.242690058,0.951901566
1083,0.672330097,0.826,0.502427184,0.938,0.572815534,0.858,0.606796117,0.826,0.410194175,0.942,0.434911243,0.900890869,0.24852071,0.968819599,0.331360947,0.907572383,0.420118343,0.900890869,0.233727811,0.964365256
1084,0.674937965,0.852652259,0.481389578,0.937131631,0.610421836,0.874263261,0.625310174,0.852652259,0.419354839,0.939096267,0.374677003,0.865724382,0.242894057,0.964664311,0.320413437,0.890459364,0.364341085,0.865724382,0.227390181,0.950530035
1085,0.644736842,0.832706767,0.428947368,0.939849624,0.568421053,0.889097744,0.602631579,0.832706767,0.347368421,0.960526316,0.420168067,0.873720137,0.271708683,0.964732651,0.347338936,0.880546075,0.400560224,0.873720137,0.268907563,0.955631399
1086,0.664215686,0.839285714,0.465686275,0.936507937,0.585784314,0.880952381,0.593137255,0.839285714,0.404411765,0.950396825,0.383522727,0.880090498,0.232954545,0.969457014,0.321022727,0.906108597,0.377840909,0.880090498,0.201704545,0.963800905
1087,0.664041995,0.845574388,0.467191601,0.935969868,0.56167979,0.86440678,0.606299213,0.845574388,0.404199475,0.943502825,0.482384824,0.895040369,0.327913279,0.961937716,0.411924119,0.897347174,0.463414634,0.895040369,0.292682927,0.950403691
1088,0.660465116,0.854771784,0.488372093,0.939834025,0.558139535,0.865145228,0.569767442,0.854771784,0.411627907,0.941908714,0.438235294,0.892857143,0.226470588,0.969866071,0.341176471,0.904017857,0.426470588,0.892857143,0.2,0.964285714
1089,0.674540682,0.815442561,0.503937008,0.919020716,0.553805774,0.853107345,0.582677165,0.815442561,0.427821522,0.926553672,0.385026738,0.892111369,0.211229947,0.976798144,0.304812834,0.911832947,0.374331551,0.892111369,0.184491979,0.97099768
1090,0.658602151,0.825925926,0.505376344,0.925925926,0.575268817,0.857407407,0.569892473,0.825925926,0.456989247,0.940740741,0.398907104,0.874712644,0.286885246,0.971264368,0.330601093,0.891954023,0.382513661,0.874712644,0.243169399,0.963218391
1091,0.666666667,0.83908046,0.517948718,0.938697318,0.6,0.879310345,0.58974359,0.83908046,0.464102564,0.948275862,0.404639175,0.892688679,0.244845361,0.970518868,0.306701031,0.899764151,0.386597938,0.892688679,0.221649485,0.954009434
1092,0.639175258,0.820610687,0.469072165,0.927480916,0.554123711,0.847328244,0.56443299,0.820610687,0.404639175,0.940839695,0.385915493,0.889897843,0.242253521,0.964812713,0.312676056,0.894438138,0.36056338,0.889897843,0.214084507,0.955732123
1093,0.6975,0.814453125,0.51,0.908203125,0.6175,0.84765625,0.63,0.814453125,0.455,0.916015625,0.434210526,0.903037383,0.281578947,0.976635514,0.342105263,0.90771028,0.410526316,0.903037383,0.239473684,0.966121495
1094,0.688279302,0.825831703,0.503740648,0.929549902,0.591022444,0.863013699,0.618453865,0.825831703,0.451371571,0.945205479,0.405714286,0.880361174,0.24,0.961625282,0.351428571,0.905191874,0.385714286,0.880361174,0.22,0.960496614
1095,0.632653061,0.840384615,0.487244898,0.915384615,0.596938776,0.853846154,0.581632653,0.840384615,0.433673469,0.938461538,0.44011976,0.888026608,0.248502994,0.973392461,0.359281437,0.904656319,0.416167665,0.888026608,0.24251497,0.967849224
1096,0.693877551,0.834615385,0.494897959,0.932692308,0.568877551,0.853846154,0.619897959,0.834615385,0.433673469,0.944230769,0.445086705,0.873033708,0.257225434,0.958426966,0.37283237,0.895505618,0.433526012,0.873033708,0.234104046,0.95505618
1097,0.68,0.84765625,0.4725,0.9296875,0.5775,0.87109375,0.61,0.84765625,0.3975,0.94921875,0.469387755,0.872340426,0.236151603,0.967525196,0.387755102,0.889137738,0.466472303,0.872340426,0.236151603,0.963045913
1098,0.644391408,0.801217039,0.46300716,0.920892495,0.577565632,0.878296146,0.560859189,0.801217039,0.422434368,0.951318458,0.402777778,0.863013699,0.263888889,0.969178082,0.338888889,0.884703196,0.391666667,0.863013699,0.213888889,0.953196347
1099,0.641463415,0.842629482,0.46097561,0.920318725,0.563414634,0.854581673,0.565853659,0.842629482,0.397560976,0.938247012,0.475504323,0.868391451,0.319884726,0.970753656,0.423631124,0.88863892,0.463976945,0.868391451,0.291066282,0.958380202
1100,0.664987406,0.838834951,0.445843829,0.92815534,0.594458438,0.858252427,0.607052897,0.838834951,0.377833753,0.941747573,0.463215259,0.887226697,0.29972752,0.972382048,0.376021798,0.906789413,0.435967302,0.887226697,0.267029973,0.96547756
1101,0.675126904,0.824324324,0.482233503,0.916988417,0.604060914,0.855212355,0.586294416,0.824324324,0.441624365,0.930501931,0.442159383,0.890200708,0.280205656,0.978748524,0.359897172,0.886658796,0.42159383,0.890200708,0.246786632,0.958677686
1102,0.660526316,0.845864662,0.484210526,0.932330827,0.581578947,0.885338346,0.592105263,0.845864662,0.405263158,0.943609023,0.43620178,0.886540601,0.240356083,0.96996663,0.382789318,0.895439377,0.421364985,0.886540601,0.225519288,0.964404894
1103,0.685714286,0.808349146,0.522077922,0.927893738,0.6,0.85199241,0.594805195,0.808349146,0.45974026,0.927893738,0.393048128,0.873549884,0.229946524,0.969837587,0.315508021,0.882830626,0.379679144,0.873549884,0.232620321,0.967517401
1104,0.617283951,0.828402367,0.451851852,0.944773176,0.543209877,0.885601578,0.560493827,0.828402367,0.419753086,0.944773176,0.43373494,0.887168142,0.268072289,0.975663717,0.355421687,0.894911504,0.406626506,0.887168142,0.231927711,0.965707965
1105,0.670951157,0.824091778,0.524421594,0.944550669,0.583547558,0.862332696,0.598971722,0.824091778,0.470437018,0.948374761,0.377892031,0.873671783,0.244215938,0.961038961,0.326478149,0.887839433,0.362467866,0.873671783,0.22622108,0.950413223
1106,0.660933661,0.83960396,0.488943489,0.934653465,0.572481572,0.879207921,0.572481572,0.83960396,0.412776413,0.936633663,0.437681159,0.878787879,0.275362319,0.974186308,0.350724638,0.890011223,0.402898551,0.878787879,0.255072464,0.95959596
1107,0.687344913,0.813359528,0.523573201,0.909626719,0.59057072,0.848722986,0.617866005,0.813359528,0.464019851,0.919449902,0.421203438,0.883878241,0.260744986,0.958286359,0.335243553,0.908680947,0.415472779,0.883878241,0.246418338,0.961668546
1108,0.696891192,0.821292776,0.481865285,0.908745247,0.619170984,0.876425856,0.619170984,0.821292776,0.42746114,0.925855513,0.436464088,0.883295195,0.26519337,0.973684211,0.370165746,0.911899314,0.425414365,0.883295195,0.245856354,0.972540046
1109,0.6875,0.833984375,0.5125,0.9375,0.6,0.857421875,0.6075,0.833984375,0.4475,0.94140625,0.431168831,0.888366627,0.254545455,0.976498237,0.345454545,0.896592244,0.4,0.888366627,0.231168831,0.958871915
1110,0.702020202,0.835271318,0.494949495,0.916666667,0.608585859,0.864341085,0.608585859,0.835271318,0.449494949,0.949612403,0.505988024,0.88248337,0.290419162,0.967849224,0.401197605,0.893569845,0.494011976,0.88248337,0.260479042,0.961197339
1111,0.689486553,0.862823062,0.493887531,0.930417495,0.606356968,0.872763419,0.60391198,0.862823062,0.4400978,0.952286282,0.415151515,0.883002208,0.251515152,0.969094923,0.315151515,0.895143488,0.403030303,0.883002208,0.212121212,0.958057395
1112,0.652849741,0.83460076,0.461139896,0.929657795,0.580310881,0.863117871,0.57253886,0.83460076,0.422279793,0.933460076,0.430594901,0.891279728,0.269121813,0.975084938,0.351274788,0.904869762,0.416430595,0.891279728,0.226628895,0.961494904
1113,0.614775726,0.848030019,0.448548813,0.934333959,0.546174142,0.855534709,0.535620053,0.848030019,0.401055409,0.947467167,0.459677419,0.878472222,0.274193548,0.960648148,0.39516129,0.888888889,0.448924731,0.878472222,0.217741935,0.952546296
1114,0.677165354,0.856873823,0.482939633,0.922787194,0.595800525,0.866290019,0.611548556,0.856873823,0.435695538,0.945386064,0.462857143,0.87020316,0.288571429,0.960496614,0.345714286,0.875846501,0.434285714,0.87020316,0.245714286,0.94469526
1115,0.697674419,0.826666667,0.503875969,0.92952381,0.602067183,0.860952381,0.622739018,0.826666667,0.426356589,0.92952381,0.438438438,0.887043189,0.282282282,0.966777409,0.354354354,0.898117386,0.417417417,0.887043189,0.249249249,0.96013289
1116,0.690307329,0.81595092,0.536643026,0.926380368,0.574468085,0.862985685,0.607565012,0.81595092,0.456264775,0.932515337,0.407894737,0.896028037,0.25,0.971962617,0.352631579,0.896028037,0.402631579,0.896028037,0.236842105,0.955607477
1117,0.660194175,0.836,0.5,0.922,0.580097087,0.872,0.589805825,0.836,0.444174757,0.934,0.469740634,0.887514061,0.276657061,0.971878515,0.368876081,0.901012373,0.458213256,0.887514061,0.236311239,0.958380202
1118,0.722365039,0.845124283,0.511568123,0.942638623,0.619537275,0.877629063,0.642673522,0.845124283,0.467866324,0.944550669,0.413333333,0.888501742,0.256,0.974448316,0.352,0.902439024,0.397333333,0.888501742,0.237333333,0.966318235
1119,0.672634271,0.800383877,0.496163683,0.932821497,0.598465473,0.869481766,0.595907928,0.800383877,0.450127877,0.928982726,0.432876712,0.861079219,0.284931507,0.957520092,0.326027397,0.884041332,0.410958904,0.861079219,0.230136986,0.962112514
1120,0.702020202,0.812015504,0.565656566,0.918604651,0.608585859,0.850775194,0.628787879,0.812015504,0.441919192,0.926356589,0.440860215,0.898148148,0.26344086,0.976851852,0.360215054,0.912037037,0.413978495,0.898148148,0.252688172,0.960648148
1121,0.718085106,0.858208955,0.531914894,0.957089552,0.579787234,0.869402985,0.622340426,0.858208955,0.462765957,0.936567164,0.414492754,0.881032548,0.263768116,0.965207632,0.330434783,0.900112233,0.408695652,0.881032548,0.208695652,0.962962963
1122,0.716080402,0.809338521,0.512562814,0.926070039,0.623115578,0.857976654,0.628140704,0.809338521,0.444723618,0.949416342,0.479623824,0.885496183,0.322884013,0.962922574,0.347962382,0.894220284,0.448275862,0.885496183,0.269592476,0.957470011
1123,0.700258398,0.824761905,0.558139535,0.921904762,0.599483204,0.853333333,0.61498708,0.824761905,0.475452196,0.946666667,0.403846154,0.871559633,0.228021978,0.962155963,0.340659341,0.883027523,0.387362637,0.871559633,0.233516484,0.955275229
1124,0.632876712,0.851919561,0.490410959,0.937842779,0.531506849,0.870201097,0.542465753,0.851919561,0.421917808,0.941499086,0.450867052,0.884269663,0.225433526,0.96741573,0.341040462,0.896629213,0.445086705,0.884269663,0.228323699,0.960674157
1125,0.671717172,0.841085271,0.492424242,0.936046512,0.611111111,0.887596899,0.601010101,0.841085271,0.454545455,0.945736434,0.397333333,0.901277584,0.242666667,0.967479675,0.354666667,0.921022067,0.392,0.901277584,0.197333333,0.970963995
1126,0.652392947,0.80776699,0.473551637,0.916504854,0.556675063,0.852427184,0.561712846,0.80776699,0.41813602,0.937864078,0.412742382,0.88,0.271468144,0.965714286,0.360110803,0.897142857,0.393351801,0.88,0.243767313,0.958857143
1127,0.687651332,0.861723447,0.508474576,0.937875752,0.578692494,0.887775551,0.598062954,0.861723447,0.450363196,0.9498998,0.425974026,0.880141011,0.275324675,0.977673325,0.348051948,0.901292597,0.418181818,0.880141011,0.236363636,0.970622797
1128,0.667525773,0.814885496,0.49742268,0.914122137,0.579896907,0.845419847,0.582474227,0.814885496,0.432989691,0.919847328,0.411444142,0.888377445,0.25613079,0.968929804,0.346049046,0.904487917,0.40599455,0.888377445,0.215258856,0.960874568
1129,0.64781491,0.808795411,0.496143959,0.919694073,0.537275064,0.843212237,0.560411311,0.808795411,0.429305913,0.929254302,0.394444444,0.898401826,0.244444444,0.978310502,0.333333333,0.896118721,0.386111111,0.898401826,0.225,0.966894977
1130,0.630681818,0.844642857,0.480113636,0.933928571,0.582386364,0.864285714,0.576704545,0.844642857,0.403409091,0.941071429,0.46031746,0.902097902,0.277777778,0.974358974,0.380952381,0.913752914,0.441798942,0.902097902,0.275132275,0.96969697
1131,0.679144385,0.869888476,0.475935829,0.946096654,0.590909091,0.881040892,0.593582888,0.869888476,0.411764706,0.940520446,0.486486486,0.895902547,0.27027027,0.974529347,0.387387387,0.905869324,0.474474474,0.895902547,0.249249249,0.96124031
1132,0.654545455,0.817836812,0.496103896,0.907020873,0.568831169,0.84629981,0.561038961,0.817836812,0.412987013,0.927893738,0.428571429,0.897435897,0.243386243,0.96969697,0.333333333,0.905594406,0.420634921,0.897435897,0.224867725,0.962703963
1133,0.67,0.8359375,0.5225,0.9375,0.595,0.87109375,0.6125,0.8359375,0.43,0.943359375,0.404639175,0.875,0.25257732,0.966981132,0.317010309,0.890330189,0.389175258,0.875,0.203608247,0.951650943
1134,0.647696477,0.826887661,0.47696477,0.930018416,0.566395664,0.865561694,0.593495935,0.826887661,0.411924119,0.937384899,0.452513966,0.903189066,0.240223464,0.972665148,0.405027933,0.911161731,0.441340782,0.903189066,0.24301676,0.971526196
1135,0.678756477,0.83269962,0.492227979,0.935361217,0.582901554,0.846007605,0.588082902,0.83269962,0.440414508,0.939163498,0.422680412,0.867924528,0.288659794,0.975235849,0.365979381,0.892688679,0.412371134,0.867924528,0.25,0.951650943
1136,0.675603217,0.827458256,0.463806971,0.920222635,0.571045576,0.851576994,0.587131367,0.827458256,0.402144772,0.920222635,0.423295455,0.878959276,0.252840909,0.961538462,0.326704545,0.895927602,0.40625,0.878959276,0.224431818,0.945701357
1137,0.686893204,0.848,0.524271845,0.936,0.616504854,0.866,0.611650485,0.848,0.453883495,0.942,0.446629213,0.884090909,0.27247191,0.975,0.345505618,0.902272727,0.429775281,0.884090909,0.255617978,0.965909091
1138,0.632098765,0.830374753,0.44691358,0.91913215,0.560493827,0.867850099,0.575308642,0.830374753,0.385185185,0.936883629,0.434017595,0.893854749,0.26686217,0.966480447,0.351906158,0.905027933,0.419354839,0.893854749,0.225806452,0.959776536
1139,0.679900744,0.819253438,0.481389578,0.913555992,0.58560794,0.842829077,0.602977667,0.819253438,0.429280397,0.927308448,0.448275862,0.877764843,0.25198939,0.969732247,0.331564987,0.903376019,0.429708223,0.877764843,0.228116711,0.969732247
1140,0.648793566,0.834879406,0.474530831,0.935064935,0.560321716,0.851576994,0.581769437,0.834879406,0.410187668,0.933209647,0.426553672,0.869614512,0.240112994,0.963718821,0.338983051,0.87755102,0.40960452,0.869614512,0.240112994,0.9569161
1141,0.637469586,0.838323353,0.469586375,0.94011976,0.576642336,0.870259481,0.579075426,0.838323353,0.394160584,0.946107784,0.422043011,0.883101852,0.23655914,0.967592593,0.36827957,0.896990741,0.403225806,0.883101852,0.22311828,0.956018519
1142,0.681704261,0.828460039,0.518796992,0.941520468,0.591478697,0.847953216,0.593984962,0.828460039,0.463659148,0.943469786,0.428134557,0.874587459,0.272171254,0.96039604,0.366972477,0.889988999,0.418960245,0.874587459,0.256880734,0.9559956
1143,0.672544081,0.836893204,0.503778338,0.945631068,0.564231738,0.87184466,0.589420655,0.836893204,0.41813602,0.957281553,0.426934097,0.878241263,0.263610315,0.96843292,0.340974212,0.904171364,0.41260745,0.878241263,0.243553009,0.957158963
1144,0.68852459,0.826007326,0.453551913,0.928571429,0.628415301,0.847985348,0.620218579,0.826007326,0.415300546,0.935897436,0.431884058,0.891133558,0.28115942,0.974186308,0.32173913,0.90684624,0.408695652,0.891133558,0.234782609,0.967452301
1145,0.663101604,0.828996283,0.497326203,0.931226766,0.585561497,0.853159851,0.588235294,0.828996283,0.427807487,0.946096654,0.423398329,0.860889396,0.275766017,0.971493729,0.334261838,0.874572406,0.406685237,0.860889396,0.245125348,0.957810718
1146,0.654822335,0.82046332,0.464467005,0.922779923,0.576142132,0.851351351,0.593908629,0.82046332,0.413705584,0.918918919,0.418421053,0.875,0.255263158,0.969626168,0.347368421,0.88317757,0.4,0.875,0.215789474,0.962616822
1147,0.626535627,0.801980198,0.425061425,0.910891089,0.552825553,0.859405941,0.577395577,0.801980198,0.380835381,0.938613861,0.426470588,0.880580357,0.258823529,0.96875,0.367647059,0.891741071,0.417647059,0.880580357,0.241176471,0.955357143
1148,0.66992665,0.803180915,0.498777506,0.918489066,0.599022005,0.840954274,0.60391198,0.803180915,0.449877751,0.920477137,0.426900585,0.891498881,0.242690058,0.968680089,0.32748538,0.9049217,0.418128655,0.891498881,0.201754386,0.960850112
1149,0.706467662,0.849019608,0.502487562,0.917647059,0.582089552,0.860784314,0.629353234,0.849019608,0.39800995,0.925490196,0.388059701,0.901220866,0.23880597,0.968923418,0.313432836,0.918978912,0.367164179,0.901220866,0.223880597,0.963374029
1150,0.665,0.826171875,0.5175,0.94140625,0.605,0.837890625,0.605,0.826171875,0.4375,0.9296875,0.430985915,0.869466515,0.236619718,0.964812713,0.315492958,0.891032917,0.408450704,0.869466515,0.228169014,0.953461975
1151,0.684210526,0.856275304,0.533492823,0.935222672,0.61722488,0.87854251,0.593301435,0.856275304,0.514354067,0.94534413,0.447916667,0.879107981,0.28125,0.965962441,0.3125,0.909624413,0.4296875,0.879107981,0.223958333,0.962441315
1152,0.690909091,0.838709677,0.511688312,0.927893738,0.605194805,0.863377609,0.602597403,0.838709677,0.446753247,0.937381404,0.459064327,0.868008949,0.277777778,0.958612975,0.377192982,0.88590604,0.441520468,0.868008949,0.222222222,0.951901566
1153,0.6375,0.8359375,0.4675,0.92578125,0.5475,0.85546875,0.5425,0.8359375,0.44,0.9375,0.423529412,0.876116071,0.264705882,0.967633929,0.358823529,0.896205357,0.414705882,0.876116071,0.208823529,0.959821429
1154,0.678304239,0.812133072,0.493765586,0.8962818,0.608478803,0.835616438,0.588528678,0.812133072,0.46882793,0.913894325,0.46978022,0.889908257,0.28021978,0.978211009,0.346153846,0.916284404,0.447802198,0.889908257,0.258241758,0.971330275
1155,0.671052632,0.842105263,0.481578947,0.941729323,0.560526316,0.879699248,0.586842105,0.842105263,0.413157895,0.94924812,0.431818182,0.878959276,0.255681818,0.972850679,0.34375,0.881221719,0.400568182,0.878959276,0.235795455,0.955882353
1156,0.650666667,0.830540037,0.482666667,0.938547486,0.506666667,0.865921788,0.554666667,0.830540037,0.389333333,0.940409683,0.409638554,0.904867257,0.289156627,0.977876106,0.298192771,0.915929204,0.394578313,0.904867257,0.225903614,0.965707965
1157,0.686684073,0.846880907,0.501305483,0.950850662,0.634464752,0.865784499,0.618798956,0.846880907,0.441253264,0.958412098,0.430107527,0.858796296,0.260752688,0.959490741,0.322580645,0.888888889,0.405913978,0.858796296,0.225806452,0.958333333
1158,0.657635468,0.855731225,0.460591133,0.938735178,0.573891626,0.87944664,0.600985222,0.855731225,0.389162562,0.940711462,0.452574526,0.891580161,0.273712737,0.974625144,0.363143631,0.901960784,0.430894309,0.891580161,0.262872629,0.973471742
1159,0.6225,0.8203125,0.435,0.919921875,0.5275,0.853515625,0.55,0.8203125,0.3875,0.943359375,0.438692098,0.878020713,0.245231608,0.962025316,0.340599455,0.881472957,0.422343324,0.878020713,0.226158038,0.952819333
1160,0.630319149,0.832089552,0.444148936,0.936567164,0.545212766,0.861940299,0.555851064,0.832089552,0.401595745,0.942164179,0.435028249,0.89569161,0.279661017,0.968253968,0.34180791,0.893424036,0.401129944,0.89569161,0.257062147,0.958049887
1161,0.654135338,0.851851852,0.45112782,0.937621832,0.573934837,0.873294347,0.5839599,0.851851852,0.398496241,0.943469786,0.425531915,0.879069767,0.287234043,0.963953488,0.369680851,0.881395349,0.404255319,0.879069767,0.25,0.953488372
1162,0.663212435,0.83460076,0.489637306,0.923954373,0.57253886,0.880228137,0.590673575,0.83460076,0.393782383,0.942965779,0.432432432,0.891472868,0.246246246,0.971207087,0.384384384,0.913621262,0.423423423,0.891472868,0.216216216,0.967884828
1163,0.646596859,0.845283019,0.455497382,0.926415094,0.578534031,0.856603774,0.591623037,0.845283019,0.387434555,0.933962264,0.438746439,0.865536723,0.276353276,0.957062147,0.316239316,0.897175141,0.421652422,0.865536723,0.242165242,0.949152542
1164,0.699738903,0.814744802,0.477806789,0.907372401,0.600522193,0.843100189,0.64229765,0.814744802,0.399477807,0.933837429,0.478005865,0.898324022,0.316715543,0.976536313,0.425219941,0.910614525,0.469208211,0.898324022,0.319648094,0.960893855
1165,0.664141414,0.819767442,0.492424242,0.936046512,0.563131313,0.868217054,0.578282828,0.819767442,0.421717172,0.941860465,0.440443213,0.88,0.260387812,0.96,0.332409972,0.891428571,0.421052632,0.88,0.20498615,0.950857143
1166,0.693877551,0.834615385,0.538265306,0.936538462,0.594387755,0.863461538,0.602040816,0.834615385,0.464285714,0.936538462,0.404011461,0.871476888,0.260744986,0.958286359,0.326647564,0.882750846,0.389684814,0.871476888,0.243553009,0.956031567
1167,0.672853828,0.821205821,0.503480278,0.914760915,0.617169374,0.819126819,0.60324826,0.821205821,0.431554524,0.929313929,0.446927374,0.888382688,0.293296089,0.95785877,0.382681564,0.896355353,0.441340782,0.888382688,0.240223464,0.954441913
1168,0.683544304,0.837524178,0.493670886,0.916827853,0.610126582,0.874274662,0.602531646,0.837524178,0.458227848,0.932301741,0.441489362,0.880232558,0.234042553,0.961627907,0.343085106,0.884883721,0.430851064,0.880232558,0.231382979,0.945348837
1169,0.675810474,0.823874755,0.476309227,0.929549902,0.603491272,0.845401174,0.610972569,0.823874755,0.411471322,0.941291585,0.447222222,0.873287671,0.283333333,0.966894977,0.352777778,0.882420091,0.422222222,0.873287671,0.244444444,0.96347032
1170,0.680203046,0.822393822,0.5,0.920849421,0.609137056,0.83976834,0.591370558,0.822393822,0.444162437,0.928571429,0.43442623,0.877011494,0.24863388,0.962068966,0.325136612,0.890804598,0.415300546,0.877011494,0.243169399,0.957471264
1171,0.697368421,0.80075188,0.507894737,0.930451128,0.6,0.855263158,0.621052632,0.80075188,0.423684211,0.945488722,0.432098765,0.880482456,0.274691358,0.966008772,0.339506173,0.899122807,0.416666667,0.880482456,0.25617284,0.962719298
1172,0.682808717,0.847695391,0.472154964,0.937875752,0.610169492,0.877755511,0.602905569,0.847695391,0.428571429,0.945891784,0.417112299,0.879350348,0.278074866,0.959396752,0.35828877,0.886310905,0.401069519,0.879350348,0.245989305,0.948955916
1173,0.630588235,0.829568789,0.468235294,0.932238193,0.607058824,0.87063655,0.552941176,0.829568789,0.428235294,0.950718686,0.372654155,0.881807648,0.219839142,0.974507532,0.319034853,0.888760139,0.348525469,0.881807648,0.222520107,0.961761298
1174,0.666666667,0.81835206,0.513227513,0.921348315,0.558201058,0.861423221,0.603174603,0.81835206,0.433862434,0.940074906,0.425876011,0.899421965,0.274932615,0.974566474,0.345013477,0.915606936,0.398921833,0.899421965,0.25606469,0.959537572
1175,0.636363636,0.862403101,0.494949495,0.955426357,0.542929293,0.885658915,0.553030303,0.862403101,0.421717172,0.951550388,0.467236467,0.883615819,0.276353276,0.969491525,0.367521368,0.892655367,0.438746439,0.883615819,0.259259259,0.953672316
1176,0.700767263,0.809980806,0.531969309,0.913627639,0.616368286,0.848368522,0.626598465,0.809980806,0.457800512,0.934740883,0.452247191,0.870454545,0.303370787,0.965909091,0.367977528,0.882954545,0.438202247,0.870454545,0.278089888,0.946590909
1177,0.686375321,0.839388145,0.491002571,0.93499044,0.616966581,0.86998088,0.614395887,0.839388145,0.434447301,0.933078394,0.424324324,0.874133949,0.262162162,0.966512702,0.321621622,0.901847575,0.402702703,0.874133949,0.243243243,0.951501155
1178,0.649484536,0.828244275,0.479381443,0.933206107,0.56443299,0.860687023,0.56185567,0.828244275,0.430412371,0.938931298,0.442136499,0.870967742,0.261127596,0.96996663,0.370919881,0.89432703,0.433234421,0.870967742,0.21958457,0.959955506
1179,0.686842105,0.819548872,0.515789474,0.919172932,0.639473684,0.843984962,0.597368421,0.819548872,0.442105263,0.926691729,0.482035928,0.875831486,0.266467066,0.971175166,0.368263473,0.885809313,0.458083832,0.875831486,0.254491018,0.957871397
1180,0.629722922,0.825242718,0.476070529,0.914563107,0.569269521,0.846601942,0.554156171,0.825242718,0.445843829,0.924271845,0.427350427,0.888135593,0.262108262,0.970621469,0.327635328,0.905084746,0.41025641,0.888135593,0.227920228,0.961581921
1181,0.695876289,0.845419847,0.510309278,0.93129771,0.608247423,0.856870229,0.600515464,0.845419847,0.461340206,0.938931298,0.449856734,0.878241263,0.263610315,0.965050733,0.340974212,0.885005637,0.438395415,0.878241263,0.200573066,0.953776776
1182,0.672823219,0.814258912,0.488126649,0.924953096,0.612137203,0.836772983,0.598944591,0.814258912,0.435356201,0.943714822,0.432989691,0.890330189,0.265463918,0.970518868,0.37628866,0.909198113,0.417525773,0.890330189,0.234536082,0.95754717
1183,0.656836461,0.831168831,0.474530831,0.93135436,0.563002681,0.87012987,0.584450402,0.831168831,0.386058981,0.93877551,0.456582633,0.883959044,0.277310924,0.965870307,0.333333333,0.88850967,0.43697479,0.883959044,0.25210084,0.948805461
1184,0.660891089,0.830708661,0.47029703,0.933070866,0.584158416,0.87007874,0.596534653,0.830708661,0.443069307,0.948818898,0.424855491,0.876404494,0.268786127,0.971910112,0.335260116,0.884269663,0.413294798,0.876404494,0.239884393,0.949438202
1185,0.682926829,0.847145488,0.490514905,0.948434622,0.579945799,0.88213628,0.604336043,0.847145488,0.403794038,0.950276243,0.497093023,0.864349776,0.26744186,0.964125561,0.363372093,0.884529148,0.48255814,0.864349776,0.24127907,0.950672646
1186,0.650632911,0.825918762,0.506329114,0.924564797,0.584810127,0.858800774,0.55443038,0.825918762,0.440506329,0.941972921,0.373595506,0.864772727,0.216292135,0.960227273,0.29494382,0.886363636,0.348314607,0.864772727,0.199438202,0.952272727
1187,0.621052632,0.813909774,0.428947368,0.913533835,0.555263158,0.840225564,0.563157895,0.813909774,0.384210526,0.930451128,0.421686747,0.882743363,0.28313253,0.978982301,0.34939759,0.904867257,0.403614458,0.882743363,0.274096386,0.963495575
1188,0.674358974,0.858237548,0.48974359,0.95210728,0.617948718,0.881226054,0.617948718,0.858237548,0.420512821,0.955938697,0.46961326,0.872997712,0.279005525,0.967963387,0.386740331,0.877574371,0.453038674,0.872997712,0.262430939,0.95194508
1189,0.675257732,0.807251908,0.50257732,0.933206107,0.587628866,0.860687023,0.597938144,0.807251908,0.396907216,0.944656489,0.398373984,0.876585928,0.260162602,0.957324106,0.330623306,0.891580161,0.376693767,0.876585928,0.249322493,0.951557093
1190,0.633952255,0.809345794,0.440318302,0.908411215,0.559681698,0.844859813,0.575596817,0.809345794,0.387267905,0.917757009,0.431635389,0.896871379,0.27077748,0.961761298,0.36461126,0.922363847,0.407506702,0.896871379,0.241286863,0.962920046
1191,0.69,0.837890625,0.4975,0.93359375,0.6125,0.869140625,0.62,0.837890625,0.415,0.9375,0.368131868,0.878440367,0.192307692,0.964449541,0.304945055,0.894495413,0.35989011,0.878440367,0.181318681,0.951834862
1192,0.696236559,0.825925926,0.502688172,0.924074074,0.61827957,0.859259259,0.620967742,0.825925926,0.448924731,0.946296296,0.417582418,0.876146789,0.260989011,0.973623853,0.340659341,0.884174312,0.395604396,0.876146789,0.247252747,0.959862385
1193,0.70855615,0.838289963,0.518716578,0.927509294,0.612299465,0.862453532,0.63368984,0.838289963,0.438502674,0.946096654,0.435672515,0.881431767,0.245614035,0.965324385,0.31871345,0.895973154,0.421052632,0.881431767,0.198830409,0.953020134
1194,0.676691729,0.816764133,0.501253133,0.920077973,0.604010025,0.855750487,0.596491228,0.816764133,0.43358396,0.929824561,0.434250765,0.877887789,0.266055046,0.9669967,0.373088685,0.896589659,0.415902141,0.877887789,0.259938838,0.9559956
1195,0.709141274,0.856624319,0.51800554,0.945553539,0.59833795,0.867513612,0.628808864,0.856624319,0.440443213,0.954627949,0.402298851,0.886261261,0.224137931,0.970720721,0.353448276,0.898648649,0.393678161,0.886261261,0.229885057,0.961711712
1196,0.660377358,0.837338262,0.471698113,0.931608133,0.611859838,0.859519409,0.606469003,0.837338262,0.417789757,0.939001848,0.378531073,0.884353741,0.211864407,0.965986395,0.324858757,0.903628118,0.370056497,0.884353741,0.214689266,0.9569161
1197,0.675531915,0.850746269,0.507978723,0.951492537,0.571808511,0.88619403,0.571808511,0.850746269,0.42287234,0.949626866,0.409214092,0.874279123,0.227642276,0.958477509,0.322493225,0.896193772,0.395663957,0.874279123,0.230352304,0.942329873
1198,0.684210526,0.823308271,0.494736842,0.919172932,0.607894737,0.853383459,0.602631579,0.823308271,0.457894737,0.928571429,0.435530086,0.888387824,0.260744986,0.96054115,0.346704871,0.903043968,0.404011461,0.888387824,0.246418338,0.96054115
1199,0.662591687,0.850894632,0.491442543,0.930417495,0.577017115,0.844930417,0.606356968,0.850894632,0.413202934,0.938369781,0.421787709,0.874715262,0.240223464,0.958997722,0.32122905,0.891799544,0.407821229,0.874715262,0.237430168,0.945330296
1200,0.654353562,0.829268293,0.45646438,0.90619137,0.55408971,0.846153846,0.588390501,0.829268293,0.393139842,0.923076923,0.415300546,0.886206897,0.267759563,0.971264368,0.355191257,0.901149425,0.407103825,0.886206897,0.229508197,0.95862069
1201,0.672922252,0.836734694,0.482573727,0.933209647,0.584450402,0.847866419,0.608579088,0.836734694,0.402144772,0.922077922,0.469208211,0.870391061,0.26686217,0.958659218,0.357771261,0.873743017,0.463343109,0.870391061,0.228739003,0.94301676
1202,0.61498708,0.80952381,0.439276486,0.92,0.529715762,0.84952381,0.5374677,0.80952381,0.387596899,0.933333333,0.468390805,0.881756757,0.275862069,0.969594595,0.350574713,0.900900901,0.445402299,0.881756757,0.24137931,0.969594595
1203,0.666666667,0.836223507,0.501272265,0.930635838,0.572519084,0.845857418,0.567430025,0.836223507,0.424936387,0.938342967,0.406685237,0.901938426,0.247910864,0.971493729,0.323119777,0.914481186,0.38718663,0.901938426,0.233983287,0.961231471
1204,0.668407311,0.833648393,0.477806789,0.93194707,0.618798956,0.835538752,0.624020888,0.833648393,0.428198433,0.939508507,0.415254237,0.857142857,0.248587571,0.963718821,0.336158192,0.875283447,0.401129944,0.857142857,0.237288136,0.950113379
1205,0.705596107,0.836327345,0.472019465,0.930139721,0.627737226,0.874251497,0.647201946,0.836327345,0.413625304,0.936127745,0.420895522,0.882352941,0.304477612,0.963374029,0.373134328,0.89900111,0.405970149,0.882352941,0.289552239,0.955604883
1206,0.674937965,0.866404715,0.511166253,0.956777996,0.610421836,0.886051081,0.612903226,0.866404715,0.416873449,0.956777996,0.436781609,0.884009009,0.281609195,0.967342342,0.379310345,0.894144144,0.41954023,0.884009009,0.25862069,0.952702703
1207,0.631436314,0.837937385,0.47696477,0.930018416,0.552845528,0.865561694,0.571815718,0.837937385,0.411924119,0.928176796,0.445652174,0.887096774,0.279891304,0.970046083,0.358695652,0.899769585,0.418478261,0.887096774,0.25,0.960829493
1208,0.642857143,0.847560976,0.49047619,0.932926829,0.545238095,0.865853659,0.55,0.847560976,0.397619048,0.941056911,0.492997199,0.881683732,0.294117647,0.970420933,0.383753501,0.896473265,0.473389356,0.881683732,0.271708683,0.955631399
1209,0.677033493,0.834008097,0.519138756,0.937246964,0.578947368,0.86437247,0.578947368,0.834008097,0.447368421,0.937246964,0.425595238,0.901111111,0.241071429,0.966666667,0.357142857,0.91,0.401785714,0.901111111,0.226190476,0.962222222
1210,0.646310433,0.859344894,0.440203562,0.934489403,0.572519084,0.901734104,0.580152672,0.859344894,0.417302799,0.946050096,0.404191617,0.858093126,0.263473054,0.957871397,0.356287425,0.87804878,0.392215569,0.858093126,0.245508982,0.951219512
1211,0.673417722,0.820116054,0.526582278,0.907156673,0.589873418,0.845261122,0.587341772,0.820116054,0.417721519,0.912959381,0.433070866,0.884210526,0.257217848,0.966081871,0.372703412,0.914619883,0.414698163,0.884210526,0.249343832,0.961403509
1212,0.705882353,0.827380952,0.514705882,0.93452381,0.634803922,0.871031746,0.62254902,0.827380952,0.433823529,0.950396825,0.420454545,0.884615385,0.272727273,0.972850679,0.346590909,0.90158371,0.400568182,0.884615385,0.235795455,0.959276018
1213,0.657142857,0.855787476,0.477922078,0.929791271,0.545454545,0.880455408,0.574025974,0.855787476,0.415584416,0.95256167,0.414248021,0.883313886,0.250659631,0.968494749,0.329815303,0.891481914,0.385224274,0.883313886,0.248021108,0.941656943
1214,0.71990172,0.813861386,0.513513514,0.930693069,0.609336609,0.853465347,0.636363636,0.813861386,0.471744472,0.940594059,0.392215569,0.905764967,0.275449102,0.975609756,0.305389222,0.907982262,0.365269461,0.905764967,0.206586826,0.968957871
1215,0.655172414,0.83364486,0.49602122,0.93271028,0.559681698,0.889719626,0.559681698,0.83364486,0.405835544,0.942056075,0.375358166,0.892897407,0.220630372,0.971815107,0.275071633,0.898534386,0.35243553,0.892897407,0.194842407,0.96843292
1216,0.63368984,0.828996283,0.50802139,0.914498141,0.540106952,0.847583643,0.564171123,0.828996283,0.438502674,0.933085502,0.458452722,0.887260428,0.252148997,0.957158963,0.375358166,0.904171364,0.455587393,0.887260428,0.229226361,0.958286359
1217,0.681927711,0.877263581,0.484337349,0.945674044,0.602409639,0.899396378,0.61686747,0.877263581,0.424096386,0.953722334,0.443213296,0.885714286,0.27700831,0.957714286,0.343490305,0.898285714,0.426592798,0.885714286,0.24099723,0.952
1218,0.646766169,0.815686275,0.455223881,0.915686275,0.559701493,0.854901961,0.564676617,0.815686275,0.405472637,0.943137255,0.400560224,0.879408419,0.232492997,0.969283276,0.355742297,0.896473265,0.392156863,0.879408419,0.18487395,0.962457338
1219,0.652406417,0.819702602,0.50802139,0.927509294,0.56684492,0.862453532,0.580213904,0.819702602,0.451871658,0.94795539,0.457831325,0.862831858,0.289156627,0.967920354,0.322289157,0.887168142,0.436746988,0.862831858,0.246987952,0.962389381
1220,0.650485437,0.846,0.47815534,0.93,0.577669903,0.866,0.565533981,0.846,0.390776699,0.944,0.423423423,0.882613511,0.243243243,0.96124031,0.348348348,0.900332226,0.42042042,0.882613511,0.228228228,0.96013289
1221,0.692307692,0.839252336,0.5066313,0.923364486,0.567639257,0.846728972,0.604774536,0.839252336,0.395225464,0.921495327,0.396011396,0.889265537,0.256410256,0.963841808,0.307692308,0.892655367,0.37037037,0.889265537,0.236467236,0.952542373
1222,0.671122995,0.840148699,0.521390374,0.940520446,0.604278075,0.881040892,0.598930481,0.840148699,0.435828877,0.944237918,0.450666667,0.882694541,0.290666667,0.969802555,0.370666667,0.900116144,0.437333333,0.882694541,0.258666667,0.967479675
1223,0.652173913,0.849264706,0.475543478,0.924632353,0.573369565,0.863970588,0.581521739,0.849264706,0.434782609,0.933823529,0.38700565,0.894557823,0.259887006,0.970521542,0.31920904,0.9138322,0.378531073,0.894557823,0.223163842,0.965986395
1224,0.670103093,0.822519084,0.494845361,0.921755725,0.546391753,0.860687023,0.587628866,0.822519084,0.430412371,0.958015267,0.398280802,0.88162345,0.229226361,0.970687711,0.35243553,0.903043968,0.386819484,0.88162345,0.229226361,0.96054115
1225,0.683673469,0.838461538,0.512755102,0.921153846,0.589285714,0.851923077,0.586734694,0.838461538,0.477040816,0.946153846,0.418994413,0.894077449,0.231843575,0.9738041,0.324022346,0.91571754,0.413407821,0.894077449,0.209497207,0.963553531
1226,0.674641148,0.868421053,0.495215311,0.94534413,0.588516746,0.880566802,0.602870813,0.868421053,0.442583732,0.947368421,0.447513812,0.897025172,0.270718232,0.970251716,0.345303867,0.910755149,0.444751381,0.897025172,0.20718232,0.950800915
1227,0.691709845,0.855513308,0.507772021,0.941064639,0.569948187,0.880228137,0.595854922,0.855513308,0.42746114,0.948669202,0.412568306,0.897701149,0.240437158,0.966666667,0.357923497,0.908045977,0.393442623,0.897701149,0.245901639,0.957471264
1228,0.714659686,0.830188679,0.54973822,0.935849057,0.654450262,0.854716981,0.638743455,0.830188679,0.47382199,0.949056604,0.413888889,0.877853881,0.252777778,0.96347032,0.294444444,0.892694064,0.397222222,0.877853881,0.205555556,0.956621005
1229,0.650259067,0.830798479,0.479274611,0.933460076,0.546632124,0.86121673,0.567357513,0.830798479,0.437823834,0.950570342,0.444444444,0.885875706,0.301994302,0.967231638,0.367521368,0.905084746,0.433048433,0.885875706,0.259259259,0.957062147
1230,0.674358974,0.852490421,0.5,0.954022989,0.617948718,0.88697318,0.615384615,0.852490421,0.441025641,0.955938697,0.453488372,0.876681614,0.261627907,0.963004484,0.363372093,0.897982063,0.441860465,0.876681614,0.24127907,0.960762332
1231,0.666666667,0.82122905,0.466666667,0.918063315,0.568,0.860335196,0.608,0.82122905,0.394666667,0.927374302,0.434447301,0.878394333,0.254498715,0.966942149,0.36503856,0.898465171,0.416452442,0.878394333,0.213367609,0.963400236
1232,0.666666667,0.822222222,0.481182796,0.927777778,0.564516129,0.855555556,0.586021505,0.822222222,0.435483871,0.922222222,0.410526316,0.89135514,0.273684211,0.970794393,0.331578947,0.901869159,0.394736842,0.89135514,0.226315789,0.961448598
1233,0.638297872,0.844580777,0.48463357,0.924335378,0.562647754,0.852760736,0.550827423,0.844580777,0.432624113,0.938650307,0.44591029,0.878646441,0.274406332,0.960326721,0.350923483,0.893815636,0.435356201,0.878646441,0.242744063,0.949824971
1234,0.670103093,0.824427481,0.479381443,0.923664122,0.618556701,0.860687023,0.608247423,0.824427481,0.445876289,0.938931298,0.479108635,0.868871152,0.289693593,0.970353478,0.378830084,0.877993158,0.459610028,0.868871152,0.245125348,0.96009122
1235,0.68159204,0.847058824,0.509950249,0.931372549,0.604477612,0.870588235,0.614427861,0.847058824,0.435323383,0.935294118,0.411078717,0.870100784,0.21574344,0.964165733,0.358600583,0.879059351,0.39941691,0.870100784,0.201166181,0.942889138
1236,0.663043478,0.825367647,0.456521739,0.922794118,0.557065217,0.841911765,0.578804348,0.825367647,0.41576087,0.930147059,0.437853107,0.890022676,0.279661017,0.975056689,0.367231638,0.899092971,0.420903955,0.890022676,0.274011299,0.971655329
1237,0.662162162,0.841328413,0.478378378,0.924354244,0.578378378,0.881918819,0.589189189,0.841328413,0.408108108,0.948339483,0.385756677,0.868743048,0.201780415,0.957730812,0.278931751,0.88320356,0.356083086,0.868743048,0.198813056,0.942157953
1238,0.650485437,0.818,0.466019417,0.91,0.575242718,0.846,0.575242718,0.818,0.424757282,0.928,0.447592068,0.876557191,0.280453258,0.977349943,0.368271955,0.896942242,0.424929178,0.876557191,0.235127479,0.961494904
1239,0.675609756,0.846613546,0.514634146,0.93625498,0.595121951,0.870517928,0.580487805,0.846613546,0.446341463,0.946215139,0.411111111,0.894977169,0.252777778,0.974885845,0.336111111,0.902968037,0.383333333,0.894977169,0.230555556,0.971461187
1240,0.651851852,0.816568047,0.479012346,0.932938856,0.585185185,0.861932939,0.580246914,0.816568047,0.390123457,0.934911243,0.45325779,0.883352208,0.277620397,0.967157418,0.365439093,0.906002265,0.444759207,0.883352208,0.249291785,0.956964892
1241,0.650130548,0.835538752,0.498694517,0.926275992,0.553524804,0.858223062,0.550913838,0.835538752,0.428198433,0.945179584,0.409090909,0.884615385,0.25,0.966063348,0.306818182,0.884615385,0.394886364,0.884615385,0.244318182,0.946832579
1242,0.640540541,0.839483395,0.454054054,0.931734317,0.556756757,0.874538745,0.57027027,0.839483395,0.381081081,0.94095941,0.465517241,0.88963964,0.264367816,0.963963964,0.382183908,0.905405405,0.448275862,0.88963964,0.229885057,0.954954955
1243,0.677165354,0.83992467,0.50656168,0.939736347,0.580052493,0.854990584,0.582677165,0.83992467,0.45144357,0.93220339,0.427325581,0.869955157,0.25872093,0.952914798,0.322674419,0.890134529,0.401162791,0.869955157,0.255813953,0.946188341
1244,0.693045564,0.816161616,0.508393285,0.921212121,0.60911271,0.866666667,0.616306954,0.816161616,0.386091127,0.933333333,0.42074928,0.879640045,0.253602305,0.958380202,0.322766571,0.903262092,0.403458213,0.879640045,0.216138329,0.958380202
1245,0.705289673,0.829126214,0.501259446,0.932038835,0.591939547,0.873786408,0.634760705,0.829126214,0.438287154,0.939805825,0.461538462,0.870056497,0.270655271,0.95819209,0.35042735,0.89039548,0.452991453,0.870056497,0.245014245,0.950282486
1246,0.665859564,0.831663327,0.484261501,0.937875752,0.598062954,0.877755511,0.607748184,0.831663327,0.426150121,0.953907816,0.421052632,0.884571429,0.282548476,0.963428571,0.368421053,0.896,0.398891967,0.884571429,0.24099723,0.953142857
1247,0.689655172,0.853754941,0.512315271,0.944664032,0.581280788,0.865612648,0.625615764,0.853754941,0.433497537,0.942687747,0.430167598,0.888382688,0.245810056,0.958997722,0.349162011,0.90546697,0.413407821,0.888382688,0.226256983,0.955580866
1248,0.664961637,0.836852207,0.501278772,0.925143954,0.572890026,0.854126679,0.585677749,0.836852207,0.416879795,0.923224568,0.443243243,0.861431871,0.3,0.958429561,0.386486486,0.883371824,0.427027027,0.861431871,0.281081081,0.952655889
1249,0.649746193,0.812741313,0.474619289,0.924710425,0.540609137,0.855212355,0.57106599,0.812741313,0.393401015,0.94015444,0.380165289,0.875143184,0.223140496,0.962199313,0.338842975,0.899198167,0.366391185,0.875143184,0.203856749,0.961053837
1250,0.707379135,0.836223507,0.496183206,0.913294798,0.628498728,0.853564547,0.638676845,0.836223507,0.445292621,0.922928709,0.415977961,0.885452463,0.267217631,0.978235968,0.330578512,0.896907216,0.396694215,0.885452463,0.212121212,0.971363116
1251,0.640625,0.846590909,0.447916667,0.935606061,0.5703125,0.865530303,0.583333333,0.846590909,0.377604167,0.931818182,0.457300275,0.865979381,0.256198347,0.965635739,0.369146006,0.896907216,0.44077135,0.865979381,0.242424242,0.950744559
1252,0.663072776,0.822550832,0.504043127,0.924214418,0.544474394,0.868761553,0.579514825,0.822550832,0.409703504,0.942698706,0.419825073,0.874580067,0.259475219,0.963045913,0.314868805,0.899216125,0.390670554,0.874580067,0.212827988,0.957446809
1253,0.679886686,0.831842576,0.509915014,0.944543828,0.575070822,0.864042934,0.583569405,0.831842576,0.402266289,0.948121646,0.402203857,0.887743414,0.258953168,0.96792669,0.32231405,0.899198167,0.38292011,0.887743414,0.242424242,0.961053837
1254,0.675603217,0.840445269,0.498659517,0.942486085,0.579088472,0.87755102,0.595174263,0.840445269,0.439678284,0.959183673,0.421348315,0.877272727,0.261235955,0.965909091,0.351123596,0.893181818,0.407303371,0.877272727,0.224719101,0.960227273
1255,0.654135338,0.803118908,0.506265664,0.894736842,0.573934837,0.844054581,0.551378446,0.803118908,0.463659148,0.92202729,0.416167665,0.883592018,0.221556886,0.967849224,0.344311377,0.890243902,0.401197605,0.883592018,0.236526946,0.955654102
1256,0.69035533,0.828185328,0.479695431,0.916988417,0.609137056,0.845559846,0.629441624,0.828185328,0.395939086,0.916988417,0.394202899,0.863075196,0.257971014,0.968574635,0.307246377,0.879910213,0.379710145,0.863075196,0.214492754,0.951739618
1257,0.712793734,0.829867675,0.553524804,0.920604915,0.621409922,0.867674858,0.603133159,0.829867675,0.462140992,0.947069943,0.40974212,0.875986471,0.223495702,0.959413754,0.332378223,0.88951522,0.395415473,0.875986471,0.23495702,0.949267193
1258,0.667553191,0.837686567,0.462765957,0.932835821,0.585106383,0.882462687,0.585106383,0.837686567,0.444148936,0.940298507,0.445086705,0.897752809,0.274566474,0.965168539,0.335260116,0.896629213,0.427745665,0.897752809,0.222543353,0.960674157
1259,0.657216495,0.824427481,0.466494845,0.925572519,0.592783505,0.84351145,0.597938144,0.824427481,0.402061856,0.927480916,0.451351351,0.912240185,0.267567568,0.980369515,0.345945946,0.928406467,0.435135135,0.912240185,0.248648649,0.966512702
1260,0.65920398,0.81372549,0.485074627,0.921568627,0.592039801,0.845098039,0.592039801,0.81372549,0.422885572,0.937254902,0.414414414,0.895902547,0.243243243,0.975636766,0.318318318,0.897009967,0.408408408,0.895902547,0.174174174,0.96013289
1261,0.660194175,0.828,0.458737864,0.93,0.57038835,0.854,0.59223301,0.828,0.381067961,0.936,0.414322251,0.889940828,0.271099744,0.963313609,0.31713555,0.905325444,0.393861893,0.889940828,0.230179028,0.968047337
1262,0.655826558,0.830570902,0.514905149,0.928176796,0.571815718,0.871086556,0.569105691,0.830570902,0.452574526,0.933701657,0.42739726,0.876004592,0.257534247,0.957520092,0.353424658,0.892078071,0.405479452,0.876004592,0.24109589,0.958668197
1263,0.691729323,0.820662768,0.511278195,0.933723197,0.581453634,0.859649123,0.619047619,0.820662768,0.411027569,0.951267057,0.447058824,0.885044643,0.255882353,0.965401786,0.388235294,0.889508929,0.435294118,0.885044643,0.244117647,0.9453125
1264,0.690537084,0.842610365,0.511508951,0.936660269,0.583120205,0.86756238,0.621483376,0.842610365,0.447570332,0.936660269,0.412256267,0.895096921,0.278551532,0.966932725,0.381615599,0.914481186,0.398328691,0.895096921,0.239554318,0.96009122
1265,0.68797954,0.817658349,0.480818414,0.921305182,0.583120205,0.857965451,0.608695652,0.817658349,0.429667519,0.932821497,0.452054795,0.878300804,0.249315068,0.973593571,0.361643836,0.90815155,0.430136986,0.878300804,0.24109589,0.971297359
1266,0.652631579,0.815789474,0.494736842,0.921052632,0.536842105,0.847744361,0.560526316,0.815789474,0.436842105,0.926691729,0.459833795,0.889142857,0.271468144,0.976,0.351800554,0.907428571,0.426592798,0.889142857,0.243767313,0.966857143
1267,0.690176322,0.844660194,0.511335013,0.930097087,0.604534005,0.866019417,0.604534005,0.844660194,0.438287154,0.937864078,0.410810811,0.860277136,0.237837838,0.958429561,0.327027027,0.878752887,0.405405405,0.860277136,0.221621622,0.966512702
1268,0.666666667,0.826510721,0.496240602,0.931773879,0.576441103,0.851851852,0.593984962,0.826510721,0.401002506,0.951267057,0.443005181,0.88,0.297927461,0.962352941,0.367875648,0.891764706,0.424870466,0.88,0.28238342,0.957647059
1269,0.705445545,0.816929134,0.544554455,0.93503937,0.566831683,0.86023622,0.613861386,0.816929134,0.430693069,0.93503937,0.431937173,0.880562061,0.280104712,0.969555035,0.376963351,0.895784543,0.418848168,0.880562061,0.253926702,0.966042155
1270,0.634210526,0.870300752,0.476315789,0.94924812,0.552631579,0.87593985,0.552631579,0.870300752,0.421052632,0.945488722,0.444126074,0.880496054,0.272206304,0.966178129,0.361031519,0.908680947,0.426934097,0.880496054,0.220630372,0.954904171
1271,0.67012987,0.806451613,0.516883117,0.907020873,0.558441558,0.85199241,0.587012987,0.806451613,0.423376623,0.933586338,0.434285714,0.875846501,0.305714286,0.958239278,0.334285714,0.892776524,0.425714286,0.875846501,0.214285714,0.94469526
1272,0.620779221,0.831119545,0.436363636,0.937381404,0.542857143,0.853889943,0.545454545,0.831119545,0.405194805,0.941176471,0.432795699,0.875,0.25,0.974537037,0.352150538,0.893518519,0.422043011,0.875,0.266129032,0.962962963
1273,0.683291771,0.812133072,0.478802993,0.909980431,0.581047382,0.861056751,0.603491272,0.812133072,0.421446384,0.927592955,0.404255319,0.871003308,0.249240122,0.961411246,0.325227964,0.887541345,0.389057751,0.871003308,0.221884498,0.957001103
1274,0.652061856,0.832061069,0.494845361,0.923664122,0.587628866,0.86259542,0.572164948,0.832061069,0.458762887,0.954198473,0.402898551,0.874298541,0.266666667,0.967452301,0.284057971,0.89674523,0.382608696,0.874298541,0.24057971,0.958473625
1275,0.643765903,0.859344894,0.473282443,0.926782274,0.597964377,0.888246628,0.600508906,0.859344894,0.386768448,0.949903661,0.471098266,0.879775281,0.300578035,0.96741573,0.395953757,0.902247191,0.453757225,0.879775281,0.268786127,0.959550562
1276,0.637755102,0.859615385,0.428571429,0.928846154,0.604591837,0.882692308,0.573979592,0.859615385,0.403061224,0.944230769,0.446875,0.864628821,0.278125,0.963973799,0.3375,0.890829694,0.421875,0.864628821,0.215625,0.947598253
1277,0.675191816,0.838771593,0.503836317,0.915547025,0.565217391,0.857965451,0.603580563,0.838771593,0.421994885,0.930902111,0.483679525,0.874304783,0.317507418,0.964404894,0.379821958,0.892102336,0.456973294,0.874304783,0.267062315,0.946607341
1278,0.647058824,0.783109405,0.465473146,0.921305182,0.562659847,0.838771593,0.567774936,0.783109405,0.409207161,0.932821497,0.456338028,0.885357548,0.278873239,0.965947787,0.335211268,0.91600454,0.442253521,0.885357548,0.233802817,0.970488082
1279,0.647783251,0.865612648,0.480295567,0.940711462,0.596059113,0.87944664,0.554187192,0.865612648,0.431034483,0.95256917,0.469168901,0.901506373,0.286863271,0.972190035,0.343163539,0.914252607,0.45308311,0.901506373,0.243967828,0.950173812
1280,0.693877551,0.832692308,0.533163265,0.926923077,0.545918367,0.855769231,0.586734694,0.832692308,0.446428571,0.938461538,0.452380952,0.858974359,0.238095238,0.96037296,0.367724868,0.889277389,0.428571429,0.858974359,0.256613757,0.956876457
1281,0.643765903,0.840077071,0.511450382,0.936416185,0.557251908,0.888246628,0.580152672,0.840077071,0.442748092,0.942196532,0.406914894,0.893023256,0.263297872,0.973255814,0.35106383,0.911627907,0.385638298,0.893023256,0.271276596,0.969767442
1282,0.681055156,0.844444444,0.517985612,0.949494949,0.575539568,0.884848485,0.601918465,0.844444444,0.426858513,0.951515152,0.412844037,0.880088009,0.235474006,0.95819582,0.342507645,0.893289329,0.400611621,0.880088009,0.22324159,0.949394939
1283,0.675531915,0.828358209,0.563829787,0.930970149,0.57712766,0.861940299,0.590425532,0.828358209,0.454787234,0.938432836,0.411764706,0.895335609,0.268907563,0.980659841,0.308123249,0.908987486,0.394957983,0.895335609,0.210084034,0.970420933
1284,0.669879518,0.84305835,0.472289157,0.927565392,0.587951807,0.871227364,0.568674699,0.84305835,0.414457831,0.939637827,0.407103825,0.889655172,0.259562842,0.985057471,0.316939891,0.906896552,0.390710383,0.889655172,0.229508197,0.970114943
1285,0.689655172,0.814953271,0.4933687,0.912149533,0.602122016,0.842990654,0.615384615,0.814953271,0.427055703,0.927102804,0.418079096,0.862811791,0.245762712,0.948979592,0.336158192,0.892290249,0.406779661,0.862811791,0.254237288,0.955782313
1286,0.6849642,0.847870183,0.482100239,0.93306288,0.61097852,0.876267748,0.613365155,0.847870183,0.439140811,0.947261663,0.432960894,0.896355353,0.259776536,0.969248292,0.337988827,0.907744875,0.407821229,0.896355353,0.229050279,0.960136674
1287,0.65920398,0.835294118,0.487562189,0.939215686,0.574626866,0.87254902,0.589552239,0.835294118,0.427860697,0.943137255,0.423529412,0.888392857,0.270588235,0.969866071,0.358823529,0.900669643,0.414705882,0.888392857,0.226470588,0.958705357
1288,0.664961637,0.802303263,0.514066496,0.921305182,0.593350384,0.848368522,0.590792839,0.802303263,0.437340153,0.928982726,0.418994413,0.882687927,0.254189944,0.964692483,0.354748603,0.894077449,0.393854749,0.882687927,0.229050279,0.956719818
1289,0.649874055,0.840776699,0.463476071,0.932038835,0.584382872,0.881553398,0.58186398,0.840776699,0.392947103,0.939805825,0.421487603,0.871706758,0.242424242,0.971363116,0.344352617,0.89117984,0.41046832,0.871706758,0.220385675,0.966781214
1290,0.626262626,0.841085271,0.472222222,0.926356589,0.570707071,0.86627907,0.553030303,0.841085271,0.401515152,0.926356589,0.422222222,0.890410959,0.244444444,0.964611872,0.347222222,0.893835616,0.408333333,0.890410959,0.213888889,0.949771689
1291,0.655526992,0.841300191,0.493573265,0.921606119,0.568123393,0.852772467,0.596401028,0.841300191,0.444730077,0.919694073,0.423180593,0.870520231,0.23180593,0.968786127,0.339622642,0.889017341,0.407008086,0.870520231,0.202156334,0.958381503
1292,0.647668394,0.828897338,0.497409326,0.941064639,0.582901554,0.853612167,0.564766839,0.828897338,0.414507772,0.94486692,0.441595442,0.866666667,0.250712251,0.962711864,0.358974359,0.885875706,0.424501425,0.866666667,0.242165242,0.948022599
1293,0.648241206,0.861867704,0.467336683,0.947470817,0.565326633,0.871595331,0.575376884,0.861867704,0.399497487,0.947470817,0.402298851,0.882882883,0.261494253,0.975225225,0.324712644,0.894144144,0.390804598,0.882882883,0.224137931,0.957207207
1294,0.691139241,0.85106383,0.521518987,0.928433269,0.587341772,0.864603482,0.627848101,0.85106383,0.453164557,0.938104449,0.431754875,0.883694413,0.247910864,0.968072976,0.339832869,0.905359179,0.415041783,0.883694413,0.225626741,0.963511973
1295,0.700549451,0.846715328,0.513736264,0.919708029,0.593406593,0.866788321,0.629120879,0.846715328,0.417582418,0.934306569,0.456692913,0.894736842,0.223097113,0.969590643,0.346456693,0.911111111,0.448818898,0.894736842,0.183727034,0.964912281
1296,0.684895833,0.803030303,0.479166667,0.901515152,0.583333333,0.84469697,0.591145833,0.803030303,0.434895833,0.928030303,0.375,0.881336406,0.239130435,0.973502304,0.320652174,0.889400922,0.347826087,0.881336406,0.214673913,0.953917051
1297,0.658476658,0.815841584,0.471744472,0.920792079,0.592137592,0.837623762,0.582309582,0.815841584,0.437346437,0.928712871,0.45045045,0.888150609,0.27027027,0.971207087,0.39039039,0.900332226,0.435435435,0.888150609,0.225225225,0.952380952
1298,0.671122995,0.827137546,0.524064171,0.916356877,0.593582888,0.869888476,0.601604278,0.827137546,0.427807487,0.944237918,0.428954424,0.867902665,0.254691689,0.967555041,0.337801609,0.889918888,0.412868633,0.867902665,0.227882038,0.960602549
1299,0.638522427,0.848030019,0.477572559,0.939962477,0.580474934,0.885553471,0.559366755,0.848030019,0.440633245,0.941838649,0.432664756,0.885005637,0.275071633,0.972942503,0.346704871,0.89740699,0.418338109,0.885005637,0.23495702,0.959413754
1300,0.623342175,0.822429907,0.469496021,0.934579439,0.575596817,0.856074766,0.551724138,0.822429907,0.437665782,0.942056075,0.374285714,0.886004515,0.211428571,0.9751693,0.337142857,0.896162528,0.348571429,0.886004515,0.22,0.959367946
1301,0.652956298,0.829827916,0.444730077,0.929254302,0.550128535,0.875717017,0.583547558,0.829827916,0.377892031,0.948374761,0.465256798,0.862983425,0.277945619,0.965745856,0.356495468,0.861878453,0.438066465,0.862983425,0.262839879,0.949171271
1302,0.690104167,0.818181818,0.510416667,0.928030303,0.59375,0.854166667,0.609375,0.818181818,0.427083333,0.926136364,0.433333333,0.891552511,0.266666667,0.964611872,0.375,0.900684932,0.419444444,0.891552511,0.25,0.96803653
1303,0.693931398,0.840525328,0.482849604,0.945590994,0.625329815,0.881801126,0.622691293,0.840525328,0.435356201,0.954971857,0.392265193,0.88215103,0.215469613,0.965675057,0.306629834,0.891304348,0.386740331,0.88215103,0.190607735,0.95194508
1304,0.659685864,0.816981132,0.5,0.928301887,0.554973822,0.847169811,0.570680628,0.816981132,0.42408377,0.933962264,0.391930836,0.886389201,0.221902017,0.969628796,0.308357349,0.896512936,0.386167147,0.886389201,0.21037464,0.950506187
1305,0.7025,0.849609375,0.4775,0.939453125,0.62,0.876953125,0.6325,0.849609375,0.42,0.951171875,0.447887324,0.858115778,0.267605634,0.955732123,0.318309859,0.904653802,0.430985915,0.858115778,0.233802817,0.951191827
1306,0.694960212,0.841121495,0.551724138,0.930841121,0.602122016,0.861682243,0.612732095,0.841121495,0.472148541,0.945794393,0.435185185,0.873903509,0.277777778,0.966008772,0.351851852,0.893640351,0.429012346,0.873903509,0.234567901,0.961622807
1307,0.686746988,0.802816901,0.460240964,0.90945674,0.614457831,0.85110664,0.619277108,0.802816901,0.421686747,0.929577465,0.420118343,0.86636971,0.263313609,0.968819599,0.301775148,0.880846325,0.393491124,0.86636971,0.230769231,0.94766147
1308,0.678481013,0.852998066,0.465822785,0.941972921,0.589873418,0.868471954,0.607594937,0.852998066,0.420253165,0.938104449,0.386486486,0.8926097,0.237837838,0.973441109,0.335135135,0.905311778,0.372972973,0.8926097,0.237837838,0.966512702
1309,0.670025189,0.834951456,0.498740554,0.933980583,0.561712846,0.860194175,0.594458438,0.834951456,0.390428212,0.951456311,0.462908012,0.887652948,0.293768546,0.968854283,0.388724036,0.904338154,0.451038576,0.887652948,0.258160237,0.9621802
1310,0.6882494,0.828282828,0.522781775,0.921212121,0.585131894,0.854545455,0.601918465,0.828282828,0.424460432,0.925252525,0.472303207,0.873460246,0.27696793,0.967525196,0.393586006,0.888017917,0.460641399,0.873460246,0.256559767,0.950727884
1311,0.648578811,0.828571429,0.480620155,0.916190476,0.571059432,0.860952381,0.586563307,0.828571429,0.434108527,0.92,0.415789474,0.88317757,0.236842105,0.954439252,0.35,0.903037383,0.394736842,0.88317757,0.223684211,0.947429907
1312,0.645408163,0.848076923,0.464285714,0.921153846,0.56377551,0.867307692,0.558673469,0.848076923,0.420918367,0.944230769,0.403693931,0.880980163,0.242744063,0.970828471,0.319261214,0.883313886,0.387862797,0.880980163,0.208443272,0.949824971
1313,0.661458333,0.795454545,0.4765625,0.90719697,0.596354167,0.846590909,0.583333333,0.795454545,0.3984375,0.928030303,0.407185629,0.868070953,0.245508982,0.960088692,0.344311377,0.868070953,0.389221557,0.868070953,0.248502994,0.950110865
1314,0.733681462,0.831758034,0.527415144,0.928166352,0.605744125,0.852551985,0.65535248,0.831758034,0.44386423,0.937618147,0.439252336,0.872131148,0.255451713,0.960655738,0.37694704,0.886338798,0.423676012,0.872131148,0.246105919,0.955191257
1315,0.677922078,0.857685009,0.509090909,0.937381404,0.561038961,0.90512334,0.587012987,0.857685009,0.418181818,0.94686907,0.445355191,0.873563218,0.273224044,0.965517241,0.385245902,0.897701149,0.423497268,0.873563218,0.256830601,0.955172414
1316,0.640625,0.861742424,0.471354167,0.929924242,0.549479167,0.880681818,0.5546875,0.861742424,0.434895833,0.958333333,0.398860399,0.883615819,0.259259259,0.963841808,0.310541311,0.891525424,0.376068376,0.883615819,0.242165242,0.950282486
1317,0.643799472,0.81988743,0.461741425,0.917448405,0.53298153,0.842401501,0.583113456,0.81988743,0.37994723,0.919324578,0.418732782,0.867124857,0.256198347,0.966781214,0.355371901,0.885452463,0.41322314,0.867124857,0.225895317,0.963344788
1318,0.627906977,0.862857143,0.480620155,0.942857143,0.547803618,0.876190476,0.563307494,0.862857143,0.444444444,0.954285714,0.452316076,0.876869965,0.277929155,0.966628308,0.373297003,0.898734177,0.433242507,0.876869965,0.261580381,0.951668585
1319,0.664160401,0.828460039,0.493734336,0.918128655,0.571428571,0.83625731,0.578947368,0.828460039,0.426065163,0.92202729,0.429708223,0.899883586,0.25198939,0.963911525,0.320954907,0.90919674,0.405835544,0.899883586,0.24668435,0.960419092
1320,0.620947631,0.816046967,0.443890274,0.917808219,0.566084788,0.847358121,0.55361596,0.816046967,0.413965087,0.933463796,0.455764075,0.888760139,0.260053619,0.974507532,0.36461126,0.899188876,0.434316354,0.888760139,0.238605898,0.964078795
1321,0.701333333,0.830540037,0.485333333,0.927374302,0.648,0.867783985,0.650666667,0.830540037,0.434666667,0.942271881,0.402266289,0.876557191,0.223796034,0.954699887,0.314447592,0.901472254,0.388101983,0.876557191,0.209631728,0.953567384
1322,0.681704261,0.820662768,0.496240602,0.912280702,0.581453634,0.851851852,0.614035088,0.820662768,0.431077694,0.93957115,0.451612903,0.884259259,0.303763441,0.967592593,0.365591398,0.900462963,0.432795699,0.884259259,0.255376344,0.950231481
1323,0.655778894,0.79766537,0.479899497,0.920233463,0.567839196,0.846303502,0.582914573,0.79766537,0.407035176,0.943579767,0.494252874,0.877252252,0.307471264,0.975225225,0.405172414,0.896396396,0.471264368,0.877252252,0.284482759,0.956081081
1324,0.664804469,0.844765343,0.469273743,0.951263538,0.586592179,0.877256318,0.597765363,0.844765343,0.391061453,0.951263538,0.418803419,0.881355932,0.247863248,0.964971751,0.310541311,0.888135593,0.407407407,0.881355932,0.210826211,0.953672316
1325,0.694736842,0.82518797,0.515789474,0.937969925,0.605263158,0.881578947,0.607894737,0.82518797,0.457894737,0.939849624,0.444444444,0.866666667,0.244949495,0.963095238,0.348484848,0.897619048,0.431818182,0.866666667,0.207070707,0.954761905
1326,0.662303665,0.813207547,0.463350785,0.922641509,0.583769634,0.832075472,0.602094241,0.813207547,0.410994764,0.939622642,0.4400978,0.875453446,0.244498778,0.972188634,0.312958435,0.894800484,0.425427873,0.875453446,0.212713936,0.958887545
1327,0.654911839,0.838834951,0.483627204,0.94368932,0.56675063,0.860194175,0.586901763,0.838834951,0.405541562,0.953398058,0.446685879,0.885264342,0.25648415,0.966254218,0.39481268,0.905511811,0.435158501,0.885264342,0.259365994,0.961754781
1328,0.67191601,0.81920904,0.517060367,0.924670433,0.593175853,0.858757062,0.590551181,0.81920904,0.454068241,0.93220339,0.41337386,0.891951488,0.234042553,0.969128997,0.364741641,0.891951488,0.401215805,0.891951488,0.221884498,0.958103638
1329,0.680387409,0.801603206,0.484261501,0.925851703,0.610169492,0.845691383,0.598062954,0.801603206,0.440677966,0.921843687,0.423913043,0.869815668,0.239130435,0.964285714,0.369565217,0.903225806,0.410326087,0.869815668,0.217391304,0.956221198
1330,0.695876289,0.832061069,0.510309278,0.908396947,0.597938144,0.849236641,0.62371134,0.832061069,0.440721649,0.933206107,0.432960894,0.871298405,0.270949721,0.962414579,0.346368715,0.898633257,0.424581006,0.871298405,0.223463687,0.955580866
1331,0.644736842,0.808270677,0.463157895,0.906015038,0.555263158,0.840225564,0.586842105,0.808270677,0.402631579,0.92481203,0.43767313,0.902857143,0.252077562,0.971428571,0.36565097,0.924571429,0.415512465,0.902857143,0.238227147,0.965714286
1332,0.691906005,0.839319471,0.545691906,0.935727788,0.608355091,0.867674858,0.613577023,0.839319471,0.46997389,0.939508507,0.444751381,0.886727689,0.273480663,0.964530892,0.35359116,0.898169336,0.428176796,0.886727689,0.240331492,0.959954233
1333,0.674876847,0.859683794,0.490147783,0.93083004,0.578817734,0.855731225,0.608374384,0.859683794,0.406403941,0.942687747,0.462908012,0.878754171,0.270029674,0.966629588,0.356083086,0.888765295,0.442136499,0.878754171,0.222551929,0.9621802
1334,0.659217877,0.842960289,0.441340782,0.945848375,0.592178771,0.875451264,0.603351955,0.842960289,0.365921788,0.960288809,0.400630915,0.895538629,0.233438486,0.9695321,0.321766562,0.907508161,0.394321767,0.895538629,0.220820189,0.956474429
1335,0.679389313,0.861271676,0.503816794,0.946050096,0.597964377,0.874759152,0.58524173,0.861271676,0.435114504,0.953757225,0.414492754,0.869809203,0.286956522,0.971941639,0.342028986,0.887766554,0.402898551,0.869809203,0.226086957,0.961840629
1336,0.634146341,0.832412523,0.474254743,0.94106814,0.574525745,0.876611418,0.585365854,0.832412523,0.376693767,0.939226519,0.413333333,0.87688734,0.272,0.961672474,0.309333333,0.888501742,0.392,0.87688734,0.229333333,0.958188153
1337,0.708530806,0.814285714,0.516587678,0.918367347,0.601895735,0.86122449,0.639810427,0.814285714,0.414691943,0.940816327,0.433526012,0.904494382,0.271676301,0.978651685,0.303468208,0.908988764,0.419075145,0.904494382,0.228323699,0.974157303
1338,0.6796875,0.856060606,0.510416667,0.928030303,0.604166667,0.865530303,0.596354167,0.856060606,0.46875,0.9375,0.456756757,0.883371824,0.272972973,0.974595843,0.364864865,0.905311778,0.424324324,0.883371824,0.248648649,0.968822171
1339,0.66835443,0.825918762,0.534177215,0.912959381,0.574683544,0.854932302,0.579746835,0.825918762,0.473417722,0.922630561,0.423423423,0.874861573,0.249249249,0.957918051,0.318318318,0.897009967,0.393393393,0.874861573,0.216216216,0.936877076
1340,0.687022901,0.845857418,0.480916031,0.926782274,0.605597964,0.868978805,0.625954198,0.845857418,0.442748092,0.94026975,0.468656716,0.870144284,0.298507463,0.961154273,0.379104478,0.886792453,0.450746269,0.870144284,0.28358209,0.953385128
1341,0.685990338,0.829317269,0.502415459,0.935742972,0.56763285,0.861445783,0.611111111,0.829317269,0.451690821,0.931726908,0.456043956,0.891055046,0.25,0.971330275,0.35989011,0.910550459,0.436813187,0.891055046,0.263736264,0.961009174
1342,0.665829146,0.83463035,0.497487437,0.93385214,0.565326633,0.850194553,0.582914573,0.83463035,0.424623116,0.931906615,0.402816901,0.886492622,0.242253521,0.973893303,0.357746479,0.895573212,0.388732394,0.886492622,0.236619718,0.960272418
1343,0.657754011,0.843866171,0.473262032,0.927509294,0.57486631,0.86802974,0.585561497,0.843866171,0.417112299,0.936802974,0.443569554,0.871345029,0.275590551,0.968421053,0.372703412,0.873684211,0.433070866,0.871345029,0.267716535,0.953216374
1344,0.650385604,0.829827916,0.444730077,0.92543021,0.552699229,0.847036329,0.57840617,0.829827916,0.403598972,0.938814532,0.409495549,0.868743048,0.243323442,0.972191324,0.323442136,0.876529477,0.400593472,0.868743048,0.210682493,0.955506118
1345,0.6575,0.8359375,0.4825,0.9375,0.545,0.865234375,0.5775,0.8359375,0.4125,0.92578125,0.454277286,0.876254181,0.262536873,0.968784838,0.374631268,0.890746934,0.445427729,0.876254181,0.230088496,0.956521739
1346,0.686131387,0.838323353,0.491484185,0.94011976,0.562043796,0.874251497,0.603406326,0.838323353,0.428223844,0.944111776,0.434285714,0.890519187,0.254285714,0.9751693,0.357142857,0.899548533,0.414285714,0.890519187,0.242857143,0.960496614
1347,0.641752577,0.841603053,0.445876289,0.948473282,0.538659794,0.885496183,0.585051546,0.841603053,0.394329897,0.954198473,0.422857143,0.878103837,0.234285714,0.969525959,0.342857143,0.901805869,0.411428571,0.878103837,0.228571429,0.957110609
1348,0.662436548,0.841698842,0.487309645,0.928571429,0.578680203,0.882239382,0.593908629,0.841698842,0.431472081,0.94015444,0.456,0.889663182,0.277333333,0.972125436,0.349333333,0.900116144,0.44,0.889663182,0.242666667,0.959349593
1349,0.708860759,0.833655706,0.513924051,0.912959381,0.610126582,0.847195358,0.620253165,0.833655706,0.448101266,0.928433269,0.446745562,0.89532294,0.24556213,0.973273942,0.387573964,0.909799555,0.440828402,0.89532294,0.25739645,0.965478842
1350,0.610497238,0.82,0.439226519,0.92,0.555248619,0.849090909,0.549723757,0.82,0.386740331,0.936363636,0.439897698,0.880473373,0.248081841,0.962130178,0.373401535,0.895857988,0.41943734,0.880473373,0.225063939,0.964497041
1351,0.663129973,0.798130841,0.472148541,0.908411215,0.562334218,0.839252336,0.588859416,0.798130841,0.405835544,0.917757009,0.388101983,0.8799547,0.206798867,0.958097395,0.348441926,0.891279728,0.385269122,0.8799547,0.212464589,0.944507361
1352,0.669616519,0.844677138,0.463126844,0.937172775,0.595870206,0.87434555,0.592920354,0.844677138,0.421828909,0.937172775,0.436923077,0.883644347,0.289230769,0.964873765,0.356923077,0.896816685,0.421538462,0.883644347,0.236923077,0.961580681
1353,0.620098039,0.807539683,0.468137255,0.910714286,0.553921569,0.837301587,0.541666667,0.807539683,0.392156863,0.928571429,0.417344173,0.897347174,0.246612466,0.971164937,0.341463415,0.903114187,0.398373984,0.897347174,0.211382114,0.966551326
1354,0.643589744,0.82183908,0.448717949,0.929118774,0.558974359,0.873563218,0.574358974,0.82183908,0.402564103,0.936781609,0.429824561,0.883668904,0.269005848,0.973154362,0.374269006,0.901565996,0.412280702,0.883668904,0.236842105,0.966442953
1355,0.729268293,0.852589641,0.536585366,0.940239044,0.629268293,0.888446215,0.653658537,0.852589641,0.431707317,0.948207171,0.431192661,0.870187019,0.244648318,0.96039604,0.351681957,0.891089109,0.412844037,0.870187019,0.229357798,0.95159516
1356,0.702233251,0.819253438,0.516129032,0.915520629,0.622828784,0.833005894,0.625310174,0.819253438,0.461538462,0.917485265,0.42228739,0.88603352,0.252199413,0.975418994,0.366568915,0.905027933,0.404692082,0.88603352,0.240469208,0.959776536
1357,0.69041769,0.811881188,0.523341523,0.904950495,0.633906634,0.845544554,0.609336609,0.811881188,0.437346437,0.928712871,0.448753463,0.873142857,0.307479224,0.970285714,0.368421053,0.890285714,0.432132964,0.873142857,0.257617729,0.965714286
1358,0.647355164,0.813592233,0.501259446,0.92815534,0.586901763,0.848543689,0.584382872,0.813592233,0.460957179,0.92815534,0.421195652,0.884792627,0.241847826,0.966589862,0.35326087,0.891705069,0.410326087,0.884792627,0.222826087,0.968894009
1359,0.657142857,0.819105691,0.45952381,0.932926829,0.564285714,0.861788618,0.592857143,0.819105691,0.371428571,0.93495935,0.463013699,0.886337543,0.317808219,0.957520092,0.369863014,0.895522388,0.452054795,0.886337543,0.263013699,0.956371986
1360,0.686015831,0.812382739,0.496042216,0.911819887,0.598944591,0.853658537,0.606860158,0.812382739,0.427440633,0.934333959,0.464985994,0.877133106,0.277310924,0.970420933,0.383753501,0.899886234,0.459383754,0.877133106,0.235294118,0.961319681
1361,0.615384615,0.844859813,0.437665782,0.940186916,0.562334218,0.876635514,0.562334218,0.844859813,0.350132626,0.942056075,0.443148688,0.885778275,0.253644315,0.9731243,0.387755102,0.900335946,0.43148688,0.885778275,0.233236152,0.956326988
1362,0.663341646,0.812133072,0.46882793,0.919765166,0.588528678,0.872798434,0.583541147,0.812133072,0.433915212,0.933463796,0.443548387,0.891203704,0.231182796,0.96875,0.357526882,0.912037037,0.422043011,0.891203704,0.231182796,0.957175926
1363,0.670918367,0.811538462,0.464285714,0.925,0.56122449,0.838461538,0.576530612,0.811538462,0.446428571,0.936538462,0.470760234,0.878076063,0.292397661,0.965324385,0.359649123,0.887024609,0.464912281,0.878076063,0.242690058,0.955257271
1364,0.645390071,0.873210634,0.482269504,0.952965235,0.56501182,0.877300613,0.579196217,0.873210634,0.442080378,0.946830266,0.422163588,0.879813302,0.250659631,0.966161027,0.337730871,0.908984831,0.395778364,0.879813302,0.229551451,0.963827305
1365,0.646464646,0.833333333,0.467171717,0.939922481,0.578282828,0.860465116,0.583333333,0.833333333,0.383838384,0.932170543,0.473053892,0.87804878,0.27245509,0.958980044,0.395209581,0.896895787,0.461077844,0.87804878,0.269461078,0.955654102
1366,0.667481663,0.854870775,0.496332518,0.934393638,0.552567237,0.884691849,0.572127139,0.854870775,0.41809291,0.938369781,0.401179941,0.869565217,0.241887906,0.974358974,0.371681416,0.892976589,0.386430678,0.869565217,0.227138643,0.969899666
1367,0.645,0.82421875,0.48,0.916015625,0.5525,0.8359375,0.5625,0.82421875,0.42,0.921875,0.472222222,0.859589041,0.266666667,0.966894977,0.394444444,0.883561644,0.458333333,0.859589041,0.252777778,0.957762557
1368,0.665835411,0.843444227,0.498753117,0.939334638,0.586034913,0.872798434,0.578553616,0.843444227,0.441396509,0.945205479,0.449591281,0.878020713,0.269754768,0.966628308,0.354223433,0.891829689,0.40599455,0.878020713,0.261580381,0.951668585
1369,0.668407311,0.844990548,0.506527415,0.943289225,0.584856397,0.852551985,0.587467363,0.844990548,0.459530026,0.939508507,0.405325444,0.85857461,0.284023669,0.958797327,0.340236686,0.88752784,0.384615385,0.85857461,0.26035503,0.948775056
1370,0.680412371,0.826335878,0.50257732,0.929389313,0.592783505,0.853053435,0.621134021,0.826335878,0.417525773,0.929389313,0.423188406,0.874298541,0.246376812,0.961840629,0.342028986,0.878787879,0.411594203,0.874298541,0.202898551,0.951739618
1371,0.667481663,0.862823062,0.442542787,0.934393638,0.599022005,0.878727634,0.586797066,0.862823062,0.41809291,0.952286282,0.451790634,0.901489118,0.289256198,0.975945017,0.327823691,0.909507446,0.415977961,0.901489118,0.267217631,0.971363116
1372,0.6325,0.845703125,0.48,0.921875,0.5575,0.87890625,0.555,0.845703125,0.4325,0.94921875,0.395833333,0.881455399,0.205729167,0.968309859,0.296875,0.904929577,0.375,0.881455399,0.205729167,0.957746479
1373,0.62628866,0.86259542,0.466494845,0.948473282,0.56443299,0.908396947,0.551546392,0.86259542,0.420103093,0.963740458,0.432132964,0.881142857,0.279778393,0.963428571,0.35734072,0.889142857,0.421052632,0.881142857,0.243767313,0.952
1374,0.678481013,0.858800774,0.503797468,0.940038685,0.574683544,0.864603482,0.579746835,0.858800774,0.44556962,0.945841393,0.473972603,0.885189437,0.290410959,0.971297359,0.364383562,0.903559127,0.454794521,0.885189437,0.265753425,0.950631458
1375,0.661458333,0.818181818,0.450520833,0.914772727,0.5703125,0.852272727,0.5859375,0.818181818,0.3984375,0.948863636,0.429378531,0.885487528,0.254237288,0.964852608,0.372881356,0.899092971,0.40960452,0.885487528,0.217514124,0.947845805
1376,0.638020833,0.8125,0.479166667,0.929924242,0.494791667,0.854166667,0.53125,0.8125,0.427083333,0.9375,0.401197605,0.866962306,0.251497006,0.971175166,0.335329341,0.885809313,0.389221557,0.866962306,0.215568862,0.955654102
1377,0.686842105,0.838345865,0.489473684,0.945488722,0.576315789,0.870300752,0.6,0.838345865,0.447368421,0.95112782,0.417177914,0.883516484,0.248466258,0.969230769,0.358895706,0.887912088,0.404907975,0.883516484,0.251533742,0.952747253
1378,0.617571059,0.820952381,0.475452196,0.927619048,0.565891473,0.851428571,0.54005168,0.820952381,0.426356589,0.940952381,0.425714286,0.883747178,0.214285714,0.969525959,0.362857143,0.902934537,0.405714286,0.883747178,0.214285714,0.965011287
1379,0.673267327,0.826771654,0.514851485,0.93503937,0.551980198,0.858267717,0.574257426,0.826771654,0.443069307,0.946850394,0.42776204,0.901472254,0.254957507,0.968289921,0.371104816,0.904869762,0.407932011,0.901472254,0.229461756,0.959229898
1380,0.661375661,0.816479401,0.481481481,0.926966292,0.597883598,0.861423221,0.603174603,0.816479401,0.407407407,0.93258427,0.418282548,0.888,0.254847645,0.970285714,0.335180055,0.892571429,0.407202216,0.888,0.207756233,0.961142857
1381,0.660326087,0.805147059,0.497282609,0.920955882,0.58423913,0.856617647,0.581521739,0.805147059,0.456521739,0.939338235,0.42,0.875846501,0.217142857,0.963882619,0.357142857,0.900677201,0.42,0.875846501,0.202857143,0.951467269
1382,0.659259259,0.818540434,0.471604938,0.923076923,0.580246914,0.850098619,0.587654321,0.818540434,0.437037037,0.946745562,0.4,0.899548533,0.225714286,0.9751693,0.357142857,0.918735892,0.374285714,0.899548533,0.214285714,0.963882619
1383,0.669250646,0.824761905,0.483204134,0.916190476,0.57622739,0.84,0.599483204,0.824761905,0.410852713,0.927619048,0.448571429,0.880361174,0.26,0.961625282,0.365714286,0.883747178,0.437142857,0.880361174,0.217142857,0.953724605
1384,0.649746193,0.83011583,0.469543147,0.913127413,0.560913706,0.847490347,0.558375635,0.83011583,0.423857868,0.930501931,0.469444444,0.881278539,0.294444444,0.962328767,0.405555556,0.893835616,0.455555556,0.881278539,0.247222222,0.953196347
1385,0.693670886,0.83172147,0.491139241,0.914893617,0.605063291,0.83172147,0.627848101,0.83172147,0.42278481,0.928433269,0.442622951,0.885057471,0.25136612,0.963218391,0.333333333,0.903448276,0.418032787,0.885057471,0.204918033,0.954022989
1386,0.674185464,0.828460039,0.478696742,0.945419103,0.601503759,0.871345029,0.609022556,0.828460039,0.406015038,0.937621832,0.418604651,0.871076233,0.287790698,0.956278027,0.35755814,0.882286996,0.389534884,0.871076233,0.299418605,0.950672646
1387,0.643203883,0.798,0.483009709,0.926,0.526699029,0.822,0.555825243,0.798,0.412621359,0.924,0.428571429,0.881683732,0.285714286,0.96814562,0.324929972,0.891922639,0.411764706,0.881683732,0.235294118,0.955631399
1388,0.647201946,0.814371257,0.430656934,0.910179641,0.532846715,0.840319361,0.566909976,0.814371257,0.403892944,0.926147705,0.458549223,0.888235294,0.295336788,0.962352941,0.370466321,0.897647059,0.445595855,0.888235294,0.24611399,0.964705882
1389,0.654822335,0.843629344,0.464467005,0.926640927,0.591370558,0.870656371,0.576142132,0.843629344,0.403553299,0.930501931,0.43977591,0.880546075,0.263305322,0.960182025,0.358543417,0.883959044,0.411764706,0.880546075,0.235294118,0.953356086
1390,0.70984456,0.809885932,0.5,0.918250951,0.598445596,0.857414449,0.639896373,0.809885932,0.435233161,0.939163498,0.484756098,0.881057269,0.277439024,0.968061674,0.390243902,0.892070485,0.472560976,0.881057269,0.259146341,0.959251101
1391,0.667525773,0.858778626,0.494845361,0.933206107,0.567010309,0.877862595,0.56443299,0.858778626,0.417525773,0.93129771,0.431216931,0.886946387,0.267195767,0.963869464,0.35978836,0.898601399,0.41005291,0.886946387,0.238095238,0.96037296
1392,0.697788698,0.865346535,0.515970516,0.944554455,0.609336609,0.883168317,0.609336609,0.865346535,0.457002457,0.96039604,0.451253482,0.884834664,0.267409471,0.972633979,0.373259053,0.891676169,0.423398329,0.884834664,0.247910864,0.96009122
1393,0.701234568,0.812623274,0.508641975,0.909270217,0.57037037,0.84418146,0.632098765,0.812623274,0.44691358,0.91913215,0.45505618,0.884090909,0.289325843,0.971590909,0.412921348,0.907954545,0.418539326,0.884090909,0.27247191,0.965909091
1394,0.6425,0.82421875,0.47,0.91796875,0.565,0.859375,0.5875,0.82421875,0.3975,0.93359375,0.414705882,0.879464286,0.194117647,0.964285714,0.341176471,0.899553571,0.405882353,0.879464286,0.211764706,0.9609375
1395,0.673913043,0.849264706,0.497282609,0.931985294,0.60326087,0.884191176,0.589673913,0.849264706,0.423913043,0.941176471,0.391184573,0.879725086,0.269972452,0.961053837,0.316804408,0.888888889,0.371900826,0.879725086,0.236914601,0.959908362
1396,0.684210526,0.840155945,0.526315789,0.927875244,0.5839599,0.871345029,0.591478697,0.840155945,0.468671679,0.941520468,0.450867052,0.868539326,0.294797688,0.971910112,0.36416185,0.891011236,0.436416185,0.868539326,0.25433526,0.957303371
1397,0.7265625,0.833333333,0.552083333,0.922348485,0.598958333,0.854166667,0.611979167,0.833333333,0.486979167,0.935606061,0.46978022,0.879587156,0.307692308,0.967889908,0.335164835,0.895642202,0.456043956,0.879587156,0.241758242,0.950688073
1398,0.711392405,0.829787234,0.534177215,0.924564797,0.64556962,0.878143133,0.630379747,0.829787234,0.488607595,0.943907157,0.435158501,0.862767154,0.253602305,0.967379078,0.345821326,0.890888639,0.417867435,0.862767154,0.221902017,0.946006749
1399,0.633416459,0.794520548,0.473815461,0.921722114,0.541147132,0.859099804,0.548628429,0.794520548,0.389027431,0.929549902,0.409547739,0.863961814,0.248743719,0.96778043,0.324120603,0.893794749,0.391959799,0.863961814,0.236180905,0.960620525
1400,0.624678663,0.810707457,0.470437018,0.927342256,0.557840617,0.868068834,0.557840617,0.810707457,0.393316195,0.944550669,0.408163265,0.886898096,0.279883382,0.960806271,0.332361516,0.907054871,0.390670554,0.886898096,0.233236152,0.957446809
1401,0.696202532,0.858800774,0.541772152,0.949709865,0.589873418,0.889748549,0.584810127,0.858800774,0.478481013,0.947775629,0.444108761,0.885082873,0.271903323,0.977900552,0.326283988,0.908287293,0.438066465,0.885082873,0.229607251,0.972375691
1402,0.710106383,0.809701493,0.518617021,0.940298507,0.598404255,0.875,0.630319149,0.809701493,0.420212766,0.942164179,0.386627907,0.8867713,0.235465116,0.963004484,0.322674419,0.893497758,0.375,0.8867713,0.209302326,0.955156951
1403,0.641943734,0.827255278,0.483375959,0.930902111,0.567774936,0.886756238,0.57544757,0.827255278,0.409207161,0.934740883,0.422096317,0.873159683,0.274787535,0.973952435,0.342776204,0.894677237,0.402266289,0.873159683,0.226628895,0.954699887
1404,0.642105263,0.808270677,0.476315789,0.922932331,0.560526316,0.843984962,0.578947368,0.808270677,0.439473684,0.937969925,0.433139535,0.889013453,0.25872093,0.978699552,0.369186047,0.918161435,0.421511628,0.889013453,0.25872093,0.968609865
1405,0.632603406,0.852295409,0.457420925,0.946107784,0.535279805,0.856287425,0.566909976,0.852295409,0.406326034,0.948103792,0.43220339,0.890022676,0.262711864,0.968253968,0.330508475,0.910430839,0.423728814,0.890022676,0.220338983,0.961451247
1406,0.659630607,0.831144465,0.490765172,0.939962477,0.572559367,0.844277674,0.596306069,0.831144465,0.440633245,0.941838649,0.426966292,0.895454545,0.238764045,0.980681818,0.320224719,0.907954545,0.421348315,0.895454545,0.188202247,0.964772727
1407,0.67,0.822265625,0.495,0.919921875,0.5925,0.84375,0.595,0.822265625,0.4325,0.92578125,0.443396226,0.877995643,0.283018868,0.964052288,0.358490566,0.889978214,0.418238994,0.877995643,0.261006289,0.954248366
1408,0.672823219,0.844277674,0.474934037,0.909943715,0.577836412,0.876172608,0.591029024,0.844277674,0.406332454,0.954971857,0.421195652,0.861751152,0.266304348,0.959677419,0.331521739,0.875576037,0.410326087,0.861751152,0.211956522,0.94124424
1409,0.671122995,0.801115242,0.516042781,0.920074349,0.561497326,0.853159851,0.582887701,0.801115242,0.446524064,0.949814126,0.494475138,0.861556064,0.287292818,0.956521739,0.38121547,0.877574371,0.472375691,0.861556064,0.287292818,0.948512586
1410,0.681710214,0.849287169,0.458432304,0.940936864,0.6152019,0.859470468,0.596199525,0.849287169,0.410926366,0.940936864,0.431428571,0.886004515,0.268571429,0.966139955,0.342857143,0.881489842,0.414285714,0.886004515,0.24,0.959367946
1411,0.663072776,0.839186691,0.485175202,0.918669131,0.563342318,0.85767098,0.571428571,0.839186691,0.425876011,0.933456562,0.385674931,0.901489118,0.261707989,0.980526919,0.344352617,0.912943872,0.369146006,0.901489118,0.228650138,0.969072165
1412,0.646464646,0.848837209,0.444444444,0.930232558,0.580808081,0.868217054,0.573232323,0.848837209,0.373737374,0.94379845,0.457865169,0.892045455,0.275280899,0.975,0.379213483,0.907954545,0.443820225,0.892045455,0.264044944,0.954545455
1413,0.655421687,0.802816901,0.469879518,0.911468813,0.585542169,0.828973843,0.568674699,0.802816901,0.448192771,0.939637827,0.436507937,0.868298368,0.256613757,0.961538462,0.330687831,0.885780886,0.425925926,0.868298368,0.232804233,0.952214452
1414,0.670918367,0.844230769,0.50255102,0.938461538,0.56122449,0.869230769,0.599489796,0.844230769,0.426020408,0.940384615,0.433628319,0.881828317,0.253687316,0.97212932,0.342182891,0.905239688,0.421828909,0.881828317,0.209439528,0.956521739
1415,0.650406504,0.860036832,0.512195122,0.928176796,0.579945799,0.847145488,0.579945799,0.860036832,0.471544715,0.937384899,0.449704142,0.894209354,0.25739645,0.977728285,0.366863905,0.912026726,0.434911243,0.894209354,0.24556213,0.956570156
1416,0.665816327,0.832692308,0.484693878,0.938461538,0.566326531,0.857692308,0.589285714,0.832692308,0.420918367,0.934615385,0.441176471,0.89675174,0.262032086,0.972157773,0.339572193,0.903712297,0.417112299,0.89675174,0.240641711,0.958236659
1417,0.644385027,0.814126394,0.478609626,0.920074349,0.585561497,0.864312268,0.577540107,0.814126394,0.422459893,0.93866171,0.417177914,0.87032967,0.279141104,0.968131868,0.355828221,0.884615385,0.40797546,0.87032967,0.248466258,0.954945055
1418,0.687817259,0.822393822,0.459390863,0.913127413,0.581218274,0.843629344,0.611675127,0.822393822,0.403553299,0.911196911,0.427710843,0.886061947,0.274096386,0.972345133,0.361445783,0.887168142,0.406626506,0.886061947,0.240963855,0.961283186
1419,0.66835443,0.845261122,0.518987342,0.932301741,0.57721519,0.878143133,0.582278481,0.845261122,0.430379747,0.934235977,0.425352113,0.88876277,0.278873239,0.973893303,0.335211268,0.89784336,0.414084507,0.88876277,0.250704225,0.956867196
1420,0.668463612,0.826247689,0.48787062,0.931608133,0.582210243,0.878003697,0.58490566,0.826247689,0.444743935,0.940850277,0.436781609,0.887387387,0.284482759,0.971846847,0.356321839,0.906531532,0.41091954,0.887387387,0.24137931,0.96509009
1421,0.701005025,0.840466926,0.530150754,0.93385214,0.620603015,0.879377432,0.605527638,0.840466926,0.462311558,0.945525292,0.481690141,0.884222474,0.270422535,0.970488082,0.38028169,0.89784336,0.464788732,0.884222474,0.245070423,0.960272418
1422,0.61025641,0.837164751,0.446153846,0.938697318,0.520512821,0.883141762,0.543589744,0.837164751,0.420512821,0.942528736,0.420612813,0.890535918,0.256267409,0.96009122,0.348189415,0.919042189,0.403899721,0.890535918,0.22005571,0.955530217
1423,0.651399491,0.840077071,0.498727735,0.951830443,0.58524173,0.868978805,0.577608142,0.840077071,0.468193384,0.951830443,0.404432133,0.870857143,0.268698061,0.964571429,0.32132964,0.885714286,0.390581717,0.870857143,0.227146814,0.962285714
1424,0.688829787,0.819029851,0.492021277,0.912313433,0.598404255,0.860074627,0.617021277,0.819029851,0.430851064,0.930970149,0.438829787,0.894186047,0.303191489,0.968604651,0.359042553,0.912790698,0.430851064,0.894186047,0.247340426,0.965116279
1425,0.67191601,0.83992467,0.49343832,0.945386064,0.603674541,0.883239171,0.606299213,0.83992467,0.409448819,0.956685499,0.406685237,0.883694413,0.233983287,0.966932725,0.309192201,0.903078677,0.38718663,0.883694413,0.203342618,0.963511973
1426,0.659624413,0.794238683,0.483568075,0.903292181,0.570422535,0.818930041,0.570422535,0.794238683,0.396713615,0.91563786,0.43715847,0.871264368,0.259562842,0.963218391,0.355191257,0.890804598,0.428961749,0.871264368,0.226775956,0.957471264
1427,0.686375321,0.806883365,0.526992288,0.927342256,0.573264781,0.835564054,0.59125964,0.806883365,0.462724936,0.93499044,0.469072165,0.878537736,0.255154639,0.970518868,0.365979381,0.903301887,0.456185567,0.878537736,0.242268041,0.961084906
1428,0.695214106,0.842718447,0.493702771,0.93592233,0.594458438,0.883495146,0.58186398,0.842718447,0.443324937,0.947572816,0.445070423,0.876276958,0.245070423,0.963677639,0.366197183,0.891032917,0.436619718,0.876276958,0.233802817,0.961407491
1429,0.644067797,0.825651303,0.486682809,0.921843687,0.573849879,0.859719439,0.573849879,0.825651303,0.418886199,0.93987976,0.391304348,0.875576037,0.230978261,0.976958525,0.342391304,0.887096774,0.380434783,0.875576037,0.230978261,0.960829493
1430,0.675531915,0.832089552,0.492021277,0.927238806,0.606382979,0.869402985,0.606382979,0.832089552,0.441489362,0.934701493,0.406077348,0.894736842,0.220994475,0.970251716,0.29558011,0.914187643,0.386740331,0.894736842,0.187845304,0.962242563
1431,0.666666667,0.848314607,0.46031746,0.943820225,0.576719577,0.874531835,0.600529101,0.848314607,0.396825397,0.947565543,0.466101695,0.883219955,0.282485876,0.965986395,0.344632768,0.89569161,0.440677966,0.883219955,0.225988701,0.9569161
1432,0.671641791,0.839215686,0.509950249,0.935294118,0.544776119,0.874509804,0.564676617,0.839215686,0.467661692,0.943137255,0.437340153,0.907692308,0.245524297,0.966863905,0.3657289,0.90295858,0.411764706,0.907692308,0.232736573,0.962130178
1433,0.681233933,0.856596558,0.5218509,0.915869981,0.609254499,0.852772467,0.609254499,0.856596558,0.452442159,0.946462715,0.43081761,0.903050109,0.235849057,0.982570806,0.383647799,0.903050109,0.405660377,0.903050109,0.22327044,0.970588235
1434,0.630102041,0.828846154,0.492346939,0.926923077,0.558673469,0.851923077,0.566326531,0.828846154,0.390306122,0.932692308,0.416666667,0.891203704,0.266129032,0.971064815,0.333333333,0.91087963,0.403225806,0.891203704,0.244623656,0.966435185
1435,0.678284182,0.857142857,0.509383378,0.93135436,0.624664879,0.881261596,0.621983914,0.857142857,0.436997319,0.948051948,0.456395349,0.878923767,0.281976744,0.975336323,0.36627907,0.894618834,0.427325581,0.878923767,0.25,0.957399103
1436,0.645669291,0.81920904,0.448818898,0.920903955,0.540682415,0.871939736,0.587926509,0.81920904,0.398950131,0.928436911,0.486068111,0.875136911,0.309597523,0.959474261,0.377708978,0.905805038,0.445820433,0.875136911,0.287925697,0.95837897
1437,0.703703704,0.829588015,0.526455026,0.93258427,0.605820106,0.865168539,0.608465608,0.829588015,0.441798942,0.938202247,0.44092219,0.872890889,0.242074928,0.976377953,0.342939481,0.893138358,0.414985591,0.872890889,0.244956772,0.960629921
1438,0.687817259,0.841698842,0.512690355,0.938223938,0.626903553,0.868725869,0.624365482,0.841698842,0.426395939,0.953667954,0.418128655,0.88590604,0.245614035,0.975391499,0.33625731,0.901565996,0.394736842,0.88590604,0.236842105,0.964205817
1439,0.671604938,0.836291913,0.49382716,0.932938856,0.580246914,0.867850099,0.592592593,0.836291913,0.419753086,0.956607495,0.415929204,0.879598662,0.244837758,0.966555184,0.321533923,0.892976589,0.407079646,0.879598662,0.230088496,0.959866221
1440,0.644110276,0.847953216,0.511278195,0.923976608,0.593984962,0.851851852,0.571428571,0.847953216,0.471177945,0.931773879,0.467261905,0.891111111,0.294642857,0.972222222,0.351190476,0.906666667,0.446428571,0.891111111,0.261904762,0.97
1441,0.696658098,0.816443595,0.501285347,0.921606119,0.614395887,0.843212237,0.596401028,0.816443595,0.442159383,0.933078394,0.421965318,0.871910112,0.271676301,0.959550562,0.315028902,0.888764045,0.387283237,0.871910112,0.239884393,0.959550562
1442,0.648058252,0.82,0.444174757,0.93,0.572815534,0.854,0.597087379,0.82,0.40776699,0.954,0.455357143,0.878888889,0.294642857,0.954444444,0.31547619,0.906666667,0.425595238,0.878888889,0.25297619,0.957777778
1443,0.640419948,0.81920904,0.467191601,0.926553672,0.564304462,0.86440678,0.56167979,0.81920904,0.412073491,0.937853107,0.463556851,0.890257559,0.241982507,0.967525196,0.370262391,0.899216125,0.443148688,0.890257559,0.256559767,0.950727884
1444,0.676328502,0.805220884,0.52173913,0.917670683,0.584541063,0.851405622,0.599033816,0.805220884,0.429951691,0.947791165,0.428961749,0.895402299,0.267759563,0.968965517,0.346994536,0.905747126,0.407103825,0.895402299,0.207650273,0.962068966
1445,0.649758454,0.827309237,0.485507246,0.931726908,0.562801932,0.875502008,0.579710145,0.827309237,0.417874396,0.947791165,0.453521127,0.860385925,0.250704225,0.95800227,0.366197183,0.880817253,0.442253521,0.860385925,0.23943662,0.950056754
1446,0.676691729,0.810916179,0.478696742,0.931773879,0.581453634,0.863547758,0.606516291,0.810916179,0.406015038,0.93957115,0.49071618,0.889406286,0.297082228,0.983701979,0.389920424,0.904540163,0.474801061,0.889406286,0.23872679,0.965075669
1447,0.649350649,0.829222011,0.477922078,0.929791271,0.566233766,0.863377609,0.566233766,0.829222011,0.412987013,0.943074004,0.433048433,0.874576271,0.262108262,0.964971751,0.341880342,0.884745763,0.404558405,0.874576271,0.239316239,0.95819209
1448,0.635204082,0.832692308,0.471938776,0.944230769,0.596938776,0.873076923,0.568877551,0.832692308,0.428571429,0.951923077,0.396174863,0.885057471,0.25136612,0.967816092,0.325136612,0.905747126,0.379781421,0.885057471,0.207650273,0.957471264
1449,0.664961637,0.817658349,0.488491049,0.928982726,0.560102302,0.846449136,0.593350384,0.817658349,0.427109974,0.936660269,0.469002695,0.882080925,0.291105121,0.966473988,0.380053908,0.894797688,0.450134771,0.882080925,0.28032345,0.958381503
1450,0.667464115,0.819838057,0.480861244,0.91902834,0.574162679,0.858299595,0.605263158,0.819838057,0.411483254,0.933198381,0.428571429,0.888761468,0.225274725,0.966743119,0.354395604,0.895642202,0.42032967,0.888761468,0.197802198,0.967889908
1451,0.68,0.806640625,0.4675,0.91796875,0.5925,0.830078125,0.605,0.806640625,0.4175,0.9296875,0.41954023,0.887387387,0.252873563,0.967342342,0.376436782,0.906531532,0.41091954,0.887387387,0.24137931,0.953828829
1452,0.694087404,0.835564054,0.516709512,0.929254302,0.598971722,0.881453155,0.580976864,0.835564054,0.462724936,0.938814532,0.452574526,0.874279123,0.249322493,0.963091119,0.37398374,0.885813149,0.436314363,0.874279123,0.246612466,0.952710496
1453,0.661137441,0.834693878,0.502369668,0.932653061,0.58056872,0.859183673,0.587677725,0.834693878,0.41943128,0.932653061,0.392857143,0.867777778,0.235119048,0.953333333,0.330357143,0.886666667,0.375,0.867777778,0.229166667,0.944444444
1454,0.68286445,0.840690979,0.480818414,0.932821497,0.611253197,0.846449136,0.636828645,0.840690979,0.414322251,0.948176583,0.443148688,0.876819709,0.274052478,0.967525196,0.38483965,0.898096305,0.43148688,0.876819709,0.262390671,0.950727884
1455,0.671679198,0.822612086,0.511278195,0.902534113,0.586466165,0.847953216,0.601503759,0.822612086,0.411027569,0.92202729,0.42776204,0.875424689,0.294617564,0.966024915,0.365439093,0.896942242,0.407932011,0.875424689,0.263456091,0.951302378
1456,0.67191601,0.843691149,0.472440945,0.930320151,0.572178478,0.86440678,0.608923885,0.843691149,0.417322835,0.934086629,0.455840456,0.885875706,0.227920228,0.975141243,0.353276353,0.906214689,0.435897436,0.885875706,0.242165242,0.961581921
1457,0.65535248,0.81852552,0.488250653,0.924385633,0.584856397,0.839319471,0.569190601,0.81852552,0.428198433,0.943289225,0.470744681,0.891860465,0.292553191,0.970930233,0.406914894,0.909302326,0.446808511,0.891860465,0.268617021,0.955813953
1458,0.664,0.841713222,0.488,0.945996276,0.573333333,0.884543762,0.565333333,0.841713222,0.426666667,0.96461825,0.414168937,0.878020713,0.237057221,0.981588032,0.36239782,0.899884925,0.40599455,0.878020713,0.223433243,0.960874568
1459,0.633495146,0.846,0.475728155,0.94,0.519417476,0.878,0.519417476,0.846,0.424757282,0.932,0.398305085,0.878684807,0.259887006,0.977324263,0.347457627,0.907029478,0.378531073,0.878684807,0.242937853,0.972789116
1460,0.706036745,0.821092279,0.49343832,0.922787194,0.606299213,0.84180791,0.6167979,0.821092279,0.433070866,0.939736347,0.4375,0.882629108,0.270833333,0.970657277,0.390625,0.884976526,0.421875,0.882629108,0.270833333,0.955399061
1461,0.635696822,0.825049702,0.484107579,0.918489066,0.547677262,0.83499006,0.535452323,0.825049702,0.420537897,0.920477137,0.401114206,0.881413911,0.250696379,0.97377423,0.306406685,0.889395667,0.38718663,0.881413911,0.242339833,0.96009122
1462,0.714285714,0.848540146,0.527472527,0.928832117,0.596153846,0.852189781,0.631868132,0.848540146,0.472527473,0.937956204,0.436923077,0.883644347,0.267692308,0.967069155,0.304615385,0.891328211,0.415384615,0.883644347,0.215384615,0.96377607
1463,0.637305699,0.846007605,0.494818653,0.941064639,0.546632124,0.874524715,0.577720207,0.846007605,0.414507772,0.94486692,0.397402597,0.870740306,0.257142857,0.958871915,0.309090909,0.891891892,0.384415584,0.870740306,0.212987013,0.951821387
1464,0.675544794,0.825651303,0.491525424,0.925851703,0.607748184,0.869739479,0.578692494,0.825651303,0.401937046,0.951903808,0.438066465,0.874033149,0.232628399,0.961325967,0.341389728,0.895027624,0.407854985,0.874033149,0.217522659,0.948066298
1465,0.655612245,0.848076923,0.459183673,0.923076923,0.586734694,0.867307692,0.579081633,0.848076923,0.408163265,0.936538462,0.420289855,0.882154882,0.24057971,0.965207632,0.330434783,0.902356902,0.405797101,0.882154882,0.217391304,0.956228956
1466,0.627791563,0.848722986,0.464019851,0.921414538,0.570719603,0.880157171,0.553349876,0.848722986,0.41439206,0.935166994,0.42776204,0.892412231,0.260623229,0.972819932,0.379603399,0.899207248,0.410764873,0.892412231,0.229461756,0.963759909
1467,0.689119171,0.855513308,0.510362694,0.941064639,0.580310881,0.872623574,0.621761658,0.855513308,0.417098446,0.942965779,0.393292683,0.873348018,0.240853659,0.964757709,0.317073171,0.896475771,0.387195122,0.873348018,0.201219512,0.966960352
1468,0.641509434,0.84103512,0.460916442,0.924214418,0.563342318,0.861367837,0.579514825,0.84103512,0.398921833,0.939001848,0.458923513,0.893544734,0.294617564,0.970554926,0.373937677,0.899207248,0.433427762,0.893544734,0.260623229,0.963759909
1469,0.688607595,0.81237911,0.513924051,0.909090909,0.610126582,0.84139265,0.610126582,0.81237911,0.427848101,0.924564797,0.461077844,0.87804878,0.284431138,0.970066519,0.341317365,0.89135255,0.443113772,0.87804878,0.233532934,0.964523282
1470,0.703896104,0.834914611,0.503896104,0.920303605,0.576623377,0.848197343,0.623376623,0.834914611,0.425974026,0.927893738,0.423076923,0.908685969,0.295857988,0.972160356,0.343195266,0.908685969,0.408284024,0.908685969,0.227810651,0.968819599
1471,0.696132597,0.832727273,0.5,0.914545455,0.596685083,0.870909091,0.616022099,0.832727273,0.403314917,0.938181818,0.438016529,0.871706758,0.258953168,0.975945017,0.366391185,0.886597938,0.426997245,0.871706758,0.242424242,0.95303551
1472,0.661835749,0.829317269,0.483091787,0.927710843,0.562801932,0.843373494,0.589371981,0.829317269,0.403381643,0.937751004,0.418918919,0.878752887,0.251351351,0.97113164,0.362162162,0.889145497,0.408108108,0.878752887,0.210810811,0.96073903
1473,0.657824934,0.828037383,0.464190981,0.91588785,0.586206897,0.852336449,0.583554377,0.828037383,0.374005305,0.934579439,0.430412371,0.893867925,0.268041237,0.965801887,0.378865979,0.900943396,0.412371134,0.893867925,0.25,0.968160377
1474,0.725388601,0.817490494,0.512953368,0.922053232,0.595854922,0.866920152,0.652849741,0.817490494,0.476683938,0.937262357,0.462395543,0.868871152,0.281337047,0.958950969,0.364902507,0.875712657,0.448467967,0.868871152,0.228412256,0.948688712
1475,0.648293963,0.824858757,0.472440945,0.93220339,0.569553806,0.86440678,0.553805774,0.824858757,0.417322835,0.939736347,0.471910112,0.903409091,0.311797753,0.968181818,0.365168539,0.922727273,0.457865169,0.903409091,0.280898876,0.964772727
1476,0.687179487,0.823754789,0.476923077,0.909961686,0.597435897,0.844827586,0.625641026,0.823754789,0.415384615,0.936781609,0.421195652,0.90437788,0.247282609,0.966589862,0.328804348,0.911290323,0.394021739,0.90437788,0.241847826,0.957373272
1477,0.676844784,0.851637765,0.488549618,0.942196532,0.575063613,0.868978805,0.592875318,0.851637765,0.417302799,0.946050096,0.433139535,0.881165919,0.247093023,0.967488789,0.363372093,0.891255605,0.415697674,0.881165919,0.235465116,0.958520179
1478,0.656862745,0.811507937,0.490196078,0.91468254,0.578431373,0.851190476,0.583333333,0.811507937,0.424019608,0.942460317,0.417112299,0.864269142,0.237967914,0.957076566,0.331550802,0.882830626,0.414438503,0.864269142,0.203208556,0.952436195
1479,0.653061224,0.821153846,0.443877551,0.921153846,0.553571429,0.846153846,0.581632653,0.821153846,0.37755102,0.942307692,0.40797546,0.876923077,0.254601227,0.969230769,0.334355828,0.893406593,0.395705521,0.876923077,0.236196319,0.963736264
1480,0.642857143,0.830769231,0.477040816,0.936538462,0.558673469,0.838461538,0.576530612,0.830769231,0.420918367,0.940384615,0.389240506,0.881521739,0.243670886,0.969565217,0.351265823,0.901086957,0.379746835,0.881521739,0.224683544,0.955434783
1481,0.713917526,0.847328244,0.512886598,0.917938931,0.608247423,0.874045802,0.644329897,0.847328244,0.463917526,0.940839695,0.418879056,0.884057971,0.256637168,0.966555184,0.362831858,0.907469342,0.410029499,0.884057971,0.233038348,0.947603122
1482,0.671497585,0.807228916,0.471014493,0.921686747,0.565217391,0.837349398,0.601449275,0.807228916,0.410628019,0.923694779,0.431524548,0.885747939,0.260981912,0.967020024,0.387596899,0.90459364,0.408268734,0.885747939,0.266149871,0.956419317
1483,0.683246073,0.835849057,0.515706806,0.922641509,0.586387435,0.869811321,0.594240838,0.835849057,0.458115183,0.954716981,0.418478261,0.874423963,0.285326087,0.961981567,0.33423913,0.882488479,0.399456522,0.874423963,0.225543478,0.956221198
1484,0.686111111,0.813405797,0.483333333,0.922101449,0.613888889,0.849637681,0.586111111,0.813405797,0.427777778,0.932971014,0.405405405,0.85334873,0.281081081,0.961893764,0.351351351,0.884526559,0.394594595,0.85334873,0.243243243,0.952655889
1485,0.660714286,0.821153846,0.479591837,0.944230769,0.540816327,0.888461538,0.568877551,0.821153846,0.410714286,0.971153846,0.396648045,0.891799544,0.240223464,0.961275626,0.312849162,0.900911162,0.374301676,0.891799544,0.220670391,0.962414579
1486,0.675531915,0.854477612,0.468085106,0.947761194,0.579787234,0.876865672,0.585106383,0.854477612,0.441489362,0.957089552,0.427440633,0.891481914,0.248021108,0.964994166,0.350923483,0.893815636,0.411609499,0.891481914,0.248021108,0.95915986
1487,0.685785536,0.863013699,0.498753117,0.949119374,0.600997506,0.876712329,0.610972569,0.863013699,0.433915212,0.962818004,0.450867052,0.880898876,0.26300578,0.958426966,0.361271676,0.885393258,0.433526012,0.880898876,0.228323699,0.953932584
1488,0.63060686,0.81988743,0.45646438,0.930581614,0.548812665,0.857410882,0.564643799,0.81988743,0.398416887,0.945590994,0.445355191,0.883908046,0.275956284,0.968965517,0.396174863,0.897701149,0.420765027,0.883908046,0.275956284,0.957471264
1489,0.649595687,0.80961183,0.479784367,0.905730129,0.566037736,0.839186691,0.552560647,0.80961183,0.423180593,0.924214418,0.424581006,0.884965831,0.25698324,0.970387244,0.354748603,0.894077449,0.407821229,0.884965831,0.229050279,0.952164009
1490,0.66066838,0.812619503,0.506426735,0.929254302,0.593830334,0.852772467,0.588688946,0.812619503,0.439588689,0.938814532,0.409356725,0.879194631,0.260233918,0.954138702,0.31871345,0.903803132,0.391812865,0.879194631,0.210526316,0.954138702
1491,0.649874055,0.80776699,0.503778338,0.918446602,0.549118388,0.846601942,0.571788413,0.80776699,0.428211587,0.930097087,0.391061453,0.890660592,0.237430168,0.964692483,0.318435754,0.902050114,0.374301676,0.890660592,0.195530726,0.958997722
1492,0.673024523,0.831192661,0.490463215,0.935779817,0.604904632,0.867889908,0.607629428,0.831192661,0.449591281,0.930275229,0.43977591,0.880546075,0.263305322,0.969283276,0.369747899,0.902161547,0.431372549,0.880546075,0.266106443,0.955631399
1493,0.654731458,0.859884837,0.488491049,0.936660269,0.57544757,0.869481766,0.616368286,0.859884837,0.388746803,0.934740883,0.436363636,0.879690949,0.281818182,0.974613687,0.351515152,0.892935982,0.412121212,0.879690949,0.260606061,0.971302428
1494,0.680203046,0.845559846,0.510152284,0.932432432,0.609137056,0.88996139,0.609137056,0.845559846,0.426395939,0.932432432,0.47133758,0.870932755,0.289808917,0.960954447,0.369426752,0.883947939,0.455414013,0.870932755,0.261146497,0.944685466
1495,0.704545455,0.812015504,0.532828283,0.924418605,0.613636364,0.823643411,0.628787879,0.812015504,0.436868687,0.914728682,0.485632184,0.878378378,0.301724138,0.96509009,0.356321839,0.880630631,0.465517241,0.878378378,0.247126437,0.956081081
1496,0.654462243,0.863157895,0.455377574,0.945263158,0.590389016,0.884210526,0.588100686,0.863157895,0.421052632,0.955789474,0.458579882,0.889755011,0.295857988,0.966592428,0.360946746,0.896436526,0.437869822,0.889755011,0.269230769,0.962138085
1497,0.634328358,0.843137255,0.482587065,0.947058824,0.554726368,0.870588235,0.534825871,0.843137255,0.415422886,0.947058824,0.439226519,0.878718535,0.276243094,0.973684211,0.372928177,0.897025172,0.419889503,0.878718535,0.254143646,0.962242563
1498,0.684478372,0.818882466,0.521628499,0.911368015,0.603053435,0.851637765,0.600508906,0.818882466,0.450381679,0.93256262,0.409836066,0.868965517,0.237704918,0.952873563,0.352459016,0.881609195,0.393442623,0.868965517,0.224043716,0.950574713
1499,0.664948454,0.820610687,0.49742268,0.923664122,0.62371134,0.849236641,0.597938144,0.820610687,0.456185567,0.944656489,0.434402332,0.870100784,0.256559767,0.95968645,0.355685131,0.880179171,0.413994169,0.870100784,0.247813411,0.950727884
1500,0.700507614,0.849420849,0.497461929,0.924710425,0.609137056,0.88030888,0.616751269,0.849420849,0.431472081,0.942084942,0.418918919,0.857967667,0.289189189,0.958429561,0.362162162,0.881062356,0.4,0.857967667,0.232432432,0.948036952
1501,0.681055156,0.846464646,0.517985612,0.921212121,0.604316547,0.874747475,0.597122302,0.846464646,0.45323741,0.933333333,0.402035623,0.881376038,0.272264631,0.975088968,0.315521628,0.901542112,0.391857506,0.881376038,0.229007634,0.96797153
1502,0.716145833,0.835227273,0.557291667,0.933712121,0.635416667,0.856060606,0.635416667,0.835227273,0.4765625,0.933712121,0.405882353,0.885044643,0.264705882,0.965401786,0.317647059,0.901785714,0.394117647,0.885044643,0.226470588,0.962053571
1503,0.67539267,0.847169811,0.494764398,0.930188679,0.552356021,0.88490566,0.570680628,0.847169811,0.429319372,0.939622642,0.45915493,0.87400681,0.287323944,0.963677639,0.388732394,0.898978434,0.453521127,0.87400681,0.245070423,0.959137344
1504,0.685279188,0.862934363,0.535532995,0.936293436,0.591370558,0.862934363,0.598984772,0.862934363,0.456852792,0.934362934,0.440443213,0.892571429,0.243767313,0.962285714,0.335180055,0.912,0.426592798,0.892571429,0.243767313,0.950857143
1505,0.654040404,0.850775194,0.464646465,0.939922481,0.550505051,0.893410853,0.580808081,0.850775194,0.431818182,0.949612403,0.446685879,0.866141732,0.250720461,0.967379078,0.403458213,0.894263217,0.429394813,0.866141732,0.239193084,0.952755906
1506,0.65535248,0.827977316,0.501305483,0.935727788,0.558746736,0.850661626,0.550913838,0.827977316,0.459530026,0.935727788,0.422222222,0.876712329,0.244444444,0.960045662,0.352777778,0.888127854,0.408333333,0.876712329,0.255555556,0.946347032
1507,0.709923664,0.855491329,0.51653944,0.944123314,0.631043257,0.880539499,0.636132316,0.855491329,0.450381679,0.946050096,0.370262391,0.86450168,0.21574344,0.958566629,0.309037901,0.888017917,0.364431487,0.86450168,0.201166181,0.957446809
1508,0.679292929,0.829457364,0.507575758,0.92248062,0.53030303,0.860465116,0.560606061,0.829457364,0.446969697,0.936046512,0.423529412,0.871651786,0.267647059,0.970982143,0.361764706,0.887276786,0.417647059,0.871651786,0.235294118,0.959821429
1509,0.688654354,0.833020638,0.511873351,0.934333959,0.593667546,0.849906191,0.596306069,0.833020638,0.453825858,0.932457786,0.433604336,0.892733564,0.265582656,0.967704729,0.344173442,0.899653979,0.414634146,0.892733564,0.241192412,0.964244521
1510,0.672413793,0.837944664,0.487684729,0.932806324,0.588669951,0.861660079,0.593596059,0.837944664,0.408866995,0.956521739,0.441260745,0.888387824,0.283667622,0.963923337,0.35530086,0.903043968,0.426934097,0.888387824,0.23782235,0.958286359
1511,0.6375,0.81640625,0.45,0.931640625,0.545,0.828125,0.5725,0.81640625,0.3775,0.94140625,0.416893733,0.895281933,0.288828338,0.963176064,0.365122616,0.899884925,0.397820163,0.895281933,0.242506812,0.953970081
1512,0.662049861,0.814882033,0.534626039,0.921960073,0.578947368,0.836660617,0.576177285,0.814882033,0.470914127,0.938294011,0.427350427,0.892655367,0.250712251,0.972881356,0.321937322,0.916384181,0.41025641,0.892655367,0.222222222,0.972881356
1513,0.673218673,0.823762376,0.515970516,0.926732673,0.594594595,0.843564356,0.597051597,0.823762376,0.437346437,0.936633663,0.412087912,0.850917431,0.260989011,0.941513761,0.324175824,0.872706422,0.398351648,0.850917431,0.222527473,0.943807339
1514,0.634517766,0.837837838,0.444162437,0.924710425,0.527918782,0.868725869,0.568527919,0.837837838,0.388324873,0.947876448,0.437853107,0.87414966,0.245762712,0.964852608,0.344632768,0.878684807,0.418079096,0.87414966,0.211864407,0.953514739
1515,0.66395664,0.836095764,0.490514905,0.931860037,0.574525745,0.854511971,0.585365854,0.836095764,0.430894309,0.924493554,0.402203857,0.872852234,0.239669421,0.959908362,0.325068871,0.894616266,0.385674931,0.872852234,0.236914601,0.940435281
1516,0.638755981,0.829959514,0.485645933,0.921052632,0.56937799,0.872469636,0.564593301,0.829959514,0.423444976,0.929149798,0.433908046,0.885135135,0.267241379,0.966216216,0.327586207,0.898648649,0.416666667,0.885135135,0.244252874,0.959459459
1517,0.681704261,0.826510721,0.461152882,0.920077973,0.604010025,0.851851852,0.604010025,0.826510721,0.403508772,0.925925926,0.462184874,0.875995449,0.235294118,0.963594994,0.364145658,0.897610922,0.445378151,0.875995449,0.224089636,0.960182025
1518,0.667487685,0.818181818,0.458128079,0.92687747,0.583743842,0.839920949,0.578817734,0.818181818,0.401477833,0.922924901,0.430267062,0.885428254,0.275964392,0.96996663,0.338278932,0.896551724,0.412462908,0.885428254,0.252225519,0.963292547
1519,0.666666667,0.821493625,0.512396694,0.923497268,0.575757576,0.832422587,0.595041322,0.821493625,0.41322314,0.918032787,0.437665782,0.895227008,0.24668435,0.966239814,0.360742706,0.90104773,0.419098143,0.895227008,0.228116711,0.966239814
1520,0.666666667,0.83234714,0.479012346,0.915187377,0.567901235,0.863905325,0.585185185,0.83234714,0.412345679,0.934911243,0.389830508,0.896825397,0.257062147,0.967120181,0.347457627,0.905895692,0.381355932,0.896825397,0.223163842,0.96031746
1521,0.628019324,0.841365462,0.461352657,0.939759036,0.528985507,0.863453815,0.54589372,0.841365462,0.40821256,0.937751004,0.415472779,0.88162345,0.246418338,0.977452086,0.340974212,0.890642616,0.398280802,0.88162345,0.229226361,0.967305524
1522,0.660621762,0.844106464,0.476683938,0.923954373,0.559585492,0.872623574,0.567357513,0.844106464,0.411917098,0.933460076,0.386554622,0.882821388,0.25210084,0.970420933,0.319327731,0.887372014,0.366946779,0.882821388,0.240896359,0.967007964
1523,0.663072776,0.833641405,0.482479784,0.927911275,0.587601078,0.874306839,0.598382749,0.833641405,0.409703504,0.931608133,0.443478261,0.888888889,0.243478261,0.96969697,0.342028986,0.898989899,0.428985507,0.888888889,0.220289855,0.956228956
1524,0.670241287,0.838589981,0.466487936,0.93877551,0.587131367,0.86270872,0.616621984,0.838589981,0.402144772,0.948051948,0.416666667,0.889269406,0.247222222,0.97260274,0.330555556,0.906392694,0.402777778,0.889269406,0.230555556,0.956621005
1525,0.693766938,0.828729282,0.517615176,0.915285451,0.604336043,0.867403315,0.615176152,0.828729282,0.422764228,0.928176796,0.425770308,0.866894198,0.274509804,0.962457338,0.369747899,0.877133106,0.403361345,0.866894198,0.25210084,0.93629124
1526,0.713917526,0.849236641,0.515463918,0.933206107,0.592783505,0.875954198,0.62371134,0.849236641,0.469072165,0.944656489,0.451948052,0.909518214,0.27012987,0.972972973,0.358441558,0.91186839,0.441558442,0.909518214,0.231168831,0.965922444
1527,0.681704261,0.824561404,0.49122807,0.910331384,0.591478697,0.847953216,0.601503759,0.824561404,0.446115288,0.923976608,0.480113636,0.892533937,0.298295455,0.976244344,0.369318182,0.907239819,0.448863636,0.892533937,0.269886364,0.964932127
1528,0.672588832,0.828185328,0.469543147,0.915057915,0.596446701,0.835907336,0.611675127,0.828185328,0.421319797,0.916988417,0.415730337,0.875,0.25,0.956818182,0.370786517,0.884090909,0.404494382,0.875,0.235955056,0.954545455
1529,0.679045093,0.839252336,0.474801061,0.921495327,0.618037135,0.859813084,0.623342175,0.839252336,0.397877984,0.936448598,0.428152493,0.869273743,0.24340176,0.956424581,0.343108504,0.889385475,0.410557185,0.869273743,0.249266862,0.955307263
1530,0.706329114,0.843326886,0.516455696,0.938104449,0.6,0.864603482,0.617721519,0.843326886,0.437974684,0.936170213,0.437317784,0.893617021,0.236151603,0.9731243,0.358600583,0.90593505,0.411078717,0.893617021,0.189504373,0.964165733
1531,0.629820051,0.816443595,0.444730077,0.919694073,0.586118252,0.848948375,0.57840617,0.816443595,0.403598972,0.931166348,0.413888889,0.859589041,0.227777778,0.952054795,0.305555556,0.878995434,0.391666667,0.859589041,0.208333333,0.944063927
1532,0.638020833,0.831439394,0.497395833,0.935606061,0.565104167,0.854166667,0.552083333,0.831439394,0.442708333,0.929924242,0.448571429,0.873589165,0.271428571,0.961625282,0.348571429,0.88261851,0.422857143,0.873589165,0.245714286,0.945823928
1533,0.689223058,0.805068226,0.536340852,0.923976608,0.591478697,0.846003899,0.593984962,0.805068226,0.45112782,0.925925926,0.40509915,0.875424689,0.257790368,0.964892412,0.303116147,0.890147225,0.368271955,0.875424689,0.21529745,0.945639864
1534,0.675257732,0.830152672,0.489690722,0.923664122,0.582474227,0.847328244,0.608247423,0.830152672,0.425257732,0.938931298,0.448179272,0.885096701,0.277310924,0.96814562,0.37254902,0.911262799,0.431372549,0.885096701,0.254901961,0.955631399
1535,0.655778894,0.8307393,0.487437186,0.928015564,0.590452261,0.859922179,0.587939698,0.8307393,0.424623116,0.937743191,0.475138122,0.881006865,0.259668508,0.966819222,0.345303867,0.894736842,0.453038674,0.881006865,0.223756906,0.962242563
1536,0.649746193,0.845559846,0.464467005,0.928571429,0.573604061,0.862934363,0.576142132,0.845559846,0.434010152,0.942084942,0.473829201,0.880870561,0.289256198,0.963344788,0.388429752,0.898052692,0.443526171,0.880870561,0.275482094,0.965635739
1537,0.689393939,0.823643411,0.537878788,0.92248062,0.575757576,0.862403101,0.593434343,0.823643411,0.464646465,0.936046512,0.451704545,0.881221719,0.261363636,0.964932127,0.360795455,0.890271493,0.434659091,0.881221719,0.25,0.954751131
1538,0.648793566,0.842300557,0.442359249,0.936920223,0.568364611,0.875695733,0.579088472,0.842300557,0.386058981,0.957328386,0.437106918,0.88453159,0.242138365,0.970588235,0.358490566,0.90087146,0.421383648,0.88453159,0.213836478,0.962962963
1539,0.652406417,0.849442379,0.481283422,0.934944238,0.558823529,0.856877323,0.564171123,0.849442379,0.406417112,0.949814126,0.373088685,0.888888889,0.232415902,0.97469747,0.330275229,0.899889989,0.351681957,0.888888889,0.22324159,0.9669967
1540,0.668304668,0.833663366,0.511056511,0.926732673,0.594594595,0.857425743,0.587223587,0.833663366,0.432432432,0.936633663,0.402777778,0.894977169,0.266666667,0.971461187,0.333333333,0.909817352,0.380555556,0.894977169,0.227777778,0.969178082
1541,0.661870504,0.812121212,0.503597122,0.923232323,0.570743405,0.842424242,0.592326139,0.812121212,0.446043165,0.933333333,0.451704545,0.877828054,0.28125,0.968325792,0.366477273,0.891402715,0.434659091,0.877828054,0.252840909,0.959276018
1542,0.685929648,0.83463035,0.484924623,0.914396887,0.560301508,0.856031128,0.587939698,0.83463035,0.422110553,0.926070039,0.394594595,0.881062356,0.243243243,0.958429561,0.310810811,0.879907621,0.378378378,0.881062356,0.216216216,0.944572748
1543,0.672727273,0.815939279,0.480519481,0.920303605,0.563636364,0.834914611,0.584415584,0.815939279,0.405194805,0.927893738,0.419939577,0.887292818,0.223564955,0.971270718,0.329305136,0.900552486,0.404833837,0.887292818,0.211480363,0.965745856
1544,0.687830688,0.825842697,0.452380952,0.926966292,0.584656085,0.857677903,0.619047619,0.825842697,0.367724868,0.940074906,0.429378531,0.888888889,0.276836158,0.965986395,0.316384181,0.912698413,0.40960452,0.888888889,0.214689266,0.953514739
1545,0.647342995,0.83935743,0.490338164,0.925702811,0.579710145,0.863453815,0.584541063,0.83935743,0.396135266,0.93373494,0.43697479,0.88850967,0.260504202,0.961319681,0.333333333,0.907849829,0.431372549,0.88850967,0.210084034,0.955631399
1546,0.694235589,0.812865497,0.526315789,0.912280702,0.604010025,0.83625731,0.601503759,0.812865497,0.468671679,0.92202729,0.420454545,0.882352941,0.286931818,0.9739819,0.366477273,0.904977376,0.394886364,0.882352941,0.25,0.96040724
1547,0.6825,0.830078125,0.485,0.931640625,0.6275,0.8515625,0.63,0.830078125,0.42,0.935546875,0.436111111,0.888127854,0.227777778,0.96803653,0.363888889,0.900684932,0.419444444,0.888127854,0.202777778,0.956621005
1548,0.640963855,0.847082495,0.462650602,0.945674044,0.54939759,0.883299799,0.585542169,0.847082495,0.424096386,0.949698189,0.474285714,0.866817156,0.311428571,0.954853273,0.411428571,0.873589165,0.442857143,0.866817156,0.274285714,0.946952596
1549,0.682382134,0.799607073,0.496277916,0.923379175,0.607940447,0.836935167,0.615384615,0.799607073,0.404466501,0.927308448,0.454277286,0.870680045,0.274336283,0.959866221,0.395280236,0.891861761,0.433628319,0.870680045,0.280235988,0.950947603
1550,0.664864865,0.850553506,0.491891892,0.92804428,0.597297297,0.883763838,0.57027027,0.850553506,0.445945946,0.961254613,0.452991453,0.881355932,0.273504274,0.963841808,0.37037037,0.89039548,0.438746439,0.881355932,0.253561254,0.95819209
1551,0.656675749,0.849541284,0.504087193,0.932110092,0.566757493,0.867889908,0.577656676,0.849541284,0.438692098,0.943119266,0.442253521,0.886492622,0.290140845,0.971623156,0.352112676,0.896708286,0.41971831,0.886492622,0.247887324,0.95800227
1552,0.700258398,0.838095238,0.532299742,0.921904762,0.599483204,0.862857143,0.620155039,0.838095238,0.434108527,0.939047619,0.461325967,0.895881007,0.259668508,0.971395881,0.309392265,0.900457666,0.428176796,0.895881007,0.259668508,0.956521739
1553,0.650753769,0.838521401,0.464824121,0.929961089,0.572864322,0.86381323,0.565326633,0.838521401,0.434673367,0.941634241,0.394285714,0.889390519,0.237142857,0.963882619,0.314285714,0.900677201,0.382857143,0.889390519,0.185714286,0.96275395
1554,0.665782493,0.831775701,0.461538462,0.928971963,0.586206897,0.854205607,0.591511936,0.831775701,0.416445623,0.942056075,0.418803419,0.863276836,0.239316239,0.967231638,0.321937322,0.883615819,0.404558405,0.863276836,0.216524217,0.946892655
1555,0.675062972,0.825242718,0.501259446,0.92038835,0.594458438,0.86407767,0.594458438,0.825242718,0.395465995,0.959223301,0.412650602,0.903761062,0.28313253,0.978982301,0.343373494,0.924778761,0.394578313,0.903761062,0.25,0.971238938
1556,0.713910761,0.792843691,0.535433071,0.888888889,0.6167979,0.832391714,0.653543307,0.792843691,0.448818898,0.907721281,0.452574526,0.880046136,0.254742547,0.961937716,0.390243902,0.904267589,0.430894309,0.880046136,0.25203252,0.951557093
1557,0.665809769,0.79541109,0.496143959,0.90248566,0.539845758,0.839388145,0.588688946,0.79541109,0.393316195,0.910133843,0.453781513,0.883959044,0.246498599,0.967007964,0.350140056,0.88850967,0.445378151,0.883959044,0.207282913,0.959044369
1558,0.669354839,0.822222222,0.489247312,0.912962963,0.575268817,0.855555556,0.567204301,0.822222222,0.435483871,0.935185185,0.409972299,0.877714286,0.235457064,0.962285714,0.343490305,0.898285714,0.390581717,0.877714286,0.221606648,0.950857143
1559,0.704878049,0.862549801,0.497560976,0.950199203,0.597560976,0.880478088,0.641463415,0.862549801,0.434146341,0.942231076,0.458461538,0.891328211,0.310769231,0.967069155,0.363076923,0.89791438,0.443076923,0.891328211,0.246153846,0.954994512
1560,0.680798005,0.843444227,0.476309227,0.941291585,0.596009975,0.86888454,0.608478803,0.843444227,0.408977556,0.939334638,0.42172524,0.867822319,0.249201278,0.958829902,0.345047923,0.890574215,0.405750799,0.867822319,0.239616613,0.962080173
1561,0.67989418,0.853932584,0.515873016,0.938202247,0.587301587,0.868913858,0.595238095,0.853932584,0.444444444,0.943820225,0.421652422,0.875706215,0.247863248,0.961581921,0.353276353,0.889265537,0.39031339,0.875706215,0.236467236,0.952542373
1562,0.65394402,0.838150289,0.465648855,0.938342967,0.569974555,0.851637765,0.575063613,0.838150289,0.430025445,0.94026975,0.417344173,0.871972318,0.262872629,0.960784314,0.311653117,0.891580161,0.401084011,0.871972318,0.224932249,0.952710496
1563,0.689922481,0.857142857,0.465116279,0.952380952,0.583979328,0.866666667,0.622739018,0.857142857,0.405684755,0.96,0.418032787,0.871264368,0.221311475,0.968965517,0.322404372,0.885057471,0.404371585,0.871264368,0.199453552,0.96091954
1564,0.675461741,0.834896811,0.530343008,0.938086304,0.562005277,0.8630394,0.580474934,0.834896811,0.430079156,0.941838649,0.431085044,0.879329609,0.263929619,0.966480447,0.346041056,0.903910615,0.416422287,0.879329609,0.228739003,0.963128492
1565,0.694656489,0.836223507,0.488549618,0.938342967,0.577608142,0.876685934,0.615776081,0.836223507,0.409669211,0.955684008,0.438547486,0.886104784,0.245810056,0.965831435,0.329608939,0.902050114,0.405027933,0.886104784,0.217877095,0.963553531
1566,0.6796875,0.84280303,0.447916667,0.939393939,0.575520833,0.876893939,0.611979167,0.84280303,0.390625,0.946969697,0.440729483,0.890848953,0.26443769,0.976846748,0.349544073,0.905181918,0.416413374,0.890848953,0.261398176,0.97353914
1567,0.722772277,0.844488189,0.534653465,0.937007874,0.576732673,0.883858268,0.621287129,0.844488189,0.455445545,0.933070866,0.468926554,0.882086168,0.296610169,0.969387755,0.381355932,0.903628118,0.446327684,0.882086168,0.288135593,0.96031746
1568,0.662125341,0.829357798,0.493188011,0.91559633,0.623978202,0.866055046,0.591280654,0.829357798,0.422343324,0.932110092,0.41160221,0.885583524,0.251381215,0.971395881,0.356353591,0.899313501,0.406077348,0.885583524,0.20441989,0.949656751
1569,0.674185464,0.824561404,0.503759398,0.949317739,0.588972431,0.855750487,0.578947368,0.824561404,0.458646617,0.937621832,0.403269755,0.878020713,0.226158038,0.972382048,0.324250681,0.904487917,0.392370572,0.878020713,0.198910082,0.95972382
1570,0.631979695,0.859073359,0.454314721,0.936293436,0.545685279,0.893822394,0.560913706,0.859073359,0.393401015,0.945945946,0.417910448,0.882352941,0.262686567,0.971143174,0.295522388,0.902330744,0.4,0.882352941,0.220895522,0.962264151
1571,0.673076923,0.806451613,0.485576923,0.913306452,0.581730769,0.852822581,0.603365385,0.806451613,0.420673077,0.931451613,0.45480226,0.87755102,0.296610169,0.969387755,0.350282486,0.896825397,0.440677966,0.87755102,0.237288136,0.954648526
1572,0.646464646,0.802325581,0.467171717,0.912790698,0.535353535,0.835271318,0.550505051,0.802325581,0.414141414,0.949612403,0.407624633,0.882681564,0.258064516,0.962011173,0.322580645,0.888268156,0.395894428,0.882681564,0.190615836,0.950837989
1573,0.693670886,0.829787234,0.534177215,0.905222437,0.602531646,0.854932302,0.610126582,0.829787234,0.465822785,0.940038685,0.431884058,0.864197531,0.252173913,0.964085297,0.32173913,0.898989899,0.414492754,0.864197531,0.228985507,0.950617284
1574,0.726287263,0.82320442,0.547425474,0.926335175,0.639566396,0.843462247,0.66395664,0.82320442,0.447154472,0.933701657,0.415472779,0.875986471,0.266475645,0.972942503,0.346704871,0.888387824,0.401146132,0.875986471,0.243553009,0.954904171
1575,0.694444444,0.84057971,0.527777778,0.936594203,0.613888889,0.844202899,0.588888889,0.84057971,0.472222222,0.940217391,0.456140351,0.868008949,0.277777778,0.959731544,0.359649123,0.876957494,0.447368421,0.868008949,0.236842105,0.94966443
1576,0.645476773,0.846918489,0.476772616,0.930417495,0.596577017,0.866799205,0.591687042,0.846918489,0.403422983,0.93638171,0.430412371,0.876179245,0.273195876,0.968160377,0.350515464,0.889150943,0.420103093,0.876179245,0.25,0.954009434
1577,0.628361858,0.815109344,0.427872861,0.918489066,0.518337408,0.854870775,0.557457213,0.815109344,0.364303178,0.942345924,0.453757225,0.884269663,0.268786127,0.968539326,0.335260116,0.895505618,0.424855491,0.884269663,0.24566474,0.964044944
1578,0.673469388,0.825,0.50255102,0.923076923,0.586734694,0.840384615,0.617346939,0.825,0.428571429,0.928846154,0.399449036,0.885452463,0.261707989,0.966781214,0.29476584,0.901489118,0.366391185,0.885452463,0.23415978,0.95303551
1579,0.665,0.8203125,0.48,0.916015625,0.59,0.857421875,0.6125,0.8203125,0.3875,0.935546875,0.446280992,0.87628866,0.272727273,0.97021764,0.391184573,0.89347079,0.426997245,0.87628866,0.247933884,0.957617411
1580,0.682692308,0.842741935,0.495192308,0.921370968,0.584134615,0.875,0.59375,0.842741935,0.4375,0.935483871,0.452247191,0.892045455,0.255617978,0.9625,0.362359551,0.903409091,0.438202247,0.892045455,0.252808989,0.960227273
1581,0.670918367,0.838461538,0.477040816,0.925,0.573979592,0.846153846,0.594387755,0.838461538,0.392857143,0.932692308,0.48973607,0.873743017,0.272727273,0.960893855,0.357771261,0.889385475,0.478005865,0.873743017,0.269794721,0.957541899
1582,0.694711538,0.838709677,0.53125,0.945564516,0.564903846,0.881048387,0.586538462,0.838709677,0.447115385,0.947580645,0.445623342,0.878928987,0.225464191,0.966239814,0.347480106,0.889406286,0.427055703,0.878928987,0.196286472,0.95459837
1583,0.739473684,0.838345865,0.531578947,0.911654135,0.647368421,0.868421053,0.642105263,0.838345865,0.460526316,0.919172932,0.434285714,0.896162528,0.314285714,0.969525959,0.351428571,0.90744921,0.417142857,0.896162528,0.237142857,0.96275395
1584,0.662404092,0.80806142,0.480818414,0.913627639,0.598465473,0.834932821,0.595907928,0.80806142,0.411764706,0.928982726,0.447447447,0.872646733,0.246246246,0.96345515,0.351351351,0.900332226,0.429429429,0.872646733,0.237237237,0.954595792
1585,0.688829787,0.837686567,0.502659574,0.930970149,0.595744681,0.860074627,0.625,0.837686567,0.42287234,0.936567164,0.425925926,0.878289474,0.274691358,0.963815789,0.37345679,0.890350877,0.410493827,0.878289474,0.240740741,0.952850877
1586,0.635638298,0.865671642,0.438829787,0.958955224,0.545212766,0.891791045,0.579787234,0.865671642,0.393617021,0.958955224,0.424778761,0.870680045,0.294985251,0.966555184,0.371681416,0.89632107,0.407079646,0.870680045,0.271386431,0.956521739
1587,0.619170984,0.853612167,0.440414508,0.941064639,0.53626943,0.88973384,0.541450777,0.853612167,0.393782383,0.948669202,0.421750663,0.881257276,0.228116711,0.970896391,0.374005305,0.905704307,0.405835544,0.881257276,0.222811671,0.959254948
1588,0.685,0.84375,0.5225,0.93359375,0.62,0.87109375,0.6225,0.84375,0.46,0.94921875,0.425770308,0.898748578,0.24929972,0.969283276,0.341736695,0.905574516,0.414565826,0.898748578,0.212885154,0.962457338
1589,0.669117647,0.841269841,0.490196078,0.928571429,0.583333333,0.867063492,0.575980392,0.841269841,0.450980392,0.94047619,0.432432432,0.885681293,0.254054054,0.97113164,0.337837838,0.898383372,0.408108108,0.885681293,0.235135135,0.961893764
1590,0.664141414,0.817829457,0.452020202,0.899224806,0.583333333,0.854651163,0.580808081,0.817829457,0.393939394,0.916666667,0.407407407,0.871710526,0.240740741,0.970394737,0.367283951,0.893640351,0.395061728,0.871710526,0.225308642,0.961622807
1591,0.690537084,0.815738964,0.493606138,0.917466411,0.601023018,0.856046065,0.613810742,0.815738964,0.432225064,0.934740883,0.403693931,0.883313886,0.242744063,0.962660443,0.340369393,0.901983664,0.382585752,0.883313886,0.232189974,0.966161027
1592,0.620779221,0.840607211,0.449350649,0.943074004,0.522077922,0.880455408,0.545454545,0.840607211,0.38961039,0.944971537,0.421195652,0.881336406,0.241847826,0.966589862,0.326086957,0.889400922,0.39673913,0.881336406,0.201086957,0.970046083
1593,0.634210526,0.813909774,0.452631579,0.921052632,0.555263158,0.842105263,0.573684211,0.813909774,0.386842105,0.92481203,0.456582633,0.87258248,0.282913165,0.974971559,0.352941176,0.887372014,0.442577031,0.87258248,0.240896359,0.959044369
1594,0.679104478,0.825490196,0.485074627,0.919607843,0.544776119,0.847058824,0.587064677,0.825490196,0.450248756,0.92745098,0.413157895,0.86682243,0.252631579,0.963785047,0.342105263,0.882009346,0.397368421,0.86682243,0.231578947,0.950934579
1595,0.681940701,0.828096118,0.514824798,0.927911275,0.595687332,0.85767098,0.590296496,0.828096118,0.425876011,0.931608133,0.407303371,0.881818182,0.25,0.963636364,0.353932584,0.888636364,0.387640449,0.881818182,0.230337079,0.948863636
1596,0.660621762,0.815589354,0.518134715,0.908745247,0.57253886,0.851711027,0.577720207,0.815589354,0.448186528,0.920152091,0.43575419,0.874715262,0.265363128,0.966970387,0.351955307,0.89977221,0.421787709,0.874715262,0.223463687,0.958997722
1597,0.665829146,0.844357977,0.484924623,0.939688716,0.567839196,0.86770428,0.582914573,0.844357977,0.424623116,0.947470817,0.361764706,0.8828125,0.25,0.963169643,0.308823529,0.905133929,0.347058824,0.8828125,0.238235294,0.954241071
1598,0.664122137,0.838150289,0.480916031,0.922928709,0.610687023,0.868978805,0.597964377,0.838150289,0.417302799,0.934489403,0.432926829,0.898678414,0.274390244,0.968061674,0.362804878,0.898678414,0.420731707,0.898678414,0.231707317,0.955947137
1599,0.688442211,0.817120623,0.512562814,0.93385214,0.633165829,0.854085603,0.613065327,0.817120623,0.449748744,0.931906615,0.399399399,0.88482835,0.216216216,0.966777409,0.321321321,0.891472868,0.375375375,0.88482835,0.198198198,0.951273533
1600,0.691919192,0.82751938,0.525252525,0.928294574,0.613636364,0.848837209,0.616161616,0.82751938,0.446969697,0.937984496,0.430851064,0.884883721,0.260638298,0.962790698,0.375,0.896511628,0.420212766,0.884883721,0.25,0.958139535
1601,0.674731183,0.837037037,0.52688172,0.925925926,0.575268817,0.855555556,0.588709677,0.837037037,0.438172043,0.942592593,0.448275862,0.871944121,0.270557029,0.958090803,0.379310345,0.878928987,0.427055703,0.871944121,0.23872679,0.952270081
1602,0.693779904,0.862348178,0.483253589,0.941295547,0.626794258,0.854251012,0.645933014,0.862348178,0.423444976,0.947368421,0.451697128,0.886283705,0.242819843,0.961313013,0.37075718,0.894490035,0.438642298,0.886283705,0.229765013,0.969519343
1603,0.652741514,0.816635161,0.498694517,0.916824197,0.550913838,0.833648393,0.561357702,0.816635161,0.417754569,0.920604915,0.461538462,0.889265537,0.262108262,0.967231638,0.364672365,0.899435028,0.441595442,0.889265537,0.242165242,0.961581921
1604,0.61928934,0.83011583,0.459390863,0.918918919,0.57106599,0.857142857,0.540609137,0.83011583,0.413705584,0.924710425,0.43943662,0.850170261,0.247887324,0.961407491,0.36056338,0.86492622,0.428169014,0.850170261,0.222535211,0.944381385
1605,0.664251208,0.833333333,0.475845411,0.93373494,0.574879227,0.883534137,0.589371981,0.833333333,0.425120773,0.935742972,0.442253521,0.885357548,0.290140845,0.975028377,0.36056338,0.889897843,0.428169014,0.885357548,0.267605634,0.962542565
1606,0.671834625,0.817142857,0.45994832,0.937142857,0.571059432,0.847619048,0.607235142,0.817142857,0.392764858,0.937142857,0.442970822,0.885913853,0.286472149,0.970896391,0.360742706,0.894062864,0.437665782,0.885913853,0.225464191,0.959254948
1607,0.659313725,0.843253968,0.475490196,0.924603175,0.595588235,0.869047619,0.605392157,0.843253968,0.397058824,0.930555556,0.432024169,0.868508287,0.299093656,0.956906077,0.350453172,0.883977901,0.410876133,0.868508287,0.265861027,0.955801105
1608,0.678947368,0.836466165,0.526315789,0.937969925,0.605263158,0.877819549,0.594736842,0.836466165,0.452631579,0.941729323,0.427350427,0.882485876,0.236467236,0.967231638,0.35042735,0.896045198,0.413105413,0.882485876,0.230769231,0.957062147
1609,0.638743455,0.837735849,0.486910995,0.939622642,0.568062827,0.869811321,0.570680628,0.837735849,0.421465969,0.956603774,0.434659091,0.878959276,0.272727273,0.96719457,0.332386364,0.889140271,0.414772727,0.878959276,0.241477273,0.957013575
1610,0.685503686,0.82970297,0.486486486,0.924752475,0.582309582,0.875247525,0.609336609,0.82970297,0.425061425,0.948514851,0.4,0.88261851,0.254285714,0.961625282,0.32,0.901805869,0.385714286,0.88261851,0.208571429,0.968397291
1611,0.668380463,0.824091778,0.508997429,0.938814532,0.583547558,0.866156788,0.565552699,0.824091778,0.434447301,0.946462715,0.43148688,0.868980963,0.282798834,0.958566629,0.329446064,0.888017917,0.413994169,0.868980963,0.259475219,0.950727884
1612,0.680203046,0.808880309,0.482233503,0.911196911,0.563451777,0.841698842,0.593908629,0.808880309,0.406091371,0.926640927,0.399463807,0.863267671,0.217158177,0.959443801,0.345844504,0.891077636,0.394101877,0.863267671,0.201072386,0.955967555
1613,0.667506297,0.834951456,0.481108312,0.924271845,0.586901763,0.844660194,0.59697733,0.834951456,0.453400504,0.918446602,0.42228739,0.869273743,0.269794721,0.970949721,0.357771261,0.900558659,0.395894428,0.869273743,0.231671554,0.963128492
1614,0.644908616,0.809073724,0.472584856,0.907372401,0.590078329,0.862003781,0.579634465,0.809073724,0.417754569,0.943289225,0.437333333,0.885017422,0.290666667,0.974448316,0.378666667,0.889663182,0.432,0.885017422,0.261333333,0.963995354
1615,0.643391521,0.851272016,0.461346633,0.947162427,0.551122195,0.866927593,0.568578554,0.851272016,0.394014963,0.939334638,0.426183844,0.868871152,0.272980501,0.957810718,0.3454039,0.89281642,0.398328691,0.868871152,0.245125348,0.947548461
1616,0.689814815,0.827083333,0.497685185,0.93125,0.590277778,0.852083333,0.622685185,0.827083333,0.439814815,0.93125,0.373417722,0.9,0.215189873,0.976086957,0.297468354,0.905434783,0.360759494,0.9,0.196202532,0.964130435
1617,0.670984456,0.80608365,0.494818653,0.908745247,0.577720207,0.844106464,0.582901554,0.80608365,0.422279793,0.922053232,0.476190476,0.875995449,0.296918768,0.967007964,0.383753501,0.894197952,0.453781513,0.875995449,0.280112045,0.953356086
1618,0.664819945,0.798548094,0.479224377,0.914700544,0.576177285,0.827586207,0.584487535,0.798548094,0.404432133,0.927404719,0.441441441,0.878183832,0.24024024,0.96013289,0.351351351,0.879291251,0.426426426,0.878183832,0.249249249,0.952380952
1619,0.661417323,0.813559322,0.498687664,0.926553672,0.559055118,0.851224105,0.566929134,0.813559322,0.443569554,0.943502825,0.448680352,0.877094972,0.304985337,0.966480447,0.328445748,0.894972067,0.42228739,0.877094972,0.258064516,0.951955307
1620,0.661246612,0.828729282,0.474254743,0.931860037,0.585365854,0.85267035,0.574525745,0.828729282,0.441734417,0.937384899,0.429775281,0.877272727,0.258426966,0.960227273,0.365168539,0.894318182,0.421348315,0.877272727,0.235955056,0.957954545
1621,0.682170543,0.836190476,0.50129199,0.933333333,0.61498708,0.860952381,0.607235142,0.836190476,0.436692506,0.927619048,0.409340659,0.857798165,0.239010989,0.956422018,0.335164835,0.881880734,0.398351648,0.857798165,0.222527473,0.94266055
1622,0.687002653,0.81682243,0.551724138,0.914018692,0.586206897,0.854205607,0.610079576,0.81682243,0.450928382,0.93271028,0.48,0.890519187,0.271428571,0.965011287,0.414285714,0.898419865,0.468571429,0.890519187,0.262857143,0.961625282
1623,0.681462141,0.807183365,0.516971279,0.913043478,0.577023499,0.850661626,0.624020888,0.807183365,0.404699739,0.928166352,0.392749245,0.880662983,0.241691843,0.979005525,0.347432024,0.887292818,0.380664653,0.880662983,0.232628399,0.971270718
1624,0.700520833,0.8125,0.515625,0.928030303,0.638020833,0.848484848,0.611979167,0.8125,0.447916667,0.939393939,0.440443213,0.899428571,0.279778393,0.965714286,0.368421053,0.910857143,0.429362881,0.899428571,0.254847645,0.961142857
1625,0.660477454,0.829906542,0.474801061,0.940186916,0.586206897,0.859813084,0.594164456,0.829906542,0.416445623,0.947663551,0.418338109,0.883878241,0.280802292,0.96843292,0.29226361,0.891770011,0.404011461,0.883878241,0.220630372,0.954904171
1626,0.68115942,0.835341365,0.512077295,0.941767068,0.618357488,0.855421687,0.589371981,0.835341365,0.47826087,0.945783133,0.405882353,0.868303571,0.244117647,0.955357143,0.291176471,0.899553571,0.391176471,0.868303571,0.217647059,0.950892857
1627,0.673316708,0.800391389,0.486284289,0.911937378,0.583541147,0.835616438,0.610972569,0.800391389,0.413965087,0.941291585,0.374285714,0.88261851,0.211428571,0.960496614,0.291428571,0.891647856,0.348571429,0.88261851,0.182857143,0.954853273
1628,0.704878049,0.826693227,0.492682927,0.93625498,0.604878049,0.866533865,0.648780488,0.826693227,0.424390244,0.954183267,0.438202247,0.911363636,0.235955056,0.967045455,0.314606742,0.910227273,0.43258427,0.911363636,0.202247191,0.969318182
1629,0.660377358,0.842883549,0.474393531,0.948243993,0.601078167,0.879852126,0.58490566,0.842883549,0.393530997,0.950092421,0.38150289,0.861797753,0.208092486,0.960674157,0.294797688,0.878651685,0.37283237,0.861797753,0.173410405,0.964044944
1630,0.683804627,0.833652008,0.488431877,0.931166348,0.609254499,0.86042065,0.593830334,0.833652008,0.449871465,0.938814532,0.401554404,0.891764706,0.269430052,0.965882353,0.313471503,0.896470588,0.375647668,0.891764706,0.220207254,0.957647059
1631,0.635057471,0.803191489,0.471264368,0.916666667,0.525862069,0.829787234,0.545977011,0.803191489,0.376436782,0.937943262,0.405835544,0.875436554,0.230769231,0.962747381,0.344827586,0.891734575,0.392572944,0.875436554,0.206896552,0.95459837
1632,0.616541353,0.810916179,0.45112782,0.929824561,0.523809524,0.861598441,0.536340852,0.810916179,0.413533835,0.941520468,0.407303371,0.877272727,0.230337079,0.960227273,0.337078652,0.888636364,0.396067416,0.877272727,0.188202247,0.9625
1633,0.68579235,0.836996337,0.49726776,0.935897436,0.581967213,0.875457875,0.573770492,0.836996337,0.398907104,0.934065934,0.39010989,0.884174312,0.247252747,0.970183486,0.324175824,0.899082569,0.373626374,0.884174312,0.208791209,0.969036697
1634,0.730496454,0.81799591,0.513002364,0.938650307,0.602836879,0.879345603,0.63356974,0.81799591,0.423167849,0.950920245,0.41369863,0.879448909,0.219178082,0.969001148,0.339726027,0.884041332,0.394520548,0.879448909,0.21369863,0.949483352
1635,0.680798005,0.837573386,0.516209476,0.937377691,0.628428928,0.866927593,0.625935162,0.837573386,0.451371571,0.945205479,0.431428571,0.878103837,0.251428571,0.96275395,0.351428571,0.896162528,0.414285714,0.878103837,0.237142857,0.955981941
1636,0.65258216,0.835390947,0.488262911,0.919753086,0.55399061,0.853909465,0.577464789,0.835390947,0.427230047,0.925925926,0.428977273,0.872171946,0.264204545,0.961538462,0.340909091,0.892533937,0.394886364,0.872171946,0.244318182,0.947963801
1637,0.691099476,0.835849057,0.497382199,0.935849057,0.591623037,0.886792453,0.602094241,0.835849057,0.418848168,0.939622642,0.431818182,0.880090498,0.28125,0.966063348,0.321022727,0.903846154,0.403409091,0.880090498,0.221590909,0.963800905
1638,0.658291457,0.821011673,0.477386935,0.926070039,0.587939698,0.852140078,0.585427136,0.821011673,0.396984925,0.928015564,0.405405405,0.885681293,0.245945946,0.97113164,0.327027027,0.896073903,0.383783784,0.885681293,0.227027027,0.957274827
1639,0.708860759,0.87040619,0.491139241,0.949709865,0.602531646,0.883945841,0.62278481,0.87040619,0.435443038,0.953578337,0.43715847,0.872413793,0.226775956,0.968965517,0.330601093,0.905747126,0.420765027,0.872413793,0.193989071,0.962068966
1640,0.663366337,0.846456693,0.5,0.954724409,0.566831683,0.883858268,0.608910891,0.846456693,0.398514851,0.952755906,0.440111421,0.86659065,0.30362117,0.966932725,0.353760446,0.883694413,0.420612813,0.86659065,0.245125348,0.941847206
1641,0.648456057,0.82688391,0.510688836,0.947046843,0.572446556,0.857433809,0.560570071,0.82688391,0.437054632,0.945010183,0.409836066,0.875862069,0.270491803,0.972413793,0.336065574,0.887356322,0.387978142,0.875862069,0.229508197,0.959770115
1642,0.691747573,0.858,0.47815534,0.932,0.618932039,0.88,0.623786408,0.858,0.417475728,0.938,0.430481283,0.890951276,0.245989305,0.969837587,0.347593583,0.906032483,0.422459893,0.890951276,0.227272727,0.96287703
1643,0.691729323,0.826510721,0.541353383,0.923976608,0.609022556,0.869395712,0.604010025,0.826510721,0.473684211,0.933723197,0.467236467,0.898305085,0.264957265,0.974011299,0.361823362,0.907344633,0.444444444,0.898305085,0.256410256,0.962711864
1644,0.683510638,0.819029851,0.473404255,0.932835821,0.606382979,0.847014925,0.606382979,0.819029851,0.430851064,0.927238806,0.433333333,0.879690949,0.263636364,0.963576159,0.357575758,0.886313466,0.412121212,0.879690949,0.239393939,0.952538631
1645,0.684343434,0.835271318,0.517676768,0.924418605,0.595959596,0.848837209,0.606060606,0.835271318,0.452020202,0.945736434,0.457478006,0.889385475,0.278592375,0.969832402,0.35483871,0.900558659,0.434017595,0.889385475,0.252199413,0.965363128
1646,0.693877551,0.825,0.517857143,0.926923077,0.612244898,0.878846154,0.602040816,0.825,0.448979592,0.940384615,0.462427746,0.882022472,0.25433526,0.968539326,0.36416185,0.905617978,0.456647399,0.882022472,0.228323699,0.958426966
1647,0.690307329,0.811860941,0.513002364,0.928425358,0.605200946,0.846625767,0.609929078,0.811860941,0.425531915,0.932515337,0.391780822,0.87141217,0.265753425,0.962112514,0.345205479,0.887485649,0.375342466,0.87141217,0.260273973,0.949483352
1648,0.705735661,0.829745597,0.493765586,0.933463796,0.593516209,0.878669276,0.613466334,0.829745597,0.463840399,0.939334638,0.386363636,0.886877828,0.227272727,0.963800905,0.326704545,0.904977376,0.357954545,0.886877828,0.227272727,0.95361991
1649,0.632124352,0.819391635,0.440414508,0.935361217,0.575129534,0.849809886,0.549222798,0.819391635,0.406735751,0.941064639,0.401709402,0.881355932,0.262108262,0.967231638,0.344729345,0.891525424,0.384615385,0.881355932,0.230769231,0.948022599
1650,0.654255319,0.828358209,0.462765957,0.919776119,0.574468085,0.875,0.585106383,0.828358209,0.404255319,0.934701493,0.44077135,0.8465063,0.300275482,0.946162658,0.377410468,0.865979381,0.421487603,0.8465063,0.26446281,0.932416953
1651,0.662234043,0.85261194,0.518617021,0.938432836,0.571808511,0.869402985,0.593085106,0.85261194,0.425531915,0.938432836,0.428571429,0.875995449,0.288515406,0.959044369,0.380952381,0.891922639,0.406162465,0.875995449,0.280112045,0.954493743
1652,0.693989071,0.805860806,0.491803279,0.915750916,0.606557377,0.833333333,0.636612022,0.805860806,0.415300546,0.935897436,0.445378151,0.877133106,0.291316527,0.967007964,0.392156863,0.895335609,0.428571429,0.877133106,0.288515406,0.95221843
1653,0.633165829,0.817120623,0.469849246,0.931906615,0.537688442,0.857976654,0.552763819,0.817120623,0.40201005,0.943579767,0.414248021,0.871645274,0.258575198,0.960326721,0.313984169,0.886814469,0.401055409,0.871645274,0.208443272,0.947491249
1654,0.681940701,0.846580407,0.498652291,0.927911275,0.598382749,0.85767098,0.611859838,0.846580407,0.433962264,0.93715342,0.423780488,0.881057269,0.216463415,0.969162996,0.338414634,0.907488987,0.414634146,0.881057269,0.18902439,0.95814978
1655,0.651515152,0.821705426,0.454545455,0.924418605,0.570707071,0.864341085,0.565656566,0.821705426,0.426767677,0.92248062,0.421465969,0.880562061,0.243455497,0.957845433,0.363874346,0.887587822,0.408376963,0.880562061,0.227748691,0.946135831
1656,0.675749319,0.827522936,0.449591281,0.921100917,0.61852861,0.858715596,0.607629428,0.827522936,0.416893733,0.930275229,0.456896552,0.884009009,0.295977011,0.969594595,0.405172414,0.903153153,0.442528736,0.884009009,0.267241379,0.960585586
1657,0.631707317,0.796812749,0.473170732,0.940239044,0.541463415,0.85059761,0.573170732,0.796812749,0.397560976,0.950199203,0.426136364,0.866515837,0.261363636,0.96719457,0.34375,0.884615385,0.409090909,0.866515837,0.230113636,0.944570136
1658,0.633838384,0.829457364,0.464646465,0.936046512,0.563131313,0.86627907,0.565656566,0.829457364,0.411616162,0.939922481,0.46685879,0.876265467,0.293948127,0.974128234,0.383285303,0.88863892,0.449567723,0.876265467,0.242074928,0.955005624
1659,0.733656174,0.841683367,0.573849879,0.937875752,0.615012107,0.881763527,0.631961259,0.841683367,0.457627119,0.927855711,0.439093484,0.889014723,0.274787535,0.966024915,0.351274788,0.909399773,0.419263456,0.889014723,0.23796034,0.963759909
1660,0.675062972,0.833009709,0.471032746,0.914563107,0.576826196,0.873786408,0.617128463,0.833009709,0.395465995,0.937864078,0.442577031,0.870307167,0.271708683,0.965870307,0.392156863,0.881683732,0.420168067,0.870307167,0.232492997,0.945392491
1661,0.685863874,0.828301887,0.510471204,0.926415094,0.589005236,0.856603774,0.591623037,0.828301887,0.468586387,0.926415094,0.419178082,0.855338691,0.257534247,0.96326062,0.35890411,0.882893226,0.405479452,0.855338691,0.205479452,0.954075775
1662,0.678947368,0.823308271,0.484210526,0.928571429,0.565789474,0.857142857,0.605263158,0.823308271,0.423684211,0.937969925,0.445378151,0.880546075,0.263305322,0.962457338,0.369747899,0.897610922,0.417366947,0.880546075,0.232492997,0.955631399
1663,0.652777778,0.846014493,0.472222222,0.93115942,0.575,0.858695652,0.577777778,0.846014493,0.430555556,0.951086957,0.394957983,0.883959044,0.24929972,0.964732651,0.355742297,0.887372014,0.37535014,0.883959044,0.260504202,0.957906712
1664,0.665859564,0.833667335,0.484261501,0.933867735,0.547215496,0.857715431,0.588377724,0.833667335,0.418886199,0.933867735,0.452247191,0.881818182,0.278089888,0.971590909,0.351123596,0.892045455,0.435393258,0.881818182,0.22752809,0.956818182
1665,0.665775401,0.840148699,0.49197861,0.92936803,0.57486631,0.866171004,0.601604278,0.840148699,0.427807487,0.94795539,0.415730337,0.877272727,0.255617978,0.959090909,0.345505618,0.892045455,0.398876404,0.877272727,0.230337079,0.953409091
1666,0.644736842,0.838345865,0.494736842,0.932330827,0.557894737,0.868421053,0.578947368,0.838345865,0.415789474,0.937969925,0.432276657,0.880764904,0.253602305,0.973003375,0.342939481,0.892013498,0.406340058,0.880764904,0.25648415,0.967379078
1667,0.712041885,0.822641509,0.523560209,0.926415094,0.643979058,0.835849057,0.638743455,0.822641509,0.437172775,0.935849057,0.402116402,0.869463869,0.248677249,0.963869464,0.330687831,0.881118881,0.388888889,0.869463869,0.227513228,0.955710956
1668,0.65374677,0.80952381,0.454780362,0.906666667,0.542635659,0.847619048,0.581395349,0.80952381,0.403100775,0.937142857,0.379104478,0.880133185,0.23880597,0.961154273,0.295522388,0.894561598,0.36119403,0.880133185,0.191044776,0.956714761
1669,0.652173913,0.850287908,0.470588235,0.946257198,0.562659847,0.873320537,0.572890026,0.850287908,0.401534527,0.944337812,0.432876712,0.884041332,0.257534247,0.959816303,0.37260274,0.907003444,0.416438356,0.884041332,0.243835616,0.952927669
1670,0.692893401,0.824324324,0.525380711,0.918918919,0.637055838,0.859073359,0.609137056,0.824324324,0.467005076,0.94980695,0.441340782,0.869020501,0.268156425,0.960136674,0.324022346,0.890660592,0.421787709,0.869020501,0.234636872,0.960136674
1671,0.627296588,0.84180791,0.443569554,0.935969868,0.566929134,0.877589454,0.572178478,0.84180791,0.388451444,0.952919021,0.423913043,0.89516129,0.307065217,0.970046083,0.380434783,0.90437788,0.399456522,0.89516129,0.252717391,0.963133641
1672,0.658031088,0.83269962,0.481865285,0.931558935,0.590673575,0.846007605,0.593264249,0.83269962,0.409326425,0.941064639,0.449567723,0.895388076,0.259365994,0.973003375,0.363112392,0.904386952,0.435158501,0.895388076,0.268011527,0.961754781
1673,0.669047619,0.851626016,0.495238095,0.941056911,0.597619048,0.87195122,0.580952381,0.851626016,0.442857143,0.930894309,0.426183844,0.882554162,0.233983287,0.961231471,0.348189415,0.895096921,0.412256267,0.882554162,0.233983287,0.954389966
1674,0.65,0.834586466,0.436842105,0.936090226,0.576315789,0.862781955,0.576315789,0.834586466,0.384210526,0.943609023,0.460893855,0.872437358,0.276536313,0.965831435,0.382681564,0.888382688,0.444134078,0.872437358,0.245810056,0.958997722
1675,0.634920635,0.831460674,0.476190476,0.917602996,0.563492063,0.848314607,0.566137566,0.831460674,0.431216931,0.93071161,0.415929204,0.895206243,0.259587021,0.969899666,0.312684366,0.906354515,0.401179941,0.895206243,0.218289086,0.962095875
1676,0.628640777,0.848,0.439320388,0.924,0.563106796,0.882,0.550970874,0.848,0.422330097,0.926,0.42513369,0.879350348,0.27540107,0.96287703,0.360962567,0.89675174,0.409090909,0.879350348,0.248663102,0.957076566
1677,0.653645833,0.84469697,0.5078125,0.939393939,0.5703125,0.873106061,0.591145833,0.84469697,0.450520833,0.9375,0.420765027,0.879310345,0.24863388,0.964367816,0.322404372,0.891954023,0.390710383,0.879310345,0.218579235,0.954022989
1678,0.667532468,0.796963947,0.514285714,0.910815939,0.568831169,0.833017078,0.594805195,0.796963947,0.441558442,0.927893738,0.477333333,0.87688734,0.28,0.958188153,0.389333333,0.905923345,0.461333333,0.87688734,0.258666667,0.944250871
1679,0.676165803,0.851711027,0.5,0.937262357,0.611398964,0.884030418,0.588082902,0.851711027,0.437823834,0.948669202,0.450867052,0.873033708,0.283236994,0.971910112,0.378612717,0.892134831,0.442196532,0.873033708,0.23699422,0.951685393
1680,0.621134021,0.864503817,0.474226804,0.952290076,0.551546392,0.904580153,0.546391753,0.864503817,0.420103093,0.958015267,0.427792916,0.873417722,0.239782016,0.962025316,0.351498638,0.897583429,0.411444142,0.873417722,0.231607629,0.948216341
1681,0.648199446,0.823956443,0.470914127,0.931034483,0.567867036,0.862068966,0.578947368,0.823956443,0.407202216,0.940108893,0.467048711,0.885005637,0.246418338,0.96843292,0.389684814,0.904171364,0.458452722,0.885005637,0.240687679,0.959413754
1682,0.652956298,0.847036329,0.473007712,0.933078394,0.550128535,0.86998088,0.570694087,0.847036329,0.40874036,0.946462715,0.405479452,0.856486797,0.257534247,0.959816303,0.345205479,0.877152698,0.380821918,0.856486797,0.24109589,0.958668197
1683,0.660146699,0.831013917,0.476772616,0.940357853,0.562347188,0.880715706,0.60391198,0.831013917,0.408312958,0.942345924,0.396501458,0.873460246,0.250728863,0.964165733,0.352769679,0.884658455,0.381924198,0.873460246,0.224489796,0.958566629
1684,0.69895288,0.839622642,0.510471204,0.928301887,0.612565445,0.847169811,0.633507853,0.839622642,0.455497382,0.939622642,0.452830189,0.883236994,0.237196765,0.972254335,0.334231806,0.90867052,0.4393531,0.883236994,0.210242588,0.96300578
1685,0.668329177,0.825831703,0.486284289,0.939334638,0.541147132,0.864970646,0.603491272,0.825831703,0.433915212,0.941291585,0.409214092,0.881199539,0.235772358,0.974625144,0.319783198,0.885813149,0.384823848,0.881199539,0.25203252,0.956170704
1686,0.62565445,0.813207547,0.455497382,0.918867925,0.602094241,0.841509434,0.568062827,0.813207547,0.437172775,0.937735849,0.390710383,0.890804598,0.237704918,0.97816092,0.31147541,0.901149425,0.371584699,0.890804598,0.213114754,0.971264368
1687,0.715039578,0.834896811,0.514511873,0.939962477,0.622691293,0.857410882,0.646437995,0.834896811,0.46701847,0.94934334,0.42506812,0.894131185,0.269754768,0.972382048,0.36239782,0.910241657,0.408719346,0.894131185,0.239782016,0.960874568
1688,0.675675676,0.80990099,0.503685504,0.920792079,0.597051597,0.851485149,0.614250614,0.80990099,0.422604423,0.924752475,0.407514451,0.898876404,0.257225434,0.971910112,0.338150289,0.901123596,0.393063584,0.898876404,0.225433526,0.965168539
1689,0.656641604,0.844054581,0.503759398,0.931773879,0.556390977,0.844054581,0.558897243,0.844054581,0.406015038,0.927875244,0.429394813,0.887514061,0.282420749,0.970753656,0.371757925,0.88976378,0.400576369,0.887514061,0.262247839,0.957255343
1690,0.663461538,0.830645161,0.509615385,0.919354839,0.574519231,0.860887097,0.588942308,0.830645161,0.418269231,0.933467742,0.411764706,0.879464286,0.244117647,0.974330357,0.335294118,0.900669643,0.394117647,0.879464286,0.241176471,0.9609375
1691,0.67,0.8203125,0.48,0.912109375,0.5775,0.8515625,0.59,0.8203125,0.41,0.939453125,0.447447447,0.890365449,0.246246246,0.975636766,0.39039039,0.890365449,0.438438438,0.890365449,0.225225225,0.96234773
1692,0.644278607,0.856862745,0.480099502,0.941176471,0.55721393,0.880392157,0.569651741,0.856862745,0.417910448,0.937254902,0.484057971,0.883277217,0.298550725,0.970819304,0.373913043,0.897867565,0.469565217,0.883277217,0.266666667,0.964085297
1693,0.664935065,0.842504744,0.514285714,0.927893738,0.522077922,0.850094877,0.561038961,0.842504744,0.431168831,0.937381404,0.458083832,0.889135255,0.284431138,0.966740576,0.365269461,0.899113082,0.437125749,0.889135255,0.239520958,0.957871397
1694,0.637075718,0.839319471,0.475195822,0.93194707,0.535248042,0.856332703,0.571801567,0.839319471,0.389033943,0.941398866,0.454545455,0.864253394,0.269886364,0.96040724,0.346590909,0.881221719,0.440340909,0.864253394,0.247159091,0.952488688
1695,0.686684073,0.850661626,0.490861619,0.93194707,0.595300261,0.86389414,0.603133159,0.850661626,0.438642298,0.939508507,0.411444142,0.853855006,0.234332425,0.957422325,0.305177112,0.86881473,0.397820163,0.853855006,0.223433243,0.936708861
1696,0.662371134,0.84351145,0.492268041,0.929389313,0.608247423,0.881679389,0.605670103,0.84351145,0.409793814,0.93129771,0.447976879,0.886516854,0.280346821,0.968539326,0.352601156,0.9,0.430635838,0.886516854,0.257225434,0.949438202
1697,0.646153846,0.852490421,0.469230769,0.936781609,0.576923077,0.87164751,0.571794872,0.852490421,0.433333333,0.944444444,0.441666667,0.899543379,0.261111111,0.976027397,0.358333333,0.899543379,0.430555556,0.899543379,0.236111111,0.96347032
1698,0.679802956,0.818181818,0.519704433,0.924901186,0.603448276,0.853754941,0.596059113,0.818181818,0.433497537,0.940711462,0.397694524,0.887514061,0.250720461,0.968503937,0.328530259,0.90663667,0.374639769,0.887514061,0.244956772,0.952755906
1699,0.690954774,0.821011673,0.5,0.929961089,0.608040201,0.856031128,0.605527638,0.821011673,0.414572864,0.924124514,0.448924731,0.868055556,0.287634409,0.96875,0.400537634,0.87962963,0.435483871,0.868055556,0.271505376,0.953703704
1700,0.686893204,0.828,0.507281553,0.928,0.575242718,0.866,0.599514563,0.828,0.419902913,0.934,0.413489736,0.884916201,0.260997067,0.963128492,0.343108504,0.908379888,0.398826979,0.884916201,0.231671554,0.962011173
1701,0.666666667,0.816287879,0.513020833,0.922348485,0.541666667,0.840909091,0.575520833,0.816287879,0.447916667,0.933712121,0.422096317,0.877689694,0.257790368,0.967157418,0.322946176,0.89580974,0.399433428,0.877689694,0.220963173,0.960362401
1702,0.691542289,0.821568627,0.480099502,0.903921569,0.611940299,0.833333333,0.611940299,0.821568627,0.432835821,0.921568627,0.406169666,0.881936246,0.264781491,0.969303424,0.362467866,0.894923259,0.395886889,0.881936246,0.251928021,0.956316411
1703,0.675126904,0.837837838,0.484771574,0.928571429,0.558375635,0.862934363,0.593908629,0.837837838,0.434010152,0.94015444,0.443820225,0.8875,0.255617978,0.975,0.345505618,0.901136364,0.426966292,0.8875,0.244382022,0.959090909
1704,0.669270833,0.825757576,0.489583333,0.926136364,0.575520833,0.84280303,0.583333333,0.825757576,0.4140625,0.924242424,0.421052632,0.903037383,0.244736842,0.969626168,0.368421053,0.905373832,0.415789474,0.903037383,0.234210526,0.956775701
1705,0.697050938,0.829313544,0.528150134,0.925788497,0.603217158,0.838589981,0.613941019,0.829313544,0.442359249,0.933209647,0.490084986,0.8799547,0.314447592,0.98414496,0.382436261,0.893544734,0.458923513,0.8799547,0.28611898,0.968289921
1706,0.654761905,0.831300813,0.445238095,0.904471545,0.571428571,0.869918699,0.59047619,0.831300813,0.378571429,0.924796748,0.450581395,0.864349776,0.305232558,0.963004484,0.354651163,0.890134529,0.438953488,0.864349776,0.238372093,0.958520179
1707,0.677725118,0.834693878,0.497630332,0.93877551,0.59478673,0.873469388,0.59478673,0.834693878,0.431279621,0.932653061,0.451523546,0.877714286,0.260387812,0.968,0.346260388,0.886857143,0.434903047,0.877714286,0.229916898,0.955428571
1708,0.673417722,0.81237911,0.503797468,0.928433269,0.567088608,0.845261122,0.6,0.81237911,0.448101266,0.941972921,0.398989899,0.880952381,0.232323232,0.966666667,0.300505051,0.89047619,0.381313131,0.880952381,0.202020202,0.960714286
1709,0.679900744,0.829076621,0.513647643,0.915520629,0.58808933,0.850687623,0.59057072,0.829076621,0.441687345,0.921414538,0.398791541,0.876243094,0.241691843,0.967955801,0.3081571,0.890607735,0.386706949,0.876243094,0.18429003,0.956906077
1710,0.693266833,0.821917808,0.538653367,0.919765166,0.586034913,0.821917808,0.628428928,0.821917808,0.428927681,0.929549902,0.406340058,0.894263217,0.224783862,0.971878515,0.340057637,0.913385827,0.400576369,0.894263217,0.204610951,0.966254218
1711,0.678191489,0.854477612,0.478723404,0.929104478,0.569148936,0.85261194,0.595744681,0.854477612,0.396276596,0.936567164,0.453296703,0.899082569,0.277472527,0.963302752,0.398351648,0.905963303,0.43956044,0.899082569,0.241758242,0.961009174
1712,0.647849462,0.824074074,0.443548387,0.92037037,0.564516129,0.840740741,0.591397849,0.824074074,0.440860215,0.95,0.368715084,0.881548975,0.237430168,0.964692483,0.304469274,0.892938497,0.354748603,0.881548975,0.170391061,0.944191344
1713,0.660477454,0.85046729,0.461538462,0.942056075,0.572944297,0.878504673,0.580901857,0.85046729,0.416445623,0.951401869,0.456824513,0.881413911,0.284122563,0.971493729,0.353760446,0.895096921,0.445682451,0.881413911,0.26183844,0.962371722
1714,0.678217822,0.832677165,0.49009901,0.931102362,0.603960396,0.858267717,0.576732673,0.832677165,0.438118812,0.931102362,0.451187335,0.882147025,0.266490765,0.967327888,0.337730871,0.906651109,0.440633245,0.882147025,0.250659631,0.950991832
1715,0.656836461,0.853432282,0.442359249,0.935064935,0.563002681,0.85528757,0.592493298,0.853432282,0.391420912,0.925788497,0.402702703,0.874133949,0.254054054,0.967667436,0.32972973,0.8926097,0.386486486,0.874133949,0.235135135,0.959584296
1716,0.672727273,0.853889943,0.496103896,0.937381404,0.592207792,0.863377609,0.618181818,0.853889943,0.415584416,0.948766603,0.41322314,0.886597938,0.236914601,0.962199313,0.333333333,0.89117984,0.402203857,0.886597938,0.20661157,0.961053837
1717,0.697612732,0.839252336,0.51193634,0.928971963,0.599469496,0.869158879,0.615384615,0.839252336,0.424403183,0.943925234,0.485564304,0.879532164,0.293963255,0.966081871,0.37007874,0.897076023,0.456692913,0.879532164,0.233595801,0.949707602
1718,0.737127371,0.82320442,0.571815718,0.930018416,0.631436314,0.861878453,0.634146341,0.82320442,0.490514905,0.930018416,0.376470588,0.8828125,0.220588235,0.975446429,0.308823529,0.90625,0.355882353,0.8828125,0.205882353,0.969866071
1719,0.672330097,0.85,0.468446602,0.95,0.572815534,0.86,0.594660194,0.85,0.419902913,0.952,0.433628319,0.88851728,0.256637168,0.96432553,0.365781711,0.894091416,0.421828909,0.88851728,0.250737463,0.958751394
1720,0.639386189,0.836852207,0.447570332,0.925143954,0.547314578,0.840690979,0.578005115,0.836852207,0.388746803,0.921305182,0.450276243,0.892448513,0.251381215,0.971395881,0.359116022,0.90617849,0.419889503,0.892448513,0.240331492,0.967963387
1721,0.654320988,0.865877712,0.486419753,0.950690335,0.565432099,0.911242604,0.582716049,0.865877712,0.412345679,0.952662722,0.413407821,0.886104784,0.268156425,0.966970387,0.329608939,0.90546697,0.399441341,0.886104784,0.231843575,0.965831435
1722,0.693266833,0.857142857,0.501246883,0.947162427,0.586034913,0.876712329,0.628428928,0.857142857,0.396508728,0.945205479,0.403560831,0.88320356,0.243323442,0.976640712,0.296735905,0.906562848,0.385756677,0.88320356,0.204747774,0.967741935
1723,0.635869565,0.840073529,0.497282609,0.930147059,0.5625,0.862132353,0.5625,0.840073529,0.41576087,0.930147059,0.426086957,0.897867565,0.263768116,0.968574635,0.336231884,0.897867565,0.4,0.897867565,0.237681159,0.960718294
1724,0.655263158,0.834586466,0.465789474,0.930451128,0.584210526,0.851503759,0.586842105,0.834586466,0.389473684,0.943609023,0.405555556,0.880136986,0.252777778,0.957762557,0.333333333,0.884703196,0.397222222,0.880136986,0.227777778,0.957762557
1725,0.65920398,0.858823529,0.5,0.92745098,0.597014925,0.876470588,0.567164179,0.858823529,0.445273632,0.935294118,0.431122449,0.883886256,0.260204082,0.972748815,0.318877551,0.900473934,0.395408163,0.883886256,0.234693878,0.968009479
1726,0.669333333,0.817504655,0.490666667,0.925512104,0.557333333,0.858472998,0.570666667,0.817504655,0.410666667,0.929236499,0.44092219,0.88976378,0.305475504,0.960629921,0.365994236,0.901012373,0.426512968,0.88976378,0.270893372,0.953880765
1727,0.661498708,0.838095238,0.4625323,0.925714286,0.581395349,0.868571429,0.586563307,0.838095238,0.413436693,0.937142857,0.411267606,0.900113507,0.264788732,0.978433598,0.363380282,0.898978434,0.4,0.900113507,0.230985915,0.970488082
1728,0.680107527,0.82962963,0.483870968,0.937037037,0.599462366,0.846296296,0.599462366,0.82962963,0.446236559,0.938888889,0.452173913,0.890011223,0.269565217,0.964085297,0.388405797,0.901234568,0.428985507,0.890011223,0.260869565,0.961840629
1729,0.647058824,0.845724907,0.470588235,0.921933086,0.572192513,0.873605948,0.572192513,0.845724907,0.398395722,0.936802974,0.441860465,0.873318386,0.279069767,0.964125561,0.337209302,0.894618834,0.409883721,0.873318386,0.24127907,0.954035874
1730,0.686528497,0.828897338,0.502590674,0.929657795,0.585492228,0.872623574,0.611398964,0.828897338,0.42746114,0.935361217,0.437837838,0.903002309,0.291891892,0.973441109,0.335135135,0.909930716,0.424324324,0.903002309,0.243243243,0.961893764
1731,0.651399491,0.845857418,0.493638677,0.934489403,0.567430025,0.870905588,0.567430025,0.845857418,0.445292621,0.94026975,0.423913043,0.8859447,0.222826087,0.976958525,0.317934783,0.896313364,0.394021739,0.8859447,0.220108696,0.967741935
1732,0.642673522,0.814531549,0.447300771,0.929254302,0.596401028,0.864244742,0.593830334,0.814531549,0.395886889,0.942638623,0.402985075,0.887290168,0.223880597,0.973621103,0.291044776,0.895683453,0.388059701,0.887290168,0.186567164,0.970023981
1733,0.670951157,0.847036329,0.467866324,0.93499044,0.598971722,0.881453155,0.596401028,0.847036329,0.40874036,0.954110899,0.488505747,0.879504505,0.270114943,0.962837838,0.370689655,0.88963964,0.468390805,0.879504505,0.24137931,0.951576577
1734,0.699745547,0.834296724,0.511450382,0.907514451,0.597964377,0.8477842,0.610687023,0.834296724,0.440203562,0.934489403,0.375722543,0.876404494,0.274566474,0.965168539,0.349710983,0.9,0.361271676,0.876404494,0.222543353,0.956179775
1735,0.65776699,0.832,0.5,0.934,0.575242718,0.872,0.587378641,0.832,0.424757282,0.946,0.442307692,0.878440367,0.288461538,0.952981651,0.351648352,0.900229358,0.417582418,0.878440367,0.255494505,0.956422018
1736,0.634920635,0.827715356,0.431216931,0.913857678,0.534391534,0.855805243,0.566137566,0.827715356,0.388888889,0.938202247,0.404825737,0.891077636,0.225201072,0.968713789,0.294906166,0.913093859,0.386058981,0.891077636,0.206434316,0.964078795
1737,0.712158809,0.848722986,0.521091811,0.929273084,0.58808933,0.874263261,0.610421836,0.848722986,0.446650124,0.941060904,0.399425287,0.881756757,0.267241379,0.966216216,0.298850575,0.882882883,0.387931034,0.881756757,0.227011494,0.95045045
1738,0.652811736,0.852882704,0.459657702,0.942345924,0.577017115,0.872763419,0.572127139,0.852882704,0.422982885,0.942345924,0.436950147,0.889385475,0.269794721,0.966480447,0.340175953,0.905027933,0.416422287,0.889385475,0.2228739,0.963128492
1739,0.673417722,0.829787234,0.465822785,0.922630561,0.584810127,0.84139265,0.579746835,0.829787234,0.417721519,0.940038685,0.437888199,0.882932166,0.267080745,0.966083151,0.354037267,0.900437637,0.419254658,0.882932166,0.254658385,0.949671772
1740,0.651270208,0.810020877,0.47113164,0.929018789,0.595842956,0.853862213,0.584295612,0.810020877,0.427251732,0.935281837,0.457971014,0.88664422,0.28115942,0.973063973,0.344927536,0.912457912,0.428985507,0.88664422,0.266666667,0.967452301
1741,0.717277487,0.824528302,0.481675393,0.935849057,0.617801047,0.867924528,0.670157068,0.824528302,0.403141361,0.950943396,0.464673913,0.8640553,0.288043478,0.960829493,0.410326087,0.876728111,0.440217391,0.8640553,0.285326087,0.958525346
1742,0.674418605,0.832380952,0.496124031,0.918095238,0.591731266,0.878095238,0.604651163,0.832380952,0.413436693,0.933333333,0.436548223,0.881235154,0.258883249,0.970308789,0.375634518,0.902612827,0.423857868,0.881235154,0.251269036,0.951306413
1743,0.671532847,0.848303393,0.515815085,0.942115768,0.571776156,0.870259481,0.618004866,0.848303393,0.445255474,0.952095808,0.45799458,0.891580161,0.279132791,0.968858131,0.37398374,0.910034602,0.441734417,0.891580161,0.241192412,0.961937716
1744,0.644607843,0.831349206,0.458333333,0.93452381,0.549019608,0.863095238,0.546568627,0.831349206,0.399509804,0.930555556,0.392370572,0.880322209,0.231607629,0.96547756,0.29972752,0.890678941,0.376021798,0.880322209,0.21253406,0.968929804
1745,0.686419753,0.834319527,0.513580247,0.928994083,0.607407407,0.865877712,0.587654321,0.834319527,0.47654321,0.946745562,0.441520468,0.855704698,0.251461988,0.959731544,0.35380117,0.881431767,0.423976608,0.855704698,0.236842105,0.955257271
1746,0.636125654,0.828301887,0.481675393,0.913207547,0.54973822,0.860377358,0.557591623,0.828301887,0.447643979,0.933962264,0.441011236,0.879545455,0.269662921,0.956818182,0.359550562,0.901136364,0.412921348,0.879545455,0.244382022,0.951136364
1747,0.680904523,0.813229572,0.515075377,0.929961089,0.603015075,0.836575875,0.613065327,0.813229572,0.424623116,0.935797665,0.43697479,0.868031854,0.285714286,0.959044369,0.355742297,0.871444824,0.417366947,0.868031854,0.246498599,0.940841866
1748,0.682926829,0.834661355,0.541463415,0.932270916,0.592682927,0.876494024,0.592682927,0.834661355,0.470731707,0.932270916,0.431754875,0.897377423,0.256267409,0.963511973,0.35097493,0.913340935,0.409470752,0.897377423,0.231197772,0.956670468
1749,0.676712329,0.846435101,0.515068493,0.937842779,0.567123288,0.850091408,0.580821918,0.846435101,0.476712329,0.954296161,0.472303207,0.86450168,0.294460641,0.961926092,0.379008746,0.889137738,0.454810496,0.86450168,0.271137026,0.949608063
1750,0.682038835,0.82,0.497572816,0.918,0.61407767,0.844,0.621359223,0.82,0.422330097,0.946,0.435356201,0.872812135,0.248021108,0.974329055,0.364116095,0.883313886,0.419525066,0.872812135,0.234828496,0.957992999
1751,0.714689266,0.870967742,0.502824859,0.949820789,0.627118644,0.890681004,0.652542373,0.870967742,0.437853107,0.953405018,0.398280802,0.883878241,0.209169054,0.969560316,0.332378223,0.90529876,0.386819484,0.883878241,0.209169054,0.965050733
1752,0.657824934,0.857943925,0.535809019,0.925233645,0.562334218,0.880373832,0.580901857,0.857943925,0.464190981,0.947663551,0.429378531,0.87755102,0.240112994,0.964852608,0.344632768,0.886621315,0.418079096,0.87755102,0.231638418,0.9569161
1753,0.603133159,0.835538752,0.430809399,0.922495274,0.532637076,0.858223062,0.537859008,0.835538752,0.37075718,0.913043478,0.415512465,0.884571429,0.235457064,0.970285714,0.346260388,0.881142857,0.412742382,0.884571429,0.1966759,0.96
1754,0.643939394,0.804263566,0.48989899,0.92248062,0.565656566,0.841085271,0.585858586,0.804263566,0.424242424,0.92248062,0.437317784,0.873460246,0.241982507,0.964165733,0.367346939,0.900335946,0.422740525,0.873460246,0.224489796,0.949608063
1755,0.669879518,0.824949698,0.477108434,0.927565392,0.595180723,0.867203219,0.6,0.824949698,0.409638554,0.951710262,0.42776204,0.886749717,0.260623229,0.970554926,0.342776204,0.911664779,0.407932011,0.886749717,0.220963173,0.960362401
1756,0.673521851,0.810707457,0.508997429,0.906309751,0.568123393,0.852772467,0.580976864,0.810707457,0.444730077,0.927342256,0.406779661,0.880952381,0.254237288,0.968253968,0.324858757,0.903628118,0.392655367,0.880952381,0.228813559,0.951247166
1757,0.702970297,0.818897638,0.50990099,0.921259843,0.601485149,0.836614173,0.631188119,0.818897638,0.452970297,0.927165354,0.465317919,0.904494382,0.268786127,0.973033708,0.352601156,0.92247191,0.450867052,0.904494382,0.25433526,0.961797753
1758,0.676392573,0.829906542,0.50132626,0.923364486,0.564986737,0.854205607,0.572944297,0.829906542,0.445623342,0.938317757,0.423880597,0.89345172,0.229850746,0.972253052,0.325373134,0.897891232,0.402985075,0.89345172,0.220895522,0.964483907
1759,0.682741117,0.822393822,0.494923858,0.916988417,0.601522843,0.843629344,0.616751269,0.822393822,0.444162437,0.928571429,0.401595745,0.86744186,0.196808511,0.968604651,0.303191489,0.896511628,0.382978723,0.86744186,0.191489362,0.960465116
1760,0.649382716,0.828402367,0.498765432,0.940828402,0.525925926,0.881656805,0.565432099,0.828402367,0.417283951,0.960552268,0.457142857,0.874717833,0.288571429,0.971783296,0.351428571,0.892776524,0.44,0.874717833,0.254285714,0.958239278
1761,0.65625,0.814393939,0.489583333,0.920454545,0.557291667,0.854166667,0.567708333,0.814393939,0.419270833,0.931818182,0.41011236,0.847727273,0.255617978,0.948863636,0.337078652,0.854545455,0.401685393,0.847727273,0.233146067,0.948863636
1762,0.701234568,0.816568047,0.530864198,0.930966469,0.590123457,0.846153846,0.627160494,0.816568047,0.427160494,0.944773176,0.392370572,0.867663982,0.250681199,0.960874568,0.335149864,0.888377445,0.384196185,0.867663982,0.242506812,0.939010357
1763,0.652605459,0.84086444,0.464019851,0.925343811,0.543424318,0.880157171,0.575682382,0.84086444,0.421836228,0.94302554,0.418666667,0.895470383,0.266666667,0.976771196,0.341333333,0.916376307,0.4,0.895470383,0.232,0.955865273
1764,0.685950413,0.845173042,0.506887052,0.943533698,0.581267218,0.87431694,0.581267218,0.845173042,0.465564738,0.938069217,0.461111111,0.891552511,0.302777778,0.97260274,0.416666667,0.915525114,0.436111111,0.891552511,0.291666667,0.96803653
1765,0.704545455,0.841085271,0.492424242,0.920542636,0.621212121,0.875968992,0.636363636,0.841085271,0.436868687,0.934108527,0.412790698,0.893497758,0.238372093,0.971973094,0.328488372,0.91367713,0.404069767,0.893497758,0.226744186,0.961883408
1766,0.661654135,0.840155945,0.506265664,0.931773879,0.601503759,0.875243665,0.576441103,0.840155945,0.468671679,0.93957115,0.428143713,0.865853659,0.254491018,0.965631929,0.374251497,0.884700665,0.422155689,0.865853659,0.236526946,0.949002217
1767,0.669230769,0.837164751,0.494871795,0.929118774,0.594871795,0.875478927,0.587179487,0.837164751,0.438461538,0.942528736,0.401709402,0.882485876,0.245014245,0.967231638,0.341880342,0.906214689,0.384615385,0.882485876,0.230769231,0.967231638
1768,0.660240964,0.849094567,0.522891566,0.943661972,0.575903614,0.861167002,0.58313253,0.849094567,0.431325301,0.939637827,0.491620112,0.896355353,0.304469274,0.969248292,0.418994413,0.90546697,0.474860335,0.896355353,0.287709497,0.966970387
1769,0.644501279,0.840690979,0.501278772,0.92706334,0.542199488,0.877159309,0.570332481,0.840690979,0.404092072,0.934740883,0.405555556,0.878995434,0.244444444,0.964611872,0.3,0.886986301,0.386111111,0.878995434,0.233333333,0.948630137
1770,0.636132316,0.83044316,0.455470738,0.928709056,0.58524173,0.868978805,0.544529262,0.83044316,0.41475827,0.936416185,0.421364985,0.86429366,0.252225519,0.948832036,0.350148368,0.886540601,0.412462908,0.86429366,0.228486647,0.941045606
1771,0.681122449,0.811538462,0.492346939,0.913461538,0.62755102,0.830769231,0.632653061,0.811538462,0.443877551,0.938461538,0.450581395,0.900224215,0.238372093,0.969730942,0.340116279,0.91367713,0.441860465,0.900224215,0.203488372,0.958520179
1772,0.714659686,0.849056604,0.539267016,0.933962264,0.617801047,0.89245283,0.641361257,0.849056604,0.476439791,0.954716981,0.456521739,0.8640553,0.25,0.964285714,0.388586957,0.882488479,0.4375,0.8640553,0.230978261,0.949308756
1773,0.678571429,0.822992701,0.480769231,0.916058394,0.590659341,0.870437956,0.615384615,0.822992701,0.406593407,0.916058394,0.426630435,0.891705069,0.279891304,0.980414747,0.336956522,0.894009217,0.41576087,0.891705069,0.241847826,0.971198157
1774,0.674019608,0.823412698,0.458333333,0.916666667,0.551470588,0.853174603,0.593137255,0.823412698,0.401960784,0.928571429,0.456824513,0.887115165,0.267409471,0.977194983,0.38718663,0.890535918,0.437325905,0.887115165,0.245125348,0.970353478
1775,0.675977654,0.832129964,0.505586592,0.918772563,0.561452514,0.859205776,0.608938547,0.832129964,0.407821229,0.938628159,0.404494382,0.869318182,0.20505618,0.957954545,0.308988764,0.888636364,0.387640449,0.869318182,0.199438202,0.959090909
1776,0.665829146,0.846303502,0.474874372,0.93385214,0.603015075,0.859922179,0.605527638,0.846303502,0.404522613,0.951361868,0.400544959,0.895281933,0.247956403,0.972382048,0.340599455,0.896432681,0.386920981,0.895281933,0.242506812,0.966628308
1777,0.657894737,0.836466165,0.452631579,0.922932331,0.557894737,0.857142857,0.586842105,0.836466165,0.4,0.932330827,0.417525773,0.884433962,0.24742268,0.965801887,0.345360825,0.885613208,0.407216495,0.884433962,0.234536082,0.95754717
1778,0.670241287,0.849721707,0.479892761,0.925788497,0.589812332,0.86270872,0.584450402,0.849721707,0.423592493,0.940630798,0.420454545,0.882352941,0.241477273,0.966063348,0.349431818,0.906108597,0.40625,0.882352941,0.221590909,0.952488688
1779,0.678284182,0.807050093,0.509383378,0.903525046,0.595174263,0.858998145,0.603217158,0.807050093,0.44772118,0.933209647,0.443271768,0.879813302,0.27176781,0.971995333,0.353562005,0.896149358,0.427440633,0.879813302,0.248021108,0.957992999
1780,0.625,0.857692308,0.487244898,0.946153846,0.548469388,0.890384615,0.540816327,0.857692308,0.423469388,0.959615385,0.459677419,0.880787037,0.293010753,0.961805556,0.370967742,0.90162037,0.448924731,0.880787037,0.260752688,0.956018519
1781,0.646239554,0.837251356,0.484679666,0.920433996,0.590529248,0.871609403,0.579387187,0.837251356,0.417827298,0.942133816,0.493630573,0.880694143,0.28343949,0.964208243,0.385350318,0.901301518,0.484076433,0.880694143,0.238853503,0.958785249
1782,0.689826303,0.850687623,0.503722084,0.94302554,0.575682382,0.876227898,0.632754342,0.850687623,0.394540943,0.946954813,0.434131737,0.872505543,0.25748503,0.961197339,0.323353293,0.88248337,0.422155689,0.872505543,0.218562874,0.953436807
1783,0.682170543,0.828571429,0.509043928,0.921904762,0.596899225,0.866666667,0.609819121,0.828571429,0.444444444,0.931428571,0.398351648,0.892201835,0.236263736,0.96559633,0.324175824,0.903669725,0.387362637,0.892201835,0.244505495,0.958715596
1784,0.685365854,0.824701195,0.490243902,0.93625498,0.597560976,0.862549801,0.609756098,0.824701195,0.42195122,0.938247012,0.408219178,0.870264064,0.263013699,0.964408726,0.356164384,0.896670494,0.394520548,0.870264064,0.216438356,0.960964409
1785,0.680203046,0.797297297,0.479695431,0.911196911,0.604060914,0.826254826,0.621827411,0.797297297,0.421319797,0.932432432,0.442970822,0.891734575,0.281167109,0.965075669,0.342175066,0.902211874,0.419098143,0.891734575,0.228116711,0.952270081
1786,0.664233577,0.846307385,0.476885645,0.938123752,0.569343066,0.860279441,0.583941606,0.846307385,0.423357664,0.936127745,0.410557185,0.874860335,0.296187683,0.972067039,0.337243402,0.881564246,0.390029326,0.874860335,0.237536657,0.962011173
1787,0.657142857,0.857685009,0.532467532,0.944971537,0.558441558,0.897533207,0.576623377,0.857685009,0.449350649,0.94686907,0.417366947,0.882821388,0.243697479,0.965870307,0.322128852,0.887372014,0.414565826,0.882821388,0.221288515,0.960182025
1788,0.696759259,0.866666667,0.543981481,0.929166667,0.608796296,0.883333333,0.601851852,0.866666667,0.460648148,0.941666667,0.443526171,0.886597938,0.275482094,0.97021764,0.325068871,0.904925544,0.415977961,0.886597938,0.245179063,0.962199313
1789,0.648501362,0.818348624,0.463215259,0.902752294,0.528610354,0.829357798,0.569482289,0.818348624,0.397820163,0.92293578,0.453296703,0.866972477,0.266483516,0.966743119,0.368131868,0.879587156,0.442307692,0.866972477,0.222527473,0.963302752
1790,0.671717172,0.815891473,0.477272727,0.930232558,0.555555556,0.856589147,0.573232323,0.815891473,0.414141414,0.941860465,0.407932011,0.878822197,0.235127479,0.961494904,0.322946176,0.911664779,0.396600567,0.878822197,0.195467422,0.960362401
1791,0.736211031,0.81010101,0.539568345,0.911111111,0.633093525,0.850505051,0.645083933,0.81010101,0.470023981,0.931313131,0.411111111,0.874429224,0.25,0.960045662,0.322222222,0.896118721,0.4,0.874429224,0.241666667,0.953196347
1792,0.660759494,0.810444874,0.46835443,0.918762089,0.572151899,0.847195358,0.582278481,0.810444874,0.402531646,0.926499033,0.416184971,0.879775281,0.268786127,0.973033708,0.358381503,0.904494382,0.407514451,0.879775281,0.208092486,0.959550562
1793,0.684210526,0.82518797,0.492105263,0.922932331,0.589473684,0.843984962,0.597368421,0.82518797,0.423684211,0.915413534,0.419354839,0.877094972,0.231671554,0.972067039,0.331378299,0.888268156,0.392961877,0.877094972,0.240469208,0.963128492
1794,0.67539267,0.820754717,0.471204188,0.924528302,0.62565445,0.864150943,0.604712042,0.820754717,0.42408377,0.950943396,0.465940054,0.884925201,0.27520436,0.972382048,0.356948229,0.907940161,0.457765668,0.884925201,0.237057221,0.967779056
1795,0.716080402,0.799610895,0.532663317,0.906614786,0.648241206,0.836575875,0.635678392,0.799610895,0.457286432,0.926070039,0.427440633,0.88798133,0.26121372,0.96966161,0.387862797,0.910151692,0.419525066,0.88798133,0.26121372,0.960326721
1796,0.627118644,0.841683367,0.460048426,0.933867735,0.556900726,0.851703407,0.549636804,0.841683367,0.414043584,0.941883768,0.422096317,0.87202718,0.23796034,0.969422424,0.314447592,0.892412231,0.410764873,0.87202718,0.226628895,0.961494904
1797,0.680798005,0.845401174,0.486284289,0.927592955,0.578553616,0.884540117,0.583541147,0.845401174,0.438902743,0.947162427,0.416149068,0.893873085,0.254658385,0.969365427,0.326086957,0.899343545,0.400621118,0.893873085,0.226708075,0.960612691
1798,0.702842377,0.828571429,0.54005168,0.918095238,0.563307494,0.857142857,0.607235142,0.828571429,0.4625323,0.942857143,0.477419355,0.874730022,0.264516129,0.966522678,0.358064516,0.904967603,0.45483871,0.874730022,0.251612903,0.963282937
1799,0.710659898,0.822393822,0.517766497,0.922779923,0.583756345,0.870656371,0.629441624,0.822393822,0.411167513,0.944015444,0.46978022,0.876146789,0.252747253,0.964449541,0.381868132,0.89793578,0.450549451,0.876146789,0.241758242,0.963302752
1800,0.674931129,0.839708561,0.50137741,0.930783242,0.573002755,0.881602914,0.58677686,0.839708561,0.421487603,0.948998179,0.432960894,0.878132118,0.270949721,0.961275626,0.335195531,0.89977221,0.410614525,0.878132118,0.223463687,0.953302961
1801,0.693150685,0.84095064,0.520547945,0.928702011,0.630136986,0.868372943,0.624657534,0.84095064,0.452054795,0.939670932,0.431266846,0.880924855,0.269541779,0.965317919,0.382749326,0.89132948,0.412398922,0.880924855,0.237196765,0.956069364
1802,0.64229765,0.816635161,0.493472585,0.918714556,0.579634465,0.854442344,0.563968668,0.816635161,0.417754569,0.922495274,0.424148607,0.86966046,0.207430341,0.968236583,0.346749226,0.891566265,0.411764706,0.86966046,0.222910217,0.949616648
1803,0.668380463,0.841300191,0.524421594,0.915869981,0.580976864,0.856596558,0.593830334,0.841300191,0.444730077,0.927342256,0.388724036,0.88320356,0.234421365,0.9621802,0.317507418,0.901001112,0.379821958,0.88320356,0.204747774,0.959955506
1804,0.706036745,0.826741996,0.532808399,0.924670433,0.614173228,0.868173258,0.619422572,0.826741996,0.443569554,0.943502825,0.430446194,0.866666667,0.275590551,0.967251462,0.338582677,0.89122807,0.412073491,0.866666667,0.233595801,0.960233918
1805,0.576732673,0.852362205,0.415841584,0.946850394,0.5,0.866141732,0.50990099,0.852362205,0.366336634,0.948818898,0.360946746,0.880846325,0.24260355,0.966592428,0.284023669,0.900890869,0.349112426,0.880846325,0.207100592,0.958797327
1806,0.707692308,0.827586207,0.520512821,0.911877395,0.633333333,0.850574713,0.628205128,0.827586207,0.453846154,0.925287356,0.466101695,0.861678005,0.276836158,0.961451247,0.370056497,0.87755102,0.437853107,0.861678005,0.245762712,0.953514739
1807,0.681122449,0.855769231,0.477040816,0.953846154,0.609693878,0.865384615,0.599489796,0.855769231,0.420918367,0.944230769,0.459770115,0.882882883,0.247126437,0.966216216,0.367816092,0.884009009,0.448275862,0.882882883,0.238505747,0.952702703
1808,0.698701299,0.827324478,0.501298701,0.933586338,0.571428571,0.855787476,0.615584416,0.827324478,0.438961039,0.94686907,0.471641791,0.865704772,0.256716418,0.966703663,0.370149254,0.889012209,0.453731343,0.865704772,0.250746269,0.947835738
1809,0.65171504,0.857410882,0.437994723,0.943714822,0.575197889,0.876172608,0.591029024,0.857410882,0.395778364,0.954971857,0.444126074,0.898534386,0.252148997,0.979706877,0.35530086,0.91319053,0.404011461,0.898534386,0.240687679,0.96054115
1810,0.689054726,0.825490196,0.524875622,0.925490196,0.624378109,0.862745098,0.60199005,0.825490196,0.450248756,0.933333333,0.436416185,0.878651685,0.257225434,0.965168539,0.36416185,0.885393258,0.430635838,0.878651685,0.239884393,0.952808989
1811,0.696103896,0.825426945,0.503896104,0.927893738,0.615584416,0.865275142,0.615584416,0.825426945,0.446753247,0.944971537,0.434782609,0.865319865,0.24057971,0.961840629,0.356521739,0.878787879,0.420289855,0.865319865,0.191304348,0.951739618
1812,0.704960836,0.810964083,0.522193211,0.922495274,0.61618799,0.850661626,0.605744125,0.810964083,0.462140992,0.93194707,0.442307692,0.880733945,0.247252747,0.973623853,0.335164835,0.887614679,0.434065934,0.880733945,0.236263736,0.969036697
1813,0.703125,0.814393939,0.528645833,0.929924242,0.5703125,0.859848485,0.619791667,0.814393939,0.416666667,0.945075758,0.404494382,0.892045455,0.238764045,0.976136364,0.323033708,0.902272727,0.393258427,0.892045455,0.216292135,0.976136364
1814,0.633495146,0.812,0.473300971,0.914,0.558252427,0.822,0.560679612,0.812,0.417475728,0.934,0.444117647,0.896205357,0.258823529,0.977678571,0.352941176,0.912946429,0.411764706,0.896205357,0.241176471,0.972098214
1815,0.670616114,0.804081633,0.483412322,0.930612245,0.616113744,0.828571429,0.627962085,0.804081633,0.426540284,0.924489796,0.443820225,0.8875,0.269662921,0.971590909,0.337078652,0.898863636,0.43258427,0.8875,0.22752809,0.952272727
1816,0.61352657,0.81124498,0.442028986,0.919678715,0.579710145,0.841365462,0.562801932,0.81124498,0.398550725,0.907630522,0.404958678,0.860252005,0.223140496,0.966781214,0.314049587,0.883161512,0.391184573,0.860252005,0.187327824,0.956471936
1817,0.650259067,0.794676806,0.487046632,0.931558935,0.580310881,0.847908745,0.57253886,0.794676806,0.39119171,0.952471483,0.438040346,0.872890889,0.273775216,0.967379078,0.360230548,0.892013498,0.414985591,0.872890889,0.233429395,0.948256468
1818,0.694516971,0.831758034,0.475195822,0.943289225,0.600522193,0.858223062,0.624020888,0.831758034,0.430809399,0.943289225,0.416666667,0.875555556,0.232142857,0.962222222,0.327380952,0.886666667,0.401785714,0.875555556,0.202380952,0.95
1819,0.65952381,0.831300813,0.480952381,0.918699187,0.538095238,0.857723577,0.566666667,0.831300813,0.428571429,0.93495935,0.484679666,0.872291904,0.300835655,0.972633979,0.409470752,0.900798176,0.470752089,0.872291904,0.267409471,0.961231471
1820,0.674358974,0.825670498,0.479487179,0.925287356,0.58974359,0.844827586,0.597435897,0.825670498,0.41025641,0.925287356,0.411609499,0.882147025,0.200527704,0.96966161,0.337730871,0.886814469,0.403693931,0.882147025,0.19525066,0.957992999
1821,0.651399491,0.840077071,0.496183206,0.936416185,0.582697201,0.870905588,0.582697201,0.840077071,0.427480916,0.930635838,0.431266846,0.883236994,0.237196765,0.96416185,0.369272237,0.900578035,0.425876011,0.883236994,0.25606469,0.958381503
1822,0.68119891,0.831192661,0.474114441,0.935779817,0.588555858,0.842201835,0.596730245,0.831192661,0.414168937,0.946788991,0.423076923,0.875886525,0.279487179,0.968085106,0.338461538,0.875886525,0.41025641,0.875886525,0.230769231,0.952718676
1823,0.702970297,0.842519685,0.547029703,0.919291339,0.668316832,0.858267717,0.655940594,0.842519685,0.482673267,0.933070866,0.433701657,0.901601831,0.273480663,0.972540046,0.339779006,0.90617849,0.408839779,0.901601831,0.245856354,0.966819222
1824,0.67654321,0.854043393,0.503703704,0.946745562,0.592592593,0.875739645,0.585185185,0.854043393,0.451851852,0.950690335,0.421052632,0.878136201,0.248120301,0.965352449,0.328320802,0.892473118,0.408521303,0.878136201,0.233082707,0.949820789
1825,0.631853786,0.824196597,0.472584856,0.926275992,0.55613577,0.858223062,0.558746736,0.824196597,0.402088773,0.935727788,0.422764228,0.886966551,0.25203252,0.973471742,0.360433604,0.903114187,0.406504065,0.886966551,0.233062331,0.960784314
1826,0.671087533,0.824299065,0.50132626,0.925233645,0.615384615,0.83364486,0.610079576,0.824299065,0.442970822,0.93271028,0.431266846,0.875144509,0.237196765,0.958381503,0.320754717,0.89132948,0.409703504,0.875144509,0.196765499,0.950289017
1827,0.657568238,0.872298625,0.483870968,0.944990177,0.550868486,0.886051081,0.58808933,0.872298625,0.419354839,0.950884086,0.4,0.87654321,0.286956522,0.966329966,0.324637681,0.888888889,0.379710145,0.87654321,0.260869565,0.961840629
1828,0.675675676,0.855445545,0.513513514,0.938613861,0.57985258,0.879207921,0.574938575,0.855445545,0.447174447,0.956435644,0.434210526,0.86682243,0.236842105,0.95911215,0.365789474,0.876168224,0.418421053,0.86682243,0.242105263,0.954439252
1829,0.659574468,0.856343284,0.468085106,0.930970149,0.609042553,0.880597015,0.593085106,0.856343284,0.425531915,0.951492537,0.430678466,0.891861761,0.265486726,0.973244147,0.380530973,0.905239688,0.430678466,0.891861761,0.244837758,0.947603122
1830,0.657568238,0.842829077,0.486352357,0.929273084,0.595533499,0.858546169,0.59057072,0.842829077,0.406947891,0.941060904,0.369822485,0.889755011,0.218934911,0.96325167,0.304733728,0.897550111,0.363905325,0.889755011,0.183431953,0.965478842
1831,0.686486486,0.854243542,0.513513514,0.939114391,0.586486486,0.880073801,0.605405405,0.854243542,0.435135135,0.944649446,0.411111111,0.877853881,0.25,0.964611872,0.311111111,0.897260274,0.394444444,0.877853881,0.216666667,0.964611872
1832,0.712121212,0.854651163,0.563131313,0.939922481,0.626262626,0.887596899,0.626262626,0.854651163,0.484848485,0.94379845,0.442577031,0.852104664,0.285714286,0.957906712,0.341736695,0.871444824,0.428571429,0.852104664,0.25210084,0.940841866
1833,0.67012987,0.836812144,0.457142857,0.922201139,0.579220779,0.870967742,0.594805195,0.836812144,0.431168831,0.927893738,0.397333333,0.888501742,0.237333333,0.966318235,0.322666667,0.912891986,0.378666667,0.888501742,0.208,0.961672474
1834,0.62924282,0.820415879,0.44386423,0.913043478,0.540469974,0.850661626,0.550913838,0.820415879,0.412532637,0.928166352,0.405555556,0.873287671,0.238888889,0.966894977,0.313888889,0.894977169,0.372222222,0.873287671,0.230555556,0.960045662
1835,0.657142857,0.855787476,0.493506494,0.941176471,0.576623377,0.874762808,0.566233766,0.855787476,0.441558442,0.939278937,0.432176656,0.887921654,0.283911672,0.965179543,0.340694006,0.905331882,0.400630915,0.887921654,0.239747634,0.955386289
1836,0.646489104,0.841683367,0.457627119,0.925851703,0.556900726,0.861723447,0.564164649,0.841683367,0.397094431,0.955911824,0.451253482,0.883694413,0.292479109,0.969213227,0.359331476,0.904218928,0.442896936,0.883694413,0.239554318,0.964652223
1837,0.672922252,0.833024119,0.474530831,0.927643785,0.573726542,0.860853432,0.576407507,0.833024119,0.434316354,0.944341373,0.437681159,0.901234568,0.27826087,0.976430976,0.353623188,0.90684624,0.417391304,0.901234568,0.263768116,0.968574635
1838,0.665822785,0.858800774,0.491139241,0.951644101,0.579746835,0.87040619,0.587341772,0.858800774,0.412658228,0.949709865,0.411764706,0.898748578,0.240896359,0.974971559,0.305322129,0.899886234,0.397759104,0.898748578,0.207282913,0.956769056
1839,0.621546961,0.838181818,0.472375691,0.938181818,0.527624309,0.885454545,0.522099448,0.838181818,0.406077348,0.943636364,0.414168937,0.886075949,0.253405995,0.974683544,0.280653951,0.896432681,0.397820163,0.886075949,0.201634877,0.964326812
1840,0.680693069,0.816929134,0.457920792,0.919291339,0.594059406,0.848425197,0.626237624,0.816929134,0.408415842,0.927165354,0.411111111,0.875570776,0.261111111,0.96803653,0.316666667,0.905251142,0.386111111,0.875570776,0.252777778,0.950913242
1841,0.661498708,0.771428571,0.478036176,0.916190476,0.602067183,0.83047619,0.596899225,0.771428571,0.457364341,0.92,0.383152174,0.874423963,0.222826087,0.974654378,0.315217391,0.899769585,0.369565217,0.874423963,0.201086957,0.960829493
1842,0.631067961,0.838,0.451456311,0.924,0.558252427,0.858,0.560679612,0.838,0.415048544,0.936,0.448467967,0.882554162,0.281337047,0.965792474,0.376044568,0.903078677,0.428969359,0.882554162,0.236768802,0.96009122
1843,0.690807799,0.810126582,0.520891365,0.909584087,0.584958217,0.835443038,0.60724234,0.810126582,0.423398329,0.920433996,0.46969697,0.895143488,0.278787879,0.971302428,0.381818182,0.896247241,0.454545455,0.895143488,0.263636364,0.961368653
1844,0.660049628,0.850687623,0.483870968,0.946954813,0.565756824,0.878192534,0.560794045,0.850687623,0.426799007,0.94891945,0.483050847,0.869614512,0.299435028,0.969387755,0.381355932,0.883219955,0.460451977,0.869614512,0.262711864,0.9569161
1845,0.688022284,0.844484629,0.495821727,0.924050633,0.559888579,0.871609403,0.587743733,0.844484629,0.428969359,0.942133816,0.446236559,0.873842593,0.298387097,0.965277778,0.38172043,0.895833333,0.408602151,0.873842593,0.287634409,0.962962963
1846,0.696202532,0.82205029,0.508860759,0.930367505,0.615189873,0.849129594,0.630379747,0.82205029,0.440506329,0.945841393,0.42972973,0.884526559,0.221621622,0.973441109,0.356756757,0.909930716,0.410810811,0.884526559,0.221621622,0.972286374
1847,0.68956743,0.832369942,0.511450382,0.924855491,0.590330789,0.842003854,0.605597964,0.832369942,0.445292621,0.930635838,0.443820225,0.890909091,0.275280899,0.968181818,0.351123596,0.889772727,0.43258427,0.890909091,0.221910112,0.956818182
1848,0.684596577,0.838966203,0.496332518,0.938369781,0.594132029,0.878727634,0.618581907,0.838966203,0.432762836,0.946322068,0.472527473,0.876146789,0.277472527,0.961009174,0.354395604,0.891055046,0.453296703,0.876146789,0.222527473,0.950688073
1849,0.660049628,0.850687623,0.498759305,0.937131631,0.593052109,0.874263261,0.555831266,0.850687623,0.47146402,0.933202358,0.435530086,0.87373168,0.243553009,0.958286359,0.318051576,0.891770011,0.426934097,0.87373168,0.206303725,0.951521984
1850,0.693548387,0.838888889,0.497311828,0.931481481,0.602150538,0.859259259,0.642473118,0.838888889,0.430107527,0.942592593,0.438040346,0.887514061,0.253602305,0.970753656,0.34870317,0.893138358,0.432276657,0.887514061,0.236311239,0.952755906
1851,0.701570681,0.813207547,0.502617801,0.909433962,0.604712042,0.828301887,0.615183246,0.813207547,0.429319372,0.918867925,0.440104167,0.86971831,0.278645833,0.968309859,0.346354167,0.90258216,0.421875,0.86971831,0.247395833,0.957746479
1852,0.621287129,0.834645669,0.457920792,0.921259843,0.556930693,0.87007874,0.547029703,0.834645669,0.408415842,0.933070866,0.435897436,0.888888889,0.274358974,0.971631206,0.333333333,0.903073286,0.415384615,0.888888889,0.264102564,0.959810875
1853,0.654822335,0.83976834,0.484771574,0.932432432,0.553299492,0.878378378,0.576142132,0.83976834,0.408629442,0.947876448,0.392330383,0.889632107,0.268436578,0.967670011,0.333333333,0.901895206,0.359882006,0.889632107,0.227138643,0.962095875
1854,0.652912621,0.842,0.5,0.93,0.529126214,0.87,0.567961165,0.842,0.42961165,0.946,0.467422096,0.874292186,0.303116147,0.966024915,0.388101983,0.891279728,0.444759207,0.874292186,0.277620397,0.961494904
1855,0.692893401,0.808880309,0.492385787,0.907335907,0.586294416,0.833976834,0.626903553,0.808880309,0.421319797,0.915057915,0.4,0.899543379,0.219444444,0.971461187,0.313888889,0.908675799,0.383333333,0.899543379,0.216666667,0.966894977
1856,0.626315789,0.823308271,0.431578947,0.921052632,0.55,0.859022556,0.568421053,0.823308271,0.386842105,0.943609023,0.446022727,0.902714932,0.275568182,0.983031674,0.34375,0.92081448,0.428977273,0.902714932,0.238636364,0.979638009
1857,0.632911392,0.837524178,0.483544304,0.949709865,0.556962025,0.882011605,0.551898734,0.837524178,0.394936709,0.949709865,0.443243243,0.872979215,0.283783784,0.969976905,0.383783784,0.885681293,0.435135135,0.872979215,0.262162162,0.956120092
1858,0.626702997,0.84587156,0.438692098,0.939449541,0.561307902,0.866055046,0.580381471,0.84587156,0.378746594,0.935779817,0.41943734,0.875739645,0.235294118,0.966863905,0.360613811,0.892307692,0.404092072,0.875739645,0.217391304,0.956213018
1859,0.644836272,0.842718447,0.511335013,0.939805825,0.58186398,0.858252427,0.576826196,0.842718447,0.43324937,0.949514563,0.459214502,0.881767956,0.265861027,0.970165746,0.350453172,0.88839779,0.444108761,0.881767956,0.235649547,0.955801105
1860,0.663265306,0.85,0.492346939,0.928846154,0.571428571,0.873076923,0.586734694,0.85,0.395408163,0.944230769,0.395604396,0.895642202,0.263736264,0.96559633,0.343406593,0.919724771,0.376373626,0.895642202,0.225274725,0.964449541
1861,0.685990338,0.857429719,0.492753623,0.941767068,0.601449275,0.859437751,0.601449275,0.857429719,0.417874396,0.9437751,0.403954802,0.87414966,0.262711864,0.964852608,0.350282486,0.899092971,0.384180791,0.87414966,0.206214689,0.945578231
1862,0.654911839,0.829126214,0.503778338,0.930097087,0.569269521,0.844660194,0.571788413,0.829126214,0.413098237,0.930097087,0.414364641,0.884439359,0.243093923,0.970251716,0.309392265,0.891304348,0.403314917,0.884439359,0.193370166,0.95423341
1863,0.686046512,0.883817427,0.493023256,0.950207469,0.588372093,0.89626556,0.620930233,0.883817427,0.418604651,0.950207469,0.444444444,0.883615819,0.247863248,0.967231638,0.367521368,0.889265537,0.433048433,0.883615819,0.222222222,0.959322034
1864,0.693717277,0.816981132,0.510471204,0.928301887,0.609947644,0.845283019,0.615183246,0.816981132,0.458115183,0.928301887,0.453521127,0.885357548,0.261971831,0.961407491,0.349295775,0.914869467,0.43943662,0.885357548,0.23943662,0.961407491
1865,0.682170543,0.845714286,0.509043928,0.931428571,0.612403101,0.872380952,0.604651163,0.845714286,0.444444444,0.946666667,0.375,0.886877828,0.230113636,0.966063348,0.298295455,0.890271493,0.366477273,0.886877828,0.190340909,0.940045249
1866,0.637931034,0.835968379,0.492610837,0.920948617,0.556650246,0.853754941,0.554187192,0.835968379,0.416256158,0.920948617,0.442136499,0.887652948,0.258160237,0.958843159,0.347181009,0.890989989,0.418397626,0.887652948,0.225519288,0.949944383
1867,0.666666667,0.829317269,0.492753623,0.929718876,0.565217391,0.861445783,0.577294686,0.829317269,0.417874396,0.939759036,0.421203438,0.888387824,0.223495702,0.972942503,0.329512894,0.899661781,0.404011461,0.888387824,0.197707736,0.961668546
1868,0.667590028,0.833030853,0.506925208,0.916515426,0.556786704,0.867513612,0.603878116,0.833030853,0.398891967,0.931034483,0.398203593,0.879157428,0.248502994,0.961197339,0.341317365,0.893569845,0.386227545,0.879157428,0.221556886,0.94789357
1869,0.658595642,0.829659319,0.464891041,0.943887776,0.583535109,0.857715431,0.607748184,0.829659319,0.409200969,0.929859719,0.425974026,0.883666275,0.27012987,0.964747356,0.366233766,0.894242068,0.402597403,0.883666275,0.225974026,0.950646298
1870,0.665847666,0.817821782,0.474201474,0.922772277,0.552825553,0.847524752,0.574938575,0.817821782,0.434889435,0.926732673,0.394886364,0.899321267,0.230113636,0.969457014,0.332386364,0.912895928,0.389204545,0.899321267,0.21875,0.96040724
1871,0.650872818,0.849315068,0.481296758,0.933463796,0.573566085,0.878669276,0.573566085,0.849315068,0.411471322,0.941291585,0.447129909,0.877348066,0.277945619,0.962430939,0.374622356,0.881767956,0.444108761,0.877348066,0.226586103,0.945856354
1872,0.650837989,0.824909747,0.483240223,0.913357401,0.578212291,0.832129964,0.583798883,0.824909747,0.391061453,0.922382671,0.471264368,0.871621622,0.290229885,0.961711712,0.393678161,0.891891892,0.454022989,0.871621622,0.25862069,0.958333333
1873,0.676315789,0.827067669,0.502631579,0.939849624,0.576315789,0.84962406,0.610526316,0.827067669,0.452631579,0.932330827,0.431318681,0.866972477,0.239010989,0.975917431,0.313186813,0.887614679,0.409340659,0.866972477,0.200549451,0.963302752
1874,0.658974359,0.810344828,0.497435897,0.911877395,0.58974359,0.831417625,0.584615385,0.810344828,0.417948718,0.911877395,0.421787709,0.875854214,0.226256983,0.958997722,0.346368715,0.878132118,0.405027933,0.875854214,0.234636872,0.945330296
1875,0.700265252,0.811214953,0.48806366,0.928971963,0.615384615,0.859813084,0.625994695,0.811214953,0.440318302,0.934579439,0.456582633,0.903299204,0.271708683,0.977246871,0.383753501,0.922639363,0.428571429,0.903299204,0.24929972,0.964732651
1876,0.694711538,0.83266129,0.46875,0.933467742,0.581730769,0.875,0.612980769,0.83266129,0.427884615,0.943548387,0.380829016,0.871764706,0.238341969,0.964705882,0.31865285,0.898823529,0.360103627,0.871764706,0.230569948,0.957647059
1877,0.647368421,0.827067669,0.502631579,0.934210526,0.578947368,0.857142857,0.555263158,0.827067669,0.442105263,0.943609023,0.380813953,0.885650224,0.229651163,0.965246637,0.313953488,0.901345291,0.363372093,0.885650224,0.200581395,0.951793722
1878,0.651474531,0.836734694,0.45308311,0.920222635,0.565683646,0.86270872,0.571045576,0.836734694,0.388739946,0.93135436,0.396419437,0.892307692,0.240409207,0.977514793,0.31202046,0.899408284,0.373401535,0.892307692,0.230179028,0.970414201
1879,0.680412371,0.833969466,0.512886598,0.910305344,0.608247423,0.849236641,0.615979381,0.833969466,0.43814433,0.935114504,0.397515528,0.878555799,0.270186335,0.964989059,0.329192547,0.897155361,0.388198758,0.878555799,0.223602484,0.957330416
1880,0.670025189,0.842718447,0.481108312,0.945631068,0.574307305,0.869902913,0.604534005,0.842718447,0.400503778,0.947572816,0.469168901,0.900347625,0.313672922,0.969872538,0.356568365,0.914252607,0.434316354,0.900347625,0.257372654,0.968713789
1881,0.662468514,0.825242718,0.508816121,0.902912621,0.576826196,0.854368932,0.559193955,0.825242718,0.413098237,0.933980583,0.445054945,0.875,0.263736264,0.959862385,0.379120879,0.89793578,0.436813187,0.875,0.21978022,0.948394495
1882,0.651105651,0.843564356,0.484029484,0.954455446,0.572481572,0.869306931,0.57985258,0.843564356,0.41031941,0.956435644,0.465116279,0.871613663,0.291989664,0.975265018,0.366925065,0.890459364,0.447028424,0.871613663,0.286821705,0.959952886
1883,0.713580247,0.830374753,0.530864198,0.92504931,0.602469136,0.859960552,0.632098765,0.830374753,0.456790123,0.942800789,0.36875,0.878820961,0.225,0.969432314,0.275,0.901746725,0.359375,0.878820961,0.1625,0.96069869
1884,0.623684211,0.843984962,0.481578947,0.95112782,0.578947368,0.889097744,0.571052632,0.843984962,0.397368421,0.947368421,0.433526012,0.87752809,0.260115607,0.964044944,0.320809249,0.883146067,0.407514451,0.87752809,0.219653179,0.952808989
1885,0.680904523,0.838521401,0.520100503,0.924124514,0.592964824,0.871595331,0.603015075,0.838521401,0.427135678,0.928015564,0.43019943,0.884745763,0.262108262,0.970621469,0.347578348,0.898305085,0.398860399,0.884745763,0.239316239,0.951412429
1886,0.631067961,0.862,0.468446602,0.934,0.567961165,0.878,0.584951456,0.862,0.405339806,0.948,0.48245614,0.880313199,0.31871345,0.969798658,0.403508772,0.888143177,0.467836257,0.880313199,0.286549708,0.953020134
1887,0.669230769,0.82183908,0.482051282,0.927203065,0.579487179,0.869731801,0.594871795,0.82183908,0.425641026,0.940613027,0.433802817,0.883087401,0.253521127,0.972758229,0.374647887,0.90692395,0.414084507,0.883087401,0.233802817,0.969353008
1888,0.675191816,0.852207294,0.516624041,0.936660269,0.588235294,0.873320537,0.590792839,0.852207294,0.439897698,0.944337812,0.484057971,0.884399551,0.31884058,0.971941639,0.402898551,0.898989899,0.466666667,0.884399551,0.27826087,0.965207632
1889,0.651832461,0.858490566,0.5,0.947169811,0.568062827,0.877358491,0.562827225,0.858490566,0.458115183,0.958490566,0.479564033,0.891829689,0.277929155,0.975834292,0.386920981,0.906789413,0.465940054,0.891829689,0.272479564,0.96547756
1890,0.68956743,0.834296724,0.491094148,0.911368015,0.595419847,0.849710983,0.603053435,0.834296724,0.430025445,0.917148362,0.448179272,0.878270762,0.257703081,0.964732651,0.344537815,0.894197952,0.43697479,0.878270762,0.198879552,0.946530148
1891,0.655778894,0.83463035,0.48241206,0.929961089,0.58040201,0.877431907,0.58040201,0.83463035,0.442211055,0.929961089,0.45,0.885044643,0.229411765,0.965401786,0.338235294,0.902901786,0.438235294,0.885044643,0.208823529,0.957589286
1892,0.650124069,0.83497053,0.47146402,0.941060904,0.568238213,0.868369352,0.59057072,0.83497053,0.401985112,0.941060904,0.412429379,0.890022676,0.262711864,0.962585034,0.375706215,0.89569161,0.403954802,0.890022676,0.242937853,0.958049887
1893,0.65374677,0.832380952,0.521963824,0.923809524,0.599483204,0.860952381,0.571059432,0.832380952,0.488372093,0.952380952,0.430985915,0.896708286,0.264788732,0.964812713,0.357746479,0.908059024,0.416901408,0.896708286,0.261971831,0.955732123
1894,0.669975186,0.823182711,0.493796526,0.931237721,0.575682382,0.868369352,0.602977667,0.823182711,0.419354839,0.939096267,0.455525606,0.877456647,0.293800539,0.972254335,0.388140162,0.885549133,0.452830189,0.877456647,0.266846361,0.953757225
1895,0.698765432,0.850098619,0.488888889,0.923076923,0.577777778,0.871794872,0.604938272,0.850098619,0.437037037,0.936883629,0.423976608,0.87360179,0.242690058,0.964205817,0.324561404,0.891498881,0.403508772,0.87360179,0.228070175,0.955257271
1896,0.625322997,0.845714286,0.444444444,0.940952381,0.54005168,0.872380952,0.555555556,0.845714286,0.38501292,0.954285714,0.415041783,0.896237172,0.267409471,0.970353478,0.348189415,0.903078677,0.395543175,0.896237172,0.233983287,0.96009122
1897,0.655256724,0.842942346,0.469437653,0.926441352,0.569682152,0.866799205,0.579462103,0.842942346,0.398533007,0.930417495,0.426829268,0.890969163,0.234756098,0.963656388,0.356707317,0.896475771,0.414634146,0.890969163,0.216463415,0.963656388
1898,0.652284264,0.828185328,0.487309645,0.920849421,0.560913706,0.841698842,0.57106599,0.828185328,0.441624365,0.936293436,0.494152047,0.888143177,0.307017544,0.966442953,0.371345029,0.902684564,0.470760234,0.888143177,0.263157895,0.951901566
1899,0.651219512,0.828685259,0.473170732,0.926294821,0.548780488,0.864541833,0.565853659,0.828685259,0.419512195,0.950199203,0.468493151,0.874856487,0.260273973,0.965556831,0.369863014,0.881745121,0.449315068,0.874856487,0.243835616,0.957520092
1900,0.692513369,0.80669145,0.457219251,0.927509294,0.620320856,0.843866171,0.617647059,0.80669145,0.43315508,0.944237918,0.463414634,0.901982379,0.283536585,0.969162996,0.356707317,0.912995595,0.445121951,0.901982379,0.219512195,0.959251101
1901,0.672972973,0.839483395,0.505405405,0.937269373,0.572972973,0.86900369,0.586486486,0.839483395,0.456756757,0.946494465,0.459677419,0.873842593,0.252688172,0.96412037,0.373655914,0.884259259,0.448924731,0.873842593,0.241935484,0.951388889
1902,0.676549865,0.837338262,0.504043127,0.93715342,0.579514825,0.874306839,0.606469003,0.837338262,0.444743935,0.95194085,0.421487603,0.869415808,0.239669421,0.961053837,0.338842975,0.888888889,0.402203857,0.869415808,0.223140496,0.95303551
1903,0.671497585,0.817269076,0.47826087,0.921686747,0.586956522,0.84939759,0.589371981,0.817269076,0.400966184,0.915662651,0.414705882,0.893973214,0.220588235,0.966517857,0.355882353,0.904017857,0.388235294,0.893973214,0.217647059,0.956473214
1904,0.663157895,0.842105263,0.486842105,0.945488722,0.618421053,0.881578947,0.597368421,0.842105263,0.455263158,0.94924812,0.406779661,0.880952381,0.242937853,0.963718821,0.327683616,0.900226757,0.392655367,0.880952381,0.217514124,0.954648526
1905,0.636591479,0.814814815,0.49122807,0.933723197,0.528822055,0.828460039,0.576441103,0.814814815,0.418546366,0.925925926,0.429333333,0.883855981,0.290666667,0.973286876,0.346666667,0.881533101,0.418666667,0.883855981,0.258666667,0.961672474
1906,0.655778894,0.822957198,0.487437186,0.929961089,0.56281407,0.850194553,0.572864322,0.822957198,0.394472362,0.931906615,0.427745665,0.885393258,0.274566474,0.968539326,0.323699422,0.906741573,0.413294798,0.885393258,0.23699422,0.95505618
1907,0.675609756,0.826693227,0.468292683,0.928286853,0.580487805,0.874501992,0.619512195,0.826693227,0.397560976,0.934262948,0.427027027,0.887990762,0.262162162,0.969976905,0.364864865,0.893764434,0.4,0.887990762,0.251351351,0.958429561
1908,0.640703518,0.83463035,0.492462312,0.93385214,0.58040201,0.856031128,0.56281407,0.83463035,0.434673367,0.941634241,0.431168831,0.8613396,0.257142857,0.967097532,0.363636364,0.886016451,0.423376623,0.8613396,0.215584416,0.958871915
1909,0.658415842,0.838582677,0.472772277,0.940944882,0.534653465,0.864173228,0.594059406,0.838582677,0.396039604,0.942913386,0.45014245,0.881355932,0.273504274,0.961581921,0.339031339,0.89039548,0.438746439,0.881355932,0.236467236,0.953672316
1910,0.688946015,0.822179732,0.516709512,0.933078394,0.583547558,0.86042065,0.601542416,0.822179732,0.449871465,0.946462715,0.439093484,0.876557191,0.283286119,0.968289921,0.35694051,0.894677237,0.422096317,0.876557191,0.252124646,0.956964892
1911,0.690288714,0.826741996,0.50656168,0.922787194,0.590551181,0.853107345,0.603674541,0.826741996,0.42519685,0.941619586,0.377094972,0.895216401,0.217877095,0.965831435,0.30726257,0.917995444,0.37150838,0.895216401,0.203910615,0.963553531
1912,0.699519231,0.840725806,0.550480769,0.935483871,0.617788462,0.872983871,0.605769231,0.840725806,0.490384615,0.941532258,0.468834688,0.889273356,0.314363144,0.965397924,0.401084011,0.891580161,0.447154472,0.889273356,0.262872629,0.952710496
1913,0.640625,0.84280303,0.5078125,0.924242424,0.575520833,0.856060606,0.559895833,0.84280303,0.450520833,0.943181818,0.418848168,0.881733021,0.246073298,0.963700234,0.308900524,0.887587822,0.387434555,0.881733021,0.206806283,0.954332553
1914,0.639386189,0.857965451,0.470588235,0.946257198,0.578005115,0.894433781,0.565217391,0.857965451,0.416879795,0.948176583,0.457627119,0.879818594,0.254237288,0.962585034,0.36440678,0.896825397,0.449152542,0.879818594,0.209039548,0.9569161
1915,0.677506775,0.845303867,0.493224932,0.942909761,0.56097561,0.863720074,0.623306233,0.845303867,0.414634146,0.952117864,0.420168067,0.875995449,0.291316527,0.969283276,0.31372549,0.885096701,0.400560224,0.875995449,0.246498599,0.960182025
1916,0.682539683,0.855805243,0.486772487,0.945692884,0.579365079,0.870786517,0.608465608,0.855805243,0.423280423,0.949438202,0.425655977,0.872340426,0.250728863,0.956326988,0.329446064,0.896976484,0.413994169,0.872340426,0.236151603,0.947368421
1917,0.596354167,0.840909091,0.421875,0.945075758,0.53125,0.850378788,0.5234375,0.840909091,0.388020833,0.935606061,0.383783784,0.905311778,0.22972973,0.975750577,0.316216216,0.919168591,0.364864865,0.905311778,0.2,0.965357968
1918,0.658595642,0.845691383,0.493946731,0.943887776,0.578692494,0.877755511,0.583535109,0.845691383,0.438256659,0.945891784,0.441926346,0.88788222,0.249291785,0.968289921,0.368271955,0.89580974,0.419263456,0.88788222,0.232294618,0.956964892
1919,0.676092545,0.826003824,0.506426735,0.919694073,0.586118252,0.852772467,0.606683805,0.826003824,0.46529563,0.929254302,0.429378531,0.861678005,0.276836158,0.964852608,0.322033898,0.878684807,0.406779661,0.861678005,0.234463277,0.950113379
1920,0.68,0.8359375,0.5025,0.91796875,0.64,0.857421875,0.6325,0.8359375,0.43,0.939453125,0.470769231,0.905598244,0.298461538,0.978046103,0.347692308,0.918770582,0.446153846,0.905598244,0.258461538,0.967069155
1921,0.686419753,0.830374753,0.491358025,0.938856016,0.590123457,0.867850099,0.604938272,0.830374753,0.419753086,0.950690335,0.431693989,0.873563218,0.292349727,0.979310345,0.371584699,0.888505747,0.426229508,0.873563218,0.25136612,0.965517241
1922,0.650259067,0.83269962,0.494818653,0.908745247,0.562176166,0.857414449,0.567357513,0.83269962,0.417098446,0.918250951,0.405325444,0.904231626,0.230769231,0.968819599,0.334319527,0.91091314,0.381656805,0.904231626,0.227810651,0.96325167
1923,0.669154229,0.833333333,0.537313433,0.949019608,0.582089552,0.876470588,0.589552239,0.833333333,0.44278607,0.960784314,0.388888889,0.876096491,0.24691358,0.971491228,0.327160494,0.891447368,0.37037037,0.876096491,0.206790123,0.959429825
1924,0.661800487,0.820359281,0.510948905,0.914171657,0.581508516,0.862275449,0.579075426,0.820359281,0.440389294,0.934131737,0.47027027,0.879907621,0.245945946,0.965357968,0.364864865,0.894919169,0.448648649,0.879907621,0.235135135,0.953810624
1925,0.670886076,0.82205029,0.521518987,0.936170213,0.572151899,0.862669246,0.584810127,0.82205029,0.448101266,0.938104449,0.436578171,0.897435897,0.283185841,0.963210702,0.362831858,0.895206243,0.424778761,0.897435897,0.241887906,0.958751394
1926,0.650632911,0.818181818,0.450632911,0.926499033,0.584810127,0.856866538,0.587341772,0.818181818,0.392405063,0.932301741,0.420634921,0.871794872,0.21957672,0.956876457,0.367724868,0.886946387,0.41005291,0.871794872,0.246031746,0.953379953
1927,0.692722372,0.846580407,0.485175202,0.935304991,0.598382749,0.870609982,0.617250674,0.846580407,0.436657682,0.940850277,0.470031546,0.877040261,0.302839117,0.957562568,0.422712934,0.89445049,0.466876972,0.877040261,0.305993691,0.947769314
1928,0.675603217,0.823747681,0.490616622,0.929499072,0.581769437,0.846011132,0.587131367,0.823747681,0.423592493,0.933209647,0.453488372,0.901345291,0.284883721,0.967488789,0.39244186,0.910313901,0.433139535,0.901345291,0.252906977,0.964125561
1929,0.694174757,0.798,0.497572816,0.918,0.606796117,0.846,0.621359223,0.798,0.422330097,0.924,0.391076115,0.884210526,0.199475066,0.955555556,0.307086614,0.901754386,0.377952756,0.884210526,0.194225722,0.954385965
1930,0.646616541,0.83625731,0.45112782,0.933723197,0.561403509,0.867446394,0.573934837,0.83625731,0.401002506,0.935672515,0.408839779,0.8798627,0.26519337,0.966819222,0.328729282,0.898169336,0.392265193,0.8798627,0.20718232,0.95423341
1931,0.652631579,0.881578947,0.492105263,0.943609023,0.594736842,0.887218045,0.581578947,0.881578947,0.434210526,0.945488722,0.43373494,0.877212389,0.25,0.969026549,0.31626506,0.903761062,0.40060241,0.877212389,0.243975904,0.959070796
1932,0.707379135,0.83044316,0.534351145,0.928709056,0.610687023,0.849710983,0.618320611,0.83044316,0.470737913,0.924855491,0.444444444,0.882485876,0.301994302,0.960451977,0.347578348,0.88700565,0.421652422,0.882485876,0.262108262,0.950282486
1933,0.680519481,0.838709677,0.472727273,0.922201139,0.620779221,0.861480076,0.618181818,0.838709677,0.436363636,0.924098672,0.433048433,0.882485876,0.262108262,0.971751412,0.364672365,0.900564972,0.415954416,0.882485876,0.239316239,0.972881356
1934,0.661616162,0.817829457,0.454545455,0.92248062,0.590909091,0.852713178,0.588383838,0.817829457,0.421717172,0.920542636,0.391780822,0.872560276,0.238356164,0.966704937,0.295890411,0.902411022,0.37260274,0.872560276,0.191780822,0.965556831
1935,0.649616368,0.83109405,0.47826087,0.923224568,0.583120205,0.857965451,0.565217391,0.83109405,0.42455243,0.934740883,0.402739726,0.881745121,0.263013699,0.972445465,0.334246575,0.90815155,0.378082192,0.881745121,0.246575342,0.966704937
1936,0.698701299,0.84629981,0.509090909,0.933586338,0.58961039,0.870967742,0.581818182,0.84629981,0.490909091,0.943074004,0.402144772,0.874855156,0.268096515,0.962920046,0.348525469,0.896871379,0.386058981,0.874855156,0.233243968,0.951332561
1937,0.681055156,0.814141414,0.532374101,0.933333333,0.589928058,0.850505051,0.604316547,0.814141414,0.446043165,0.921212121,0.462427746,0.876404494,0.251445087,0.965168539,0.38150289,0.897752809,0.445086705,0.876404494,0.260115607,0.952808989
1938,0.671957672,0.822097378,0.513227513,0.928838951,0.571428571,0.855805243,0.568783069,0.822097378,0.436507937,0.938202247,0.420212766,0.859302326,0.239361702,0.96627907,0.335106383,0.872093023,0.404255319,0.859302326,0.223404255,0.945348837
1939,0.653005464,0.846153846,0.428961749,0.93956044,0.56284153,0.857142857,0.56557377,0.846153846,0.37704918,0.946886447,0.403314917,0.872997712,0.262430939,0.966819222,0.356353591,0.881006865,0.389502762,0.872997712,0.240331492,0.955377574
1940,0.665829146,0.828793774,0.505025126,0.943579767,0.58040201,0.859922179,0.587939698,0.828793774,0.462311558,0.949416342,0.454545455,0.883484163,0.25,0.952488688,0.363636364,0.891402715,0.4375,0.883484163,0.235795455,0.954751131
1941,0.647959184,0.848076923,0.459183673,0.942307692,0.571428571,0.867307692,0.576530612,0.848076923,0.428571429,0.942307692,0.413173653,0.869179601,0.248502994,0.968957871,0.356287425,0.896895787,0.392215569,0.869179601,0.248502994,0.955654102
1942,0.640096618,0.827309237,0.461352657,0.919678715,0.562801932,0.841365462,0.577294686,0.827309237,0.398550725,0.921686747,0.417142857,0.879232506,0.251428571,0.963882619,0.362857143,0.888261851,0.4,0.879232506,0.24,0.959367946
1943,0.681697613,0.81682243,0.466843501,0.925233645,0.604774536,0.86728972,0.623342175,0.81682243,0.400530504,0.925233645,0.463013699,0.884041332,0.282191781,0.975889782,0.353424658,0.890929966,0.446575342,0.884041332,0.252054795,0.957520092
1944,0.673316708,0.833659491,0.488778055,0.935420744,0.583541147,0.859099804,0.568578554,0.833659491,0.458852868,0.939334638,0.418994413,0.89977221,0.268156425,0.979498861,0.377094972,0.923690205,0.393854749,0.89977221,0.279329609,0.968109339
1945,0.638888889,0.856589147,0.457070707,0.932170543,0.532828283,0.893410853,0.54040404,0.856589147,0.398989899,0.955426357,0.457865169,0.882954545,0.286516854,0.971590909,0.370786517,0.884090909,0.43258427,0.882954545,0.25,0.963636364
1946,0.679389313,0.832369942,0.437659033,0.926782274,0.600508906,0.857418112,0.618320611,0.832369942,0.396946565,0.947976879,0.416216216,0.875288684,0.278378378,0.967667436,0.316216216,0.891454965,0.381081081,0.875288684,0.232432432,0.959584296
1947,0.637795276,0.826741996,0.459317585,0.928436911,0.572178478,0.873822976,0.572178478,0.826741996,0.409448819,0.943502825,0.424657534,0.879448909,0.271232877,0.957520092,0.361643836,0.901262916,0.397260274,0.879448909,0.249315068,0.951779564
1948,0.630890052,0.816981132,0.481675393,0.913207547,0.554973822,0.845283019,0.541884817,0.816981132,0.434554974,0.926415094,0.440828402,0.877505568,0.286982249,0.975501114,0.363905325,0.908685969,0.428994083,0.877505568,0.24260355,0.96325167
1949,0.677725118,0.83877551,0.509478673,0.930612245,0.601895735,0.848979592,0.590047393,0.83877551,0.450236967,0.930612245,0.383285303,0.866141732,0.219020173,0.959505062,0.308357349,0.878515186,0.374639769,0.866141732,0.193083573,0.949381327
1950,0.688829787,0.824626866,0.515957447,0.927238806,0.582446809,0.861940299,0.60106383,0.824626866,0.433510638,0.929104478,0.446745562,0.873051225,0.263313609,0.958797327,0.319526627,0.89532294,0.414201183,0.873051225,0.23964497,0.95545657
1951,0.686868687,0.846899225,0.517676768,0.936046512,0.626262626,0.872093023,0.603535354,0.846899225,0.431818182,0.949612403,0.475274725,0.881880734,0.307692308,0.96559633,0.381868132,0.900229358,0.447802198,0.881880734,0.274725275,0.957568807
1952,0.668435013,0.857943925,0.50132626,0.947663551,0.578249337,0.876635514,0.602122016,0.857943925,0.424403183,0.951401869,0.469002695,0.869364162,0.258760108,0.966473988,0.369272237,0.885549133,0.452830189,0.869364162,0.245283019,0.957225434
1953,0.655860349,0.829745597,0.458852868,0.929549902,0.558603491,0.870841487,0.566084788,0.829745597,0.406483791,0.947162427,0.431754875,0.875712657,0.26183844,0.968072976,0.367688022,0.874572406,0.420612813,0.875712657,0.26183844,0.953249715
1954,0.650872818,0.835616438,0.478802993,0.925636008,0.563591022,0.864970646,0.556109726,0.835616438,0.413965087,0.941291585,0.417366947,0.882821388,0.24929972,0.959044369,0.358543417,0.898748578,0.411764706,0.882821388,0.224089636,0.961319681
1955,0.700239808,0.826262626,0.48441247,0.933333333,0.57793765,0.862626263,0.616306954,0.826262626,0.407673861,0.941414141,0.446022727,0.890271493,0.28125,0.966063348,0.363636364,0.906108597,0.431818182,0.890271493,0.252840909,0.957013575
1956,0.677647059,0.845995893,0.482352941,0.934291581,0.592941176,0.874743326,0.585882353,0.845995893,0.423529412,0.948665298,0.487394958,0.877133106,0.285714286,0.962457338,0.383753501,0.873720137,0.464985994,0.877133106,0.271708683,0.95221843
1957,0.689373297,0.823853211,0.48773842,0.926605505,0.591280654,0.871559633,0.607629428,0.823853211,0.403269755,0.930275229,0.421052632,0.862857143,0.224376731,0.966857143,0.304709141,0.892571429,0.396121884,0.862857143,0.20498615,0.941714286
1958,0.689189189,0.787822878,0.537837838,0.929889299,0.578378378,0.84501845,0.618918919,0.787822878,0.459459459,0.933579336,0.451807229,0.861725664,0.256024096,0.955752212,0.364457831,0.889380531,0.439759036,0.861725664,0.256024096,0.951327434
1959,0.642857143,0.81835206,0.489417989,0.921348315,0.513227513,0.853932584,0.555555556,0.81835206,0.396825397,0.951310861,0.475218659,0.8924972,0.279883382,0.969764838,0.376093294,0.899216125,0.460641399,0.8924972,0.236151603,0.95968645
1960,0.673076923,0.852822581,0.495192308,0.931451613,0.59375,0.864919355,0.603365385,0.852822581,0.451923077,0.933467742,0.470914127,0.884571429,0.271468144,0.970285714,0.421052632,0.904,0.462603878,0.884571429,0.265927978,0.955428571
1961,0.6953125,0.808712121,0.4765625,0.926136364,0.630208333,0.848484848,0.635416667,0.808712121,0.442708333,0.924242424,0.465465465,0.908084164,0.27027027,0.971207087,0.369369369,0.915836102,0.453453453,0.908084164,0.246246246,0.972314507
1962,0.684079602,0.823529412,0.519900498,0.923529412,0.574626866,0.860784314,0.604477612,0.823529412,0.450248756,0.933333333,0.400530504,0.875436554,0.262599469,0.969732247,0.331564987,0.899883586,0.384615385,0.875436554,0.236074271,0.963911525
1963,0.685929648,0.815175097,0.510050251,0.93385214,0.618090452,0.852140078,0.628140704,0.815175097,0.439698492,0.953307393,0.470430108,0.875,0.306451613,0.966435185,0.411290323,0.880787037,0.451612903,0.875,0.317204301,0.954861111
1964,0.671087533,0.841121495,0.530503979,0.928971963,0.562334218,0.852336449,0.586206897,0.841121495,0.461538462,0.930841121,0.403846154,0.885321101,0.252747253,0.970183486,0.321428571,0.884174312,0.39010989,0.885321101,0.222527473,0.958715596
1965,0.699029126,0.848,0.480582524,0.95,0.63592233,0.878,0.640776699,0.848,0.422330097,0.962,0.445040214,0.851680185,0.27077748,0.957126304,0.372654155,0.886442642,0.428954424,0.851680185,0.252010724,0.959443801
1966,0.658291457,0.819066148,0.477386935,0.922178988,0.595477387,0.842412451,0.587939698,0.819066148,0.442211055,0.928015564,0.457219251,0.887470998,0.315508021,0.973317865,0.35828877,0.894431555,0.43315508,0.887470998,0.259358289,0.959396752
1967,0.644155844,0.836812144,0.457142857,0.937381404,0.566233766,0.857685009,0.579220779,0.836812144,0.387012987,0.937381404,0.424698795,0.883849558,0.280120482,0.969026549,0.358433735,0.900442478,0.406626506,0.883849558,0.286144578,0.960176991
1968,0.65394402,0.832369942,0.501272265,0.930635838,0.564885496,0.861271676,0.562340967,0.832369942,0.41221374,0.926782274,0.45505618,0.889772727,0.289325843,0.971590909,0.367977528,0.904545455,0.435393258,0.889772727,0.255617978,0.957954545
1969,0.688311688,0.861480076,0.490909091,0.944971537,0.607792208,0.876660342,0.631168831,0.861480076,0.38961039,0.950664137,0.428571429,0.883747178,0.205714286,0.971783296,0.328571429,0.904063205,0.417142857,0.883747178,0.22,0.96275395
1970,0.658031088,0.844106464,0.492227979,0.942965779,0.580310881,0.868821293,0.593264249,0.844106464,0.440414508,0.935361217,0.429824561,0.881431767,0.292397661,0.959731544,0.377192982,0.884787472,0.406432749,0.881431767,0.266081871,0.951901566
1971,0.667493797,0.84086444,0.488833747,0.94891945,0.58560794,0.860510806,0.575682382,0.84086444,0.429280397,0.950884086,0.482758621,0.856981982,0.275862069,0.963963964,0.367816092,0.886261261,0.451149425,0.856981982,0.272988506,0.953828829
1972,0.638522427,0.838649156,0.485488127,0.939962477,0.546174142,0.849906191,0.55408971,0.838649156,0.403693931,0.930581614,0.415041783,0.863169897,0.253481894,0.964652223,0.359331476,0.876852908,0.398328691,0.863169897,0.217270195,0.952109464
1973,0.654731458,0.838771593,0.47314578,0.952015355,0.560102302,0.863723608,0.588235294,0.838771593,0.391304348,0.952015355,0.451351351,0.890300231,0.286486486,0.968822171,0.394594595,0.896073903,0.435135135,0.890300231,0.278378378,0.96073903
1974,0.646753247,0.831119545,0.431168831,0.931688805,0.594805195,0.874762808,0.584415584,0.831119545,0.407792208,0.927893738,0.462908012,0.869855395,0.270029674,0.9621802,0.370919881,0.88320356,0.439169139,0.869855395,0.24925816,0.956618465
1975,0.695090439,0.864761905,0.516795866,0.946666667,0.571059432,0.872380952,0.609819121,0.864761905,0.431524548,0.948571429,0.460674157,0.879545455,0.264044944,0.960227273,0.367977528,0.893181818,0.438202247,0.879545455,0.230337079,0.952272727
1976,0.657701711,0.817097416,0.471882641,0.938369781,0.569682152,0.844930417,0.567237164,0.817097416,0.398533007,0.93638171,0.426630435,0.890552995,0.277173913,0.974654378,0.375,0.906682028,0.413043478,0.890552995,0.255434783,0.966589862
1977,0.649350649,0.850094877,0.438961039,0.922201139,0.574025974,0.882352941,0.568831169,0.850094877,0.449350649,0.941176471,0.370689655,0.876126126,0.244252874,0.954954955,0.333333333,0.89527027,0.362068966,0.876126126,0.229885057,0.954954955
1978,0.667475728,0.818,0.524271845,0.916,0.560679612,0.868,0.575242718,0.818,0.432038835,0.936,0.385057471,0.890765766,0.252873563,0.962837838,0.32183908,0.900900901,0.364942529,0.890765766,0.218390805,0.963963964
1979,0.666666667,0.832380952,0.50129199,0.92952381,0.599483204,0.857142857,0.591731266,0.832380952,0.403100775,0.944761905,0.388714734,0.86695747,0.228840125,0.957470011,0.335423197,0.882224646,0.376175549,0.86695747,0.194357367,0.949836423
1980,0.642105263,0.823308271,0.457894737,0.934210526,0.544736842,0.855263158,0.547368421,0.823308271,0.410526316,0.94924812,0.413333333,0.897793264,0.28,0.965156794,0.346666667,0.896631823,0.394666667,0.897793264,0.237333333,0.951219512
1981,0.670184697,0.849906191,0.477572559,0.939962477,0.604221636,0.87804878,0.588390501,0.849906191,0.443271768,0.941838649,0.420588235,0.907366071,0.238235294,0.975446429,0.361764706,0.915178571,0.411764706,0.907366071,0.185294118,0.972098214
1982,0.693150685,0.822669104,0.512328767,0.939670932,0.58630137,0.855575868,0.621917808,0.822669104,0.41369863,0.937842779,0.456896552,0.871621622,0.270114943,0.960585586,0.353448276,0.893018018,0.439655172,0.871621622,0.229885057,0.956081081
1983,0.651629073,0.824561404,0.45112782,0.920077973,0.611528822,0.849902534,0.576441103,0.824561404,0.403508772,0.927875244,0.453038674,0.883295195,0.312154696,0.970251716,0.350828729,0.907322654,0.422651934,0.883295195,0.254143646,0.974828375
1984,0.675461741,0.795497186,0.493403694,0.91369606,0.567282322,0.834896811,0.606860158,0.795497186,0.435356201,0.930581614,0.402234637,0.864464692,0.248603352,0.965831435,0.332402235,0.892938497,0.38547486,0.864464692,0.215083799,0.962414579
1985,0.631325301,0.837022133,0.481927711,0.931589537,0.551807229,0.847082495,0.568674699,0.837022133,0.395180723,0.939637827,0.428198433,0.9003517,0.237597911,0.968347011,0.331592689,0.916764361,0.409921671,0.9003517,0.227154047,0.970691676
1986,0.670854271,0.821011673,0.505025126,0.928015564,0.555276382,0.86770428,0.555276382,0.821011673,0.439698492,0.947470817,0.461764706,0.895089286,0.282352941,0.978794643,0.367647059,0.8984375,0.438235294,0.895089286,0.264705882,0.966517857
1987,0.68956743,0.838150289,0.51653944,0.94026975,0.582697201,0.874759152,0.595419847,0.838150289,0.442748092,0.951830443,0.37829912,0.863687151,0.237536657,0.960893855,0.316715543,0.880446927,0.375366569,0.863687151,0.217008798,0.948603352
1988,0.648,0.823091248,0.477333333,0.916201117,0.554666667,0.856610801,0.541333333,0.823091248,0.434666667,0.938547486,0.415041783,0.882554162,0.222841226,0.971493729,0.348189415,0.895096921,0.403899721,0.882554162,0.22005571,0.956670468
1989,0.636118598,0.815157116,0.495956873,0.902033272,0.530997305,0.846580407,0.579514825,0.815157116,0.393530997,0.914972274,0.43767313,0.859428571,0.249307479,0.966857143,0.340720222,0.892571429,0.40166205,0.859428571,0.249307479,0.954285714
1990,0.663101604,0.817843866,0.478609626,0.920074349,0.588235294,0.838289963,0.593582888,0.817843866,0.42513369,0.931226766,0.459302326,0.882286996,0.255813953,0.966367713,0.386627907,0.89573991,0.450581395,0.882286996,0.273255814,0.959641256
1991,0.653562654,0.84950495,0.503685504,0.934653465,0.572481572,0.857425743,0.557739558,0.84950495,0.427518428,0.940594059,0.421052632,0.872483221,0.230994152,0.963087248,0.339181287,0.889261745,0.406432749,0.872483221,0.201754386,0.957494407
1992,0.690807799,0.837251356,0.493036212,0.925858951,0.621169916,0.871609403,0.635097493,0.837251356,0.442896936,0.943942134,0.409785933,0.893289329,0.256880734,0.9669967,0.354740061,0.894389439,0.391437309,0.893289329,0.244648318,0.9559956
1993,0.718157182,0.799263352,0.506775068,0.904235727,0.596205962,0.839779006,0.620596206,0.799263352,0.417344173,0.924493554,0.411140584,0.877764843,0.25198939,0.961583236,0.347480106,0.884749709,0.400530504,0.877764843,0.24668435,0.94644936
1994,0.647783251,0.830039526,0.487684729,0.934782609,0.568965517,0.845849802,0.564039409,0.830039526,0.416256158,0.928853755,0.43315508,0.899071926,0.299465241,0.97099768,0.35026738,0.911832947,0.411764706,0.899071926,0.259358289,0.959396752
1995,0.658031088,0.80608365,0.468911917,0.912547529,0.580310881,0.838403042,0.595854922,0.80608365,0.411917098,0.923954373,0.441595442,0.874576271,0.270655271,0.961581921,0.356125356,0.884745763,0.435897436,0.874576271,0.242165242,0.953672316
1996,0.659400545,0.822018349,0.463215259,0.933944954,0.583106267,0.875229358,0.599455041,0.822018349,0.414168937,0.943119266,0.416,0.886178862,0.28,0.967479675,0.344,0.909407666,0.405333333,0.886178862,0.210666667,0.966318235
1997,0.646464646,0.848837209,0.492424242,0.92248062,0.53030303,0.874031008,0.563131313,0.848837209,0.414141414,0.916666667,0.434782609,0.864197531,0.249275362,0.957351291,0.356521739,0.892255892,0.420289855,0.864197531,0.24057971,0.951739618
1998,0.682619647,0.838834951,0.496221662,0.92815534,0.579345088,0.867961165,0.591939547,0.838834951,0.420654912,0.932038835,0.415204678,0.879194631,0.266081871,0.957494407,0.356725146,0.902684564,0.394736842,0.879194631,0.233918129,0.950782998
1999,0.638814016,0.85767098,0.471698113,0.95194085,0.544474394,0.870609982,0.574123989,0.85767098,0.398921833,0.95194085,0.420886076,0.873913043,0.272151899,0.973913043,0.351265823,0.894565217,0.414556962,0.873913043,0.221518987,0.961956522
2000,0.662087912,0.810218978,0.480769231,0.932481752,0.535714286,0.852189781,0.574175824,0.810218978,0.392857143,0.936131387,0.424068768,0.872604284,0.289398281,0.977452086,0.312320917,0.895152198,0.383954155,0.872604284,0.240687679,0.959413754
2001,0.672680412,0.849236641,0.479381443,0.935114504,0.577319588,0.864503817,0.582474227,0.849236641,0.422680412,0.940839695,0.419263456,0.8799547,0.263456091,0.970554926,0.351274788,0.890147225,0.402266289,0.8799547,0.240793201,0.950169875
