"","Sens_DR","Spec_DR","Number_recieving_MTC_care","proportion_died_before_discharge","proportion_died_between_discharge_and_1_year","Years_lived","undiscounted_QALYs","discounted_QALYs","undiscounted_Costs","discounted_Costs","proportion_ISS_over_16","proportion_ISS_over_8_under_16"
"sens_100_spec_3",0.998332406892718,0.0236800175814516,0.9783,0.02705,0.0176,32.9594959469272,26.1821632332796,13.8024229621998,62329.9953456926,35328.0367826987,0.08995,0.147
"sens_95_spec_19",0.9633129516398,0.177078182517444,0.83555,0.02715,0.0177,32.9573017701614,26.1804968060509,13.8011659602065,62277.0278630266,35278.0086357408,0.08995,0.147
"sens_90_spec_58",0.936075597554197,0.552606999615406,0.49135,0.0272,0.0177,32.9560341870324,26.1796384171944,13.8005872713473,62176.2871290266,35184.379442948,0.08995,0.147
"sens_88_spec_63",0.915508615897721,0.596835338717653,0.44925,0.0272,0.0178,32.9515878283442,26.1765070848978,13.799013516108,62116.1217552376,35150.4797669897,0.08995,0.147
"sens_75_spec_66",0.828793774319066,0.622932805889786,0.4177,0.0276,0.0178,32.9444236596543,26.1716144177383,13.795731281332,61995.7244555412,35063.3779900038,0.08995,0.147
"sens_70_spec_70",0.791550861589772,0.666391956485907,0.3748,0.02765,0.01785,32.9419931096117,26.1698854957666,13.7948095335066,61952.419309867,35032.0897170168,0.08995,0.147
"sens_64_spec_76",0.759866592551417,0.724410746662271,0.31915,0.02775,0.0179,32.9385737652462,26.1674643244485,13.7934499717212,61896.9249147057,34992.7765019314,0.08995,0.147
"sens_57_spec_80",0.712618121178432,0.761826273281688,0.28085,0.02785,0.01795,32.9377896565604,26.1669257482033,13.7929827749575,61867.7212673439,34965.3192260847,0.08995,0.147
"sens_28_spec_89",0.521400778210117,0.842096588099555,0.1906,0.0282,0.0182,32.9247770721803,26.157679321847,13.7872928678445,61669.7181536322,34822.0722748973,0.08995,0.147
