"","Sens_DR","Spec_DR","Number_recieving_MTC_care","proportion_died_before_discharge","proportion_died_between_discharge_and_1_year","Years_lived","undiscounted_QALYs","discounted_QALYs","undiscounted_Costs","discounted_Costs","proportion_ISS_over_16","proportion_ISS_over_8_under_16"
"sens_100_spec_3",0.998332406892718,0.0236800175814516,0.9783,0.04055,0.0172,32.7447831870176,26.0119130218419,13.7003121593781,61709.291624008,34926.1692504413,0.08995,0.147
"sens_95_spec_19",0.9633129516398,0.177078182517444,0.83555,0.04065,0.0173,32.7419826521311,26.0098445359586,13.6988022692818,61642.7672057265,34866.5886233295,0.08995,0.147
"sens_90_spec_58",0.936075597554197,0.552606999615406,0.49135,0.04075,0.0173,32.7396668574229,26.0082939001826,13.6977268843789,61528.2039003137,34763.6985690347,0.08995,0.147
"sens_88_spec_63",0.915508615897721,0.596835338717653,0.44925,0.04075,0.0174,32.7352204987347,26.005162567886,13.6961531291395,61468.0385265247,34729.7988930764,0.08995,0.147
"sens_75_spec_66",0.828793774319066,0.622932805889786,0.4177,0.04125,0.01745,32.7286110226162,26.0006574706989,13.693094231469,61355.5771653744,34646.474214176,0.08995,0.147
"sens_70_spec_70",0.791550861589772,0.666391956485907,0.3748,0.0413,0.0175,32.7262951458524,25.9990041045212,13.6922423750565,61314.4587932573,34617.320652457,0.08995,0.147
"sens_64_spec_76",0.759866592551417,0.724410746662271,0.31915,0.04145,0.01755,32.7220631186812,25.996029351275,13.6904761124666,61249.97186548,34572.2023244528,0.08995,0.147
"sens_57_spec_80",0.712618121178432,0.761826273281688,0.28085,0.04165,0.0176,32.7210327363153,25.995334272451,13.6898594343884,61215.5196684724,34540.660152337,0.08995,0.147
"sens_28_spec_89",0.521400778210117,0.842096588099555,0.1906,0.04225,0.0178,32.7096358733319,25.9872505959773,13.6849342548608,61028.5736596413,34406.5557112002,0.08995,0.147
